Id,Hora de inicio,Hora de finalización,Correo electrónico,Nombre,Choose your team,Have you joined the Uassist.ME team in the last six months?,How satisfied are you with the Recruitment Process?.Clear Communication,How satisfied are you with the Recruitment Process?.Steps of the process,How satisfied are you with the Recruitment Process?.Response Time,How satisfied are you with the Recruitment Process?.Customer service provided by TA,Please share your feedback on the new equipment you received.Effectiveness,Please share your feedback on the new equipment you received.Tech Support Provided (If Applicable),Please share your feedback on the new equipment you received.Response or Resolution Time,Please share your feedback on the new equipment you received.Customer Service provided by IT,Please evaluate your experience during your New Hire HR Induction?.Important   and helpful topics        ,Please evaluate your experience during your New Hire HR Induction?.Effective Communication (emails/verbal) ,Please evaluate your experience during your New Hire HR Induction?.Complete Tour of our facilities,Please evaluate your experience during your New Hire HR Induction?.Customer Service provided by People experience,Please provide feedback regarding your New Hire Training.Access to training materials,Please provide feedback regarding your New Hire Training.Quality of training content,Please provide feedback regarding your New Hire Training.Training Clarity,Please provide feedback regarding your New Hire Training.Training had the proper length ,Please provide feedback regarding your New Hire Training.Customer Service provided by L&D,Please assess the service provided by Procurement.More than one supplier option,Please assess the service provided by Procurement.Quality suppliers,Please assess the service provided by Procurement.Response or resolution time,Please assess the service provided by Procurement.Customer service provided,"Please comment on ideas you think Procurement should start, stop or continue doing:",Have you received a promotion at Uassist.ME in the last six months?,How satisfied are you with the Internal Promotions Process?.Clear Communication,How satisfied are you with the Internal Promotions Process?.Steps of the process,How satisfied are you with the Internal Promotions Process?.Response Time,How satisfied are you with the Internal Promotions Process?.Customer service provided,Have you participated in our Astronomers Program (referral program) in the last six months?,How satisfied are you with our Astronomers Program?  (referral program) .Clear Communication,How satisfied are you with our Astronomers Program?  (referral program) .Steps of the process,How satisfied are you with our Astronomers Program?  (referral program) .Response Time,How satisfied are you with our Astronomers Program?  (referral program) .Customer service provided,"Please comment on ideas you think Talent Acquisition should start, stop or continue doing:",Please assess the work equipment provided by UAM. Equipment Quality,Please assess the work equipment provided by UAM.Tech Support Provided (If Applicable),Please assess the work equipment provided by UAM.Respond or Resolution Time,Please assess the work equipment provided by UAM.Customer Service provided,Please assess the systems and tools provided by UAM.Effectiveness,Please assess the systems and tools provided by UAM.Tech Support Provided (If Applicable),Please assess the systems and tools provided by UAM.Respond or Resolution Time,Please assess the systems and tools provided by UAM.Customer Service provided,Please assess the systems and tools provided by UAM.Internet Connection,"Please comment on ideas you think IT should start, stop or continue doing:",Please assess Colabora's parking lot.Security       ,Please assess Colabora's parking lot.Quality,Please assess Colabora's parking lot.Quantity,Please assess Colabora's parking lot.Logistics,Please assess Colabora's parking lot.Chat Efficiency,Do you have any other ideas for this space?,Please assess your working space.Desk,Please assess your working space.Chairs,Please assess your working space.AC ,Please assess your working space.Power outlets ,Please assess your working space.Cleanliness,Please assess our Restrooms.Cleanliness       ,Please assess our Restrooms.Quality Toilet Paper ,Please assess our Restrooms.Quality Soap ,Please assess our Restrooms.Quality Paper towel ,Please assess our Restrooms.Trashcans ,Please assess our Restrooms.Resources availability,Please assess our Kitchenette.Chairs/Table Quality,Please assess our Kitchenette.Chairs/Table Quantity,Please assess our Kitchenette.Airflow ,Please assess our Kitchenette.Microwaves and Oven Quality,Please assess our Kitchenette.Microwaves and Oven Quantity,Please assess our Kitchenette.Fridge,Please assess our Kitchenette.Water dispenser ,Please assess our Kitchenette.Coffee Machines,Please assess our Kitchenette.Cleanliness ,Please assess our Kitchenette.Utensils/ Cupboards,Please assess our Meeting Rooms.Chairs        ,Please assess our Meeting Rooms.Table/Desks ,Please assess our Meeting Rooms.AC ,Please assess our Meeting Rooms.Whiteboards/Markers ,Please assess our Meeting Rooms.Lighting ,Please assess our Meeting Rooms.TVs/screen ,Please assess our Meeting Rooms.Audio,Have you been assigned a locker for your personal items?,Please asses the Locker you have been assigned.Location       ,Please asses the Locker you have been assigned.Quality ,Please asses the Locker you have been assigned.Size ,Please asses the Locker you have been assigned.Assignation Process,"Please comment on ideas you think Facilities should start, stop or continue doing:",How would you evaluate the process followed by finance?.Información clara y eficaz sobre la Carta de Renta,How would you evaluate the process followed by finance?.Información clara en relación con los descuentos,How would you evaluate the process followed by finance?.Información precisa y completa acerca del recálculo anual de la renta,How would you evaluate the process followed by finance?.Servicio al Cliente ,How would you evaluate the process followed by finance?.Pago de la planilla conforme al calendario,"Please comment on ideas you think Finance should start, stop or continue doing:",Have you participated in any Wellness Initiatives in the last six months?,How satisfied are you with the Wellness Activities we offer?.Effective Communication,How satisfied are you with the Wellness Activities we offer?.Registraton/Enrollment process,How satisfied are you with the Wellness Activities we offer?.Satisfaction with providers,How satisfied are you with the Wellness Activities we offer?.Customer service received from PE,PE - Select up to 3 reasons why you haven't joined wellness activities in the past 6 months.,Have you participated in any Engagement/Fun Activities in the last six months?,How satisfied are you with the Engagement Activities we offer?.Effective Communication,How satisfied are you with the Engagement Activities we offer?.Registraton/Enrollment process,How satisfied are you with the Engagement Activities we offer?.Satisfaction with providers,How satisfied are you with the Engagement Activities we offer?.Customer service received from PE,PE - Select up to 3 reasons why you haven't joined engagement activities in the past 6 months.,Have you been part of any recognition initiative in the last six months?,How satisfied are you with our recognition initiatives?.Effective Communication,How satisfied are you with our recognition initiatives?.Overall Satisfaction ,How satisfied are you with our recognition initiatives?.Customer service received from PE,Have you used any of our discounts or perks in the last six months?,Please rate your experience if you have used any of our disccounts or perks in the last 6 months.Discounts are appealing and relevant,Please rate your experience if you have used any of our disccounts or perks in the last 6 months.Brands Quality,Please rate your experience if you have used any of our disccounts or perks in the last 6 months.Easy Process,Please rate your experience if you have used any of our disccounts or perks in the last 6 months.Customer Service from Providers,Please rate your experience if you have used any of our disccounts or perks in the last 6 months.Discounts are communicated effectively,PE - Select up to 3 reasons why you haven’t used perks or discounts in the past 6 months.,"Please comment on ideas you think People Experience should start, stop or continue doing:",Have you participated in any INCAF courses within the last six months?,L&D - Select up to 3 reasons for not taking any INCAF (formerly INSAFORP) courses in the past 6 months.,Please provide feedback  if you have been a part of any INCAF Courses.Effective communication of available courses,Please provide feedback  if you have been a part of any INCAF Courses.Quality of the external courses offered,Please provide feedback  if you have been a part of any INCAF Courses.Easy enrollment process ,Please provide feedback  if you have been a part of any INCAF Courses.Customer service received from L&D,Have you participated in any internal courses in the last six months?,Please provide feedback if you have been a part of any internal Courses in the last 6 months:.Effective communication of available courses,Please provide feedback if you have been a part of any internal Courses in the last 6 months:.Quality of internal courses offered,Please provide feedback if you have been a part of any internal Courses in the last 6 months:.User-friendly platforms,Please provide feedback if you have been a part of any internal Courses in the last 6 months:.Customer service received from L&D,L&D - Select up to 3 reasons for not joining Internal Courses in the past 6 months.,"Please comment on ideas you think Learning & Development should start, stop or continue doing:",Please rate your experience with HRBP regarding certificates (constancias) over the last six months.Customer Service,Please rate your experience with HRBP regarding certificates (constancias) over the last six months.Effective Communication,Please rate your experience with HRBP regarding certificates (constancias) over the last six months.Steps of the Processes,Please rate your experience with HRBP regarding certificates (constancias) over the last six months.Process Automation (selfservice),Please rate your experience with HRBP on special permits over the last six months.Customer Service,Please rate your experience with HRBP on special permits over the last six months.Effective Communication,Please rate your experience with HRBP on special permits over the last six months.Steps of the Processes,Please rate your experience with HRBP on special permits over the last six months.Process Automation (selfservice),How would you rate your experience with HRBP regarding resignations and terminations over the last six months?.Customer Service,How would you rate your experience with HRBP regarding resignations and terminations over the last six months?.Effective Communication,How would you rate your experience with HRBP regarding resignations and terminations over the last six months?.Steps of the Processes,How would you rate your experience with HRBP regarding resignations and terminations over the last six months?.Process Automation (selfservice),"Please comment on ideas you think HRBP should start, stop or continue doing:"
3,8/17/2026 14:37,8/17/2026 14:42,anonymous,,Team Luz,,,,,,,,,,,,,,,,,,,,,,,,No,,,,,No,,,,,N/A,Neutral,Satisfied,Satisfied,Very Satisfied,Satisfied,Satisfied,Satisfied,Satisfied,Satisfied,N/A,Haven't used this service,Haven't used this service,Haven't used this service,Haven't used this service,Haven't used this service,I do not use that service I cannot provide any suggestion. ,Very Satisfied,Satisfied,Very Satisfied,Very Satisfied,Very Satisfied,Very Satisfied,Very Satisfied,Very Satisfied,Very Satisfied,Very Satisfied,Very Satisfied,Very Satisfied,Very Satisfied,Very Satisfied,Very Satisfied,Very Satisfied,Very Satisfied,Very Satisfied,Very Satisfied,Very Satisfied,Very Satisfied,Haven't used this service,Haven't used this service,Haven't used this service,Haven't used this service,Haven't used this service,Haven't used this service,Haven't used this service,No,,,,,,Very Satisfied,Very Satisfied,Very Satisfied,Haven't used this service,Very Satisfied,N/A,No,,,,,Schedule conflicts: The timing of the activities did not align with my work schedule or personal commitments.;,No,,,,,"Schedule conflicts: The timing of the activities did not alingn with my work schedule or personal commitments.;Transportation difficulties:  I had trouble finding reliable transportation during the event."";",No,,,,No,,,,,,Brands Not Attractive Enough: The brands offering discounts or perks don't appeal to my preferences or needs.;No Immediate Need: I don't have a current need for the products or services offered through the discounts and perks.;,N/A,No,"Work Priorities: My primary responsibilities take precedence, and I don’t have the time or energy to get involved in the courses.;",,,,,No,,,,,"Work Priorities: My primary responsibilities take precedence, and I don’t have the time or energy to get involved in the courses.;",N/A,Very Satisfied,Very Satisfied,Very Satisfied,Very Satisfied,Very Satisfied,Very Satisfied,Very Satisfied,Very Satisfied,Very Satisfied,Very Satisfied,Very Satisfied,Very Satisfied,Not at the moment
4,8/17/2026 14:43,8/17/2026 14:47,anonymous,,Team Alejandra Choriego,,,,,,,,,,,,,,,,,,,,,,,,No,,,,,No,,,,,na,Satisfied,Very Satisfied,Very Satisfied,Very Satisfied,Satisfied,Satisfied,Satisfied,Satisfied,Satisfied,na,Satisfied,Neutral,Neutral,Neutral,Neutral,na,Satisfied,Satisfied,Satisfied,Satisfied,Satisfied,Satisfied,Satisfied,Satisfied,Satisfied,Satisfied,Satisfied,Satisfied,Satisfied,Satisfied,Satisfied,Satisfied,Satisfied,Satisfied,Satisfied,Satisfied,Satisfied,Satisfied,Satisfied,Satisfied,Satisfied,Satisfied,Satisfied,Satisfied,No,,,,,,Satisfied,Satisfied,Satisfied,Satisfied,Satisfied,na,No,,,,,Schedule conflicts: The timing of the activities did not align with my work schedule or personal commitments.;,No,,,,,Schedule conflicts: The timing of the activities did not alingn with my work schedule or personal commitments.;,No,,,,No,,,,,,Brands Not Attractive Enough: The brands offering discounts or perks don't appeal to my preferences or needs.;,na,No,"Lack of Interest: I don’t find the course engaging or relevant to my role.;Lack of Communication: I was not aware of this benefit, so I was unable to participate.;",,,,,No,,,,,Lack of Communication: I was not aware of the internal courses available.;,na,Satisfied,Satisfied,Satisfied,Satisfied,Satisfied,Satisfied,Satisfied,Satisfied,Satisfied,Satisfied,Satisfied,Satisfied,na
5,8/17/2026 14:37,8/17/2026 14:48,anonymous,,Team Benjamin,,,,,,,,,,,,,,,,,,,,,,,,No,,,,,No,,,,,NA,Neutral,Neutral,Dissatisfied,Neutral,Satisfied,Neutral,Satisfied,Neutral,Very Satisfied,Improve responsiveness,Very Satisfied,Satisfied,Satisfied,Satisfied,Satisfied,No,Very Satisfied,Dissatisfied,Very Satisfied,Satisfied,Very Satisfied,Very Satisfied,Very Satisfied,Very Satisfied,Very Satisfied,Very Satisfied,Very Satisfied,Very Satisfied,Very Satisfied,Very Satisfied,Very Satisfied,Very Satisfied,Very Satisfied,Very Satisfied,Very Satisfied,Very Satisfied,Very Satisfied,Satisfied,Satisfied,Very Satisfied,Satisfied,Satisfied,Very Satisfied,Very Satisfied,No,,,,,,Satisfied,Satisfied,Neutral,Dissatisfied,Satisfied,NA,No,,,,,Schedule conflicts: The timing of the activities did not align with my work schedule or personal commitments.;,No,,,,,"Workload and priorities: I had heavy workloads or pressing deadlines that prevented me from participating.;Transportation difficulties:  I had trouble finding reliable transportation during the event."";",Yes,Satisfied,Neutral,Neutral,No,,,,,,No Immediate Need: I don't have a current need for the products or services offered through the discounts and perks.;Brands Not Attractive Enough: The brands offering discounts or perks don't appeal to my preferences or needs.;,NA,No,"Lack of Communication: I was not aware of this benefit, so I was unable to participate.;",,,,,Yes,Satisfied,Satisfied,Satisfied,Neutral,,NA,Neutral,Neutral,Neutral,Neutral,Satisfied,Satisfied,Satisfied,Very Satisfied,Haven't used this service,Haven't used this service,Haven't used this service,Haven't used this service,NA
6,8/17/2026 14:48,8/17/2026 14:52,anonymous,,Team Alejandra Choriego,,,,,,,,,,,,,,,,,,,,,,,,No,,,,,Yes,Strongly Dissatisfied,Strongly Dissatisfied,Strongly Dissatisfied,Strongly Dissatisfied,na,Neutral,Neutral,Neutral,Neutral,Neutral,Neutral,Neutral,Neutral,Neutral,na,Neutral,Neutral,Neutral,Neutral,Neutral,NA,Neutral,Neutral,Neutral,Neutral,Neutral,Neutral,Neutral,Neutral,Neutral,Neutral,Neutral,Neutral,Neutral,Neutral,Neutral,Neutral,Neutral,Neutral,Neutral,Neutral,Neutral,Satisfied,Satisfied,Satisfied,Satisfied,Satisfied,Satisfied,Satisfied,No,,,,,,Dissatisfied,Dissatisfied,Dissatisfied,Dissatisfied,Dissatisfied,NA,No,,,,,Schedule conflicts: The timing of the activities did not align with my work schedule or personal commitments.;,No,,,,,"Schedule conflicts: The timing of the activities did not alingn with my work schedule or personal commitments.;Transportation difficulties:  I had trouble finding reliable transportation during the event."";",No,,,,No,,,,,,Brands Not Attractive Enough: The brands offering discounts or perks don't appeal to my preferences or needs.;,NA,No,"No Recognition or Incentives: I believe there’s no tangible reward for completing the course.;Lack of Communication: I was not aware of this benefit, so I was unable to participate.;",,,,,No,,,,,Lack of Communication: I was not aware of the internal courses available.;Difficult Enrollment Process: I find signing up for the course is complicated;,NA,Neutral,Neutral,Neutral,Neutral,Neutral,Neutral,Neutral,Neutral,Neutral,Neutral,Neutral,Neutral,NA
7,8/17/2026 14:46,8/17/2026 14:53,anonymous,,Team Alejandra Choriego,,,,,,,,,,,,,,,,,,,,,,,,No,,,,,No,,,,,I don’t have any specific suggestions at this time,Satisfied,Satisfied,Very Satisfied,Very Satisfied,Very Satisfied,Very Satisfied,Very Satisfied,Very Satisfied,Very Satisfied,"They should have more people available, because many times when we go to the office, there is only one person available and they get overwhelmed.",Very Satisfied,Very Satisfied,Very Satisfied,Very Satisfied,Very Satisfied,n/a,Very Satisfied,Satisfied,Very Satisfied,Satisfied,Very Satisfied,Very Satisfied,Very Satisfied,Very Satisfied,Very Satisfied,Very Satisfied,Very Satisfied,Very Satisfied,Very Satisfied,Very Satisfied,Very Satisfied,Very Satisfied,Very Satisfied,Very Satisfied,Very Satisfied,Very Satisfied,Very Satisfied,Satisfied,Very Satisfied,Very Satisfied,Very Satisfied,Very Satisfied,Very Satisfied,Haven't used this service,No,,,,,,Very Satisfied,Very Satisfied,Very Satisfied,Very Satisfied,Very Satisfied,n/a,Yes,Very Satisfied,Very Satisfied,Very Satisfied,Very Satisfied,,Yes,Very Satisfied,Very Satisfied,Very Satisfied,Very Satisfied,,Yes,Very Satisfied,Very Satisfied,Very Satisfied,No,,,,,,Forgetfulness: I simply forgot about the available discounts and perks.;,n/a,No,"Work Priorities: My primary responsibilities take precedence, and I don’t have the time or energy to get involved in the courses.;",,,,,No,,,,,"Work Priorities: My primary responsibilities take precedence, and I don’t have the time or energy to get involved in the courses.;",n/a,Very Satisfied,Very Satisfied,Very Satisfied,Very Satisfied,Very Satisfied,Very Satisfied,Very Satisfied,Very Satisfied,Very Satisfied,Very Satisfied,Very Satisfied,Very Satisfied,n/a
8,8/17/2026 14:48,8/17/2026 14:54,anonymous,,Team Alejandra Choriego,,,,,,,,,,,,,,,,,,,,,,,,No,,,,,Yes,Very Satisfied,Very Satisfied,Very Satisfied,Very Satisfied,NA,Satisfied,Very Satisfied,Very Satisfied,Very Satisfied,Very Satisfied,Very Satisfied,Very Satisfied,Very Satisfied,Very Satisfied,NA,Haven't used this service,Haven't used this service,Haven't used this service,Haven't used this service,Haven't used this service,NA,Very Satisfied,Very Satisfied,Very Satisfied,Satisfied,Very Satisfied,Very Satisfied,Very Satisfied,Very Satisfied,Very Satisfied,Very Satisfied,Very Satisfied,Very Satisfied,Very Satisfied,Very Satisfied,Very Satisfied,Very Satisfied,Very Satisfied,Very Satisfied,Very Satisfied,Very Satisfied,Very Satisfied,Very Satisfied,Very Satisfied,Very Satisfied,Very Satisfied,Very Satisfied,Very Satisfied,Very Satisfied,No,,,,,,Very Satisfied,Very Satisfied,Very Satisfied,Very Satisfied,Very Satisfied,NA,No,,,,,Workload and priorities: I had heavy workloads or pressing deadlines that prevented me from participating.;Transportation difficulties:  I had trouble finding reliable transportation during the event.;,No,,,,,"Workload and priorities: I had heavy workloads or pressing deadlines that prevented me from participating.;Transportation difficulties:  I had trouble finding reliable transportation during the event."";",Yes,Satisfied,Satisfied,Satisfied,No,,,,,,Forgetfulness: I simply forgot about the available discounts and perks.;Lack of Knowledge: I was unaware of the discounts available with these stakeholders.;,NA,No,"Work Priorities: My primary responsibilities take precedence, and I don’t have the time or energy to get involved in the courses.;",,,,,No,,,,,"Work Priorities: My primary responsibilities take precedence, and I don’t have the time or energy to get involved in the courses.;",NA,Haven't used this service,Haven't used this service,Haven't used this service,Haven't used this service,Very Satisfied,Very Satisfied,Very Satisfied,Very Satisfied,Very Satisfied,Very Satisfied,Very Satisfied,Very Satisfied,NA
9,8/17/2026 14:42,8/17/2026 14:54,anonymous,,Team Steffany,,,,,,,,,,,,,,,,,,,,,,,,No,,,,,Yes,Satisfied,Neutral,Very Satisfied,Satisfied,Everything's fine :),Very Satisfied,Very Satisfied,Satisfied,Satisfied,Neutral,Satisfied,Satisfied,Neutral,Satisfied,No comment,Satisfied,Neutral,Neutral,Dissatisfied,Dissatisfied,"Improve the time people take to move their cars. If they are gonna leave the building with someone else or have a meeting/call, try to give your keys to someone else so they can help move your car.",Satisfied,Satisfied,Satisfied,Satisfied,Satisfied,Very Satisfied,Very Satisfied,Very Satisfied,Very Satisfied,Very Satisfied,Very Satisfied,Neutral,Neutral,Satisfied,Satisfied,Satisfied,Very Satisfied,Very Satisfied,Very Satisfied,Very Satisfied,Neutral,Satisfied,Satisfied,Very Satisfied,Satisfied,Satisfied,Satisfied,Satisfied,No,,,,,,Haven't used this service,Neutral,Haven't used this service,Haven't used this service,Very Satisfied,No comments,No,,,,,Schedule conflicts: The timing of the activities did not align with my work schedule or personal commitments.;,Yes,Satisfied,Satisfied,Satisfied,Satisfied,,Yes,Satisfied,Satisfied,Satisfied,Yes,Satisfied,Very Satisfied,Satisfied,Satisfied,Satisfied,,"The app used to book nutrition checks does not work for me, that's why I can't book any session ",No,Lack of Interest: I don’t find the course engaging or relevant to my role.;,,,,,Yes,Neutral,Neutral,Neutral,Neutral,,No comments,Satisfied,Satisfied,Satisfied,Satisfied,Satisfied,Satisfied,Satisfied,Satisfied,Satisfied,Satisfied,Satisfied,Satisfied,No comments
10,8/17/2026 14:43,8/17/2026 14:55,anonymous,,Team Alejandra Choriego,,,,,,,,,,,,,,,,,,,,,,,,No,,,,,No,,,,,Increase opportunities for learning! Such as the real estate academy or the INCAF courses,Dissatisfied,Neutral,Dissatisfied,Neutral,Neutral,Satisfied,Satisfied,Satisfied,Neutral,"Provide full time availability. Sometimes IT problems surge when the IT team is already off work, and as a staff member you have to wait until the next business day to have the issue fixed",Neutral,Neutral,Neutral,Neutral,Neutral,No,Neutral,Very Dissatisfied,Dissatisfied,Neutral,Neutral,Neutral,Dissatisfied,Neutral,Neutral,Neutral,Dissatisfied,Satisfied,Satisfied,Dissatisfied,Satisfied,Satisfied,Satisfied,Satisfied,Neutral,Satisfied,Neutral,Satisfied,Satisfied,Satisfied,Neutral,Satisfied,Neutral,Neutral,No,,,,,,Dissatisfied,Dissatisfied,Dissatisfied,Satisfied,Satisfied,Better communication with the staff members,Yes,Satisfied,Satisfied,Satisfied,Very Satisfied,,Yes,Satisfied,Satisfied,Satisfied,Satisfied,,No,,,,Yes,Satisfied,Satisfied,Dissatisfied,Satisfied,Dissatisfied,,N/A,No,"Work Priorities: My primary responsibilities take precedence, and I don’t have the time or energy to get involved in the courses.;No Recognition or Incentives: I believe there’s no tangible reward for completing the course.;",,,,,Yes,Neutral,Dissatisfied,Neutral,Dissatisfied,,Better enrollment process,Neutral,Neutral,Neutral,Neutral,Dissatisfied,Dissatisfied,Dissatisfied,Dissatisfied,Neutral,Neutral,Neutral,Neutral,Better follow up with comp days
11,8/17/2026 14:49,8/17/2026 14:55,anonymous,,Team Jocelyn,,,,,,,,,,,,,,,,,,,,,,,,Yes,Neutral,Satisfied,Very Satisfied,Very Satisfied,No,,,,,continue to promote open positions,Strongly Dissatisfied,Neutral,Dissatisfied,Dissatisfied,Dissatisfied,Neutral,Dissatisfied,Neutral,Neutral,improve resolutions and adequate equipment to work,Satisfied,Dissatisfied,Very Dissatisfied,Very Dissatisfied,Dissatisfied,count available spots versus the team cars who will be visiting the site,Neutral,Dissatisfied,Satisfied,Neutral,Very Satisfied,Very Satisfied,Very Satisfied,Very Satisfied,Very Satisfied,Very Satisfied,Very Satisfied,Very Satisfied,Very Satisfied,Neutral,Satisfied,Satisfied,Satisfied,Satisfied,Very Satisfied,Very Satisfied,Very Satisfied,Neutral,Satisfied,Satisfied,Dissatisfied,Satisfied,Very Satisfied,Very Satisfied,No,,,,,,Satisfied,Satisfied,Satisfied,Satisfied,Satisfied,create an info hub where anyone have access to,No,,,,,Schedule conflicts: The timing of the activities did not align with my work schedule or personal commitments.;Transportation difficulties:  I had trouble finding reliable transportation during the event.;Workload and priorities: I had heavy workloads or pressing deadlines that prevented me from participating.;,No,,,,,"Schedule conflicts: The timing of the activities did not alingn with my work schedule or personal commitments.;Transportation difficulties:  I had trouble finding reliable transportation during the event."";Workload and priorities: I had heavy workloads or pressing deadlines that prevented me from participating.;",No,,,,Yes,Neutral,Neutral,Satisfied,Neutral,Neutral,,continue with brands discounts,No,"Work Priorities: My primary responsibilities take precedence, and I don’t have the time or energy to get involved in the courses.;Lack of Interest: I don’t find the course engaging or relevant to my role.;No Recognition or Incentives: I believe there’s no tangible reward for completing the course.;",,,,,Yes,Neutral,Neutral,Satisfied,Neutral,,more licences,Dissatisfied,Dissatisfied,Neutral,Strongly Dissatisfied,Neutral,Neutral,Dissatisfied,Strongly Dissatisfied,Neutral,Neutral,Neutral,Neutral,self service in regards salary certificates
12,8/17/2026 14:48,8/17/2026 14:57,anonymous,,Team Alejandra Choriego,,,,,,,,,,,,,,,,,,,,,,,,Yes,Satisfied,Satisfied,Satisfied,Satisfied,Yes,Satisfied,Satisfied,Satisfied,Satisfied,N/A,Satisfied,Very Satisfied,Very Satisfied,Very Satisfied,Satisfied,Satisfied,Satisfied,Satisfied,Satisfied,N/A,Haven't used this service,Haven't used this service,Haven't used this service,Haven't used this service,Haven't used this service,N/A,Satisfied,Neutral,Satisfied,Satisfied,Very Satisfied,Satisfied,Satisfied,Satisfied,Satisfied,Satisfied,Satisfied,Satisfied,Satisfied,Satisfied,Satisfied,Satisfied,Satisfied,Satisfied,Satisfied,Satisfied,Satisfied,Satisfied,Very Satisfied,Very Satisfied,Very Satisfied,Very Satisfied,Very Satisfied,Very Satisfied,No,,,,,,Very Satisfied,Neutral,Satisfied,Satisfied,Very Satisfied,N/A,No,,,,,Workload and priorities: I had heavy workloads or pressing deadlines that prevented me from participating.;Lack of interest: The engagement activities did not appeal to my personal interes or preferences.;Transportation difficulties:  I had trouble finding reliable transportation during the event.;,No,,,,,Schedule conflicts: The timing of the activities did not alingn with my work schedule or personal commitments.;Workload and priorities: I had heavy workloads or pressing deadlines that prevented me from participating.;Lack of interest: The engagement activities did not appeal to my personal interes or preferences.;,No,,,,No,,,,,,Forgetfulness: I simply forgot about the available discounts and perks.;No Immediate Need: I don't have a current need for the products or services offered through the discounts and perks.;Lack of Interest: The discounts and perks do not align with my personal interests or preferences.;,N/A,No,"Work Priorities: My primary responsibilities take precedence, and I don’t have the time or energy to get involved in the courses.;Lack of Interest: I don’t find the course engaging or relevant to my role.;No Recognition or Incentives: I believe there’s no tangible reward for completing the course.;",,,,,No,,,,,"Lack of Interest: I don’t find the course engaging or relevant to my role.;Work Priorities: My primary responsibilities take precedence, and I don’t have the time or energy to get involved in the courses.;",N/A,Haven't used this service,Haven't used this service,Haven't used this service,Haven't used this service,Haven't used this service,Haven't used this service,Haven't used this service,Haven't used this service,Haven't used this service,Haven't used this service,Haven't used this service,Haven't used this service,N/A
13,8/17/2026 14:51,8/17/2026 15:00,anonymous,,Team Benjamin,,,,,,,,,,,,,,,,,,,,,,,,No,,,,,No,,,,,The referral Bonus ,Very Satisfied,Neutral,Dissatisfied,Satisfied,Very Satisfied,Satisfied,Dissatisfied,Very Satisfied,Very Satisfied,Try to have a better response time ,Haven't used this service,Haven't used this service,Haven't used this service,Haven't used this service,Haven't used this service,I dont use this service ,Very Satisfied,Neutral,Very Satisfied,Very Satisfied,Very Satisfied,Very Satisfied,Very Satisfied,Very Satisfied,Very Satisfied,Very Satisfied,Very Satisfied,Very Satisfied,Very Satisfied,Very Satisfied,Very Satisfied,Very Satisfied,Very Satisfied,Very Satisfied,Very Satisfied,Very Satisfied,Very Satisfied,Satisfied,Satisfied,Satisfied,Satisfied,Satisfied,Satisfied,Satisfied,No,,,,,,Very Satisfied,Very Satisfied,Very Satisfied,Very Satisfied,Very Satisfied,All is working good,No,,,,,Schedule conflicts: The timing of the activities did not align with my work schedule or personal commitments.;Transportation difficulties:  I had trouble finding reliable transportation during the event.;Lack of interest: The engagement activities did not appeal to my personal interes or preferences.;,Yes,Very Satisfied,Very Satisfied,Very Satisfied,Very Satisfied,,No,,,,No,,,,,,No Immediate Need: I don't have a current need for the products or services offered through the discounts and perks.;Forgetfulness: I simply forgot about the available discounts and perks.;Brands Not Attractive Enough: The brands offering discounts or perks don't appeal to my preferences or needs.;,n/a,No,"Lack of Interest: I don’t find the course engaging or relevant to my role.;Work Priorities: My primary responsibilities take precedence, and I don’t have the time or energy to get involved in the courses.;",,,,,No,,,,,"Work Priorities: My primary responsibilities take precedence, and I don’t have the time or energy to get involved in the courses.;",n/a,Very Satisfied,Very Satisfied,Very Satisfied,Very Satisfied,Very Satisfied,Very Satisfied,Very Satisfied,Very Satisfied,Very Satisfied,Very Satisfied,Very Satisfied,Very Satisfied,n/a
14,8/17/2026 14:53,8/17/2026 15:01,anonymous,,Team Benjamin,,,,,,,,,,,,,,,,,,,,,,,,No,,,,,No,,,,,continue with the Astronomers Program,Satisfied,Neutral,Neutral,Neutral,Satisfied,Neutral,Dissatisfied,Dissatisfied,Dissatisfied,stop refering  the tickets to others ,Very Satisfied,Very Satisfied,Neutral,Satisfied,Very Satisfied,no,Satisfied,Satisfied,Satisfied,Satisfied,Satisfied,Satisfied,Satisfied,Satisfied,Satisfied,Satisfied,Satisfied,Satisfied,Satisfied,Satisfied,Satisfied,Satisfied,Satisfied,Satisfied,Satisfied,Satisfied,Satisfied,Very Satisfied,Very Satisfied,Very Satisfied,Very Satisfied,Very Satisfied,Very Satisfied,Very Satisfied,No,,,,,,Neutral,Neutral,Neutral,Haven't used this service,Satisfied,continuar a dar mas informacion clara de descuentos ,No,,,,,Lack of interest: The engagement activities did not appeal to my personal interes or preferences.;,No,,,,,Lack of interest: The engagement activities did not appeal to my personal interes or preferences.;,No,,,,No,,,,,,Forgetfulness: I simply forgot about the available discounts and perks.;,Continue giving perks of discount,No,Lack of Interest: I don’t find the course engaging or relevant to my role.;,,,,,Yes,Very Satisfied,Very Satisfied,Very Satisfied,Very Satisfied,,Continue giving internal courses,Very Satisfied,Very Satisfied,Very Satisfied,Very Satisfied,Very Satisfied,Very Satisfied,Very Satisfied,Very Satisfied,Very Satisfied,Very Satisfied,Very Satisfied,Very Satisfied,continue doing a great job
15,8/17/2026 14:51,8/17/2026 15:03,anonymous,,Team Benjamin,,,,,,,,,,,,,,,,,,,,,,,,No,,,,,Yes,Strongly Dissatisfied,Strongly Dissatisfied,Strongly Dissatisfied,Strongly Dissatisfied,No contactan al referido y solo cierran el ticket con el comentario que la persona no respondio,Strongly Dissatisfied,Strongly Dissatisfied,Strongly Dissatisfied,Strongly Dissatisfied,Strongly Dissatisfied,Strongly Dissatisfied,Strongly Dissatisfied,Strongly Dissatisfied,Strongly Dissatisfied,"IT se tarda una vida en responder, no dan el soporte adecuado, siguen usando sistemas piratas, computadoras viejas y refurbished que se danan facilmente y el internet de la oficina es lo que le sigue a malisimo, inestable a veces uno trabaja mejor usando sus datos como hotspot",Dissatisfied,Very Dissatisfied,Very Dissatisfied,Very Dissatisfied,Very Dissatisfied,"Es el peor sistema de parqueo, no hay suficientes espacios, nunca hay nadie para coordinar espacios y se enojan que parqueen en otras areas, pero uno con tal de llegar a tiempo busca parquearse y luego moverlo",Very Dissatisfied,Very Dissatisfied,Very Dissatisfied,Very Dissatisfied,Satisfied,Satisfied,Satisfied,Satisfied,Satisfied,Satisfied,Satisfied,Satisfied,Satisfied,Neutral,Satisfied,Satisfied,Satisfied,Neutral,Neutral,Satisfied,Satisfied,Neutral,Satisfied,Satisfied,Neutral,Neutral,Satisfied,Neutral,No,,,,,,Satisfied,Satisfied,Satisfied,Satisfied,Dissatisfied,Hemos tenido quincenas que han pagado al dia siguiente del calendario de pago,Yes,Neutral,Satisfied,Neutral,Neutral,,Yes,Dissatisfied,Neutral,Neutral,Dissatisfied,,Yes,Neutral,Neutral,Neutral,No,,,,,,Lack of Interest: The discounts and perks do not align with my personal interests or preferences.;Brands Not Attractive Enough: The brands offering discounts or perks don't appeal to my preferences or needs.;Lack of Knowledge: I was unaware of the discounts available with these stakeholders.;,Mejores proveedores y descuentos,No,"Work Priorities: My primary responsibilities take precedence, and I don’t have the time or energy to get involved in the courses.;No Recognition or Incentives: I believe there’s no tangible reward for completing the course.;Lack of Communication: I was not aware of this benefit, so I was unable to participate.;",,,,,Yes,Dissatisfied,Dissatisfied,Dissatisfied,Strongly Dissatisfied,,"La encargada parece molesta, no muestra un interes real y hasta se siente pesada",Neutral,Neutral,Neutral,Neutral,Neutral,Neutral,Neutral,Neutral,Haven't used this service,Haven't used this service,Haven't used this service,Haven't used this service,Lo mismo que L&D
16,8/17/2026 14:52,8/17/2026 15:08,anonymous,,Team Alejandra Choriego,,,,,,,,,,,,,,,,,,,,,,,,Yes,Satisfied,Satisfied,Satisfied,Satisfied,No,,,,,Sometimes is better if we can receive infromation about our referee instead us asking how the process is going.,Satisfied,Neutral,Satisfied,Satisfied,Satisfied,Neutral,Satisfied,Satisfied,Satisfied,.,Very Satisfied,Satisfied,Neutral,Neutral,Very Satisfied,.,Satisfied,Satisfied,Very Satisfied,Satisfied,Very Satisfied,Very Satisfied,Very Satisfied,Very Satisfied,Very Satisfied,Very Satisfied,Very Satisfied,Satisfied,Satisfied,Satisfied,Satisfied,Satisfied,Satisfied,Satisfied,Neutral,Satisfied,Satisfied,Satisfied,Satisfied,Satisfied,Satisfied,Satisfied,Satisfied,Satisfied,No,,,,,,Satisfied,Neutral,Neutral,Satisfied,Satisfied,.,No,,,,,Schedule conflicts: The timing of the activities did not align with my work schedule or personal commitments.;Transportation difficulties:  I had trouble finding reliable transportation during the event.;,No,,,,,"Schedule conflicts: The timing of the activities did not alingn with my work schedule or personal commitments.;Transportation difficulties:  I had trouble finding reliable transportation during the event."";",Yes,Very Satisfied,Very Satisfied,Very Satisfied,No,,,,,,No Immediate Need: I don't have a current need for the products or services offered through the discounts and perks.;Forgetfulness: I simply forgot about the available discounts and perks.;,.,Yes,,Satisfied,Satisfied,Satisfied,Satisfied,Yes,Satisfied,Satisfied,Satisfied,Satisfied,,.,Very Satisfied,Very Satisfied,Very Satisfied,Very Satisfied,Very Satisfied,Very Satisfied,Very Satisfied,Very Satisfied,Very Satisfied,Very Satisfied,Very Satisfied,Very Satisfied,.
17,8/17/2026 15:07,8/17/2026 15:11,anonymous,,Team Harold,,,,,,,,,,,,,,,,,,,,,,,,No,,,,,No,,,,,na,Neutral,Very Satisfied,Very Satisfied,Very Satisfied,Very Satisfied,Very Satisfied,Very Satisfied,Very Satisfied,Very Satisfied,na,Very Satisfied,Very Satisfied,Very Satisfied,Very Satisfied,Very Satisfied,na,Very Satisfied,Very Satisfied,Very Satisfied,Very Satisfied,Very Satisfied,Very Satisfied,Very Satisfied,Very Satisfied,Very Satisfied,Very Satisfied,Very Satisfied,Very Satisfied,Very Satisfied,Very Satisfied,Very Satisfied,Very Satisfied,Very Satisfied,Very Satisfied,Very Satisfied,Very Satisfied,Very Satisfied,Very Satisfied,Very Satisfied,Very Satisfied,Very Satisfied,Very Satisfied,Very Satisfied,Very Satisfied,No,,,,,,Neutral,Neutral,Neutral,Very Satisfied,Very Satisfied,na,Yes,Satisfied,Satisfied,Satisfied,Satisfied,,Yes,Very Satisfied,Very Satisfied,Very Satisfied,Very Satisfied,,No,,,,No,,,,,,No Immediate Need: I don't have a current need for the products or services offered through the discounts and perks.;,na,No,"Work Priorities: My primary responsibilities take precedence, and I don’t have the time or energy to get involved in the courses.;",,,,,No,,,,,"Work Priorities: My primary responsibilities take precedence, and I don’t have the time or energy to get involved in the courses.;",na,Neutral,Neutral,Neutral,Neutral,Very Satisfied,Very Satisfied,Very Satisfied,Very Satisfied,Very Satisfied,Very Satisfied,Very Satisfied,Very Satisfied,na
18,8/17/2026 15:07,8/17/2026 15:13,anonymous,,Team Benjamin,,,,,,,,,,,,,,,,,,,,,,,,Yes,Very Satisfied,Very Satisfied,Very Satisfied,Very Satisfied,No,,,,,no ideas at the moment,Satisfied,Very Satisfied,Haven't used this service,Very Satisfied,Satisfied,Very Satisfied,Very Satisfied,Very Satisfied,Very Satisfied,n/a,Haven't used this service,Haven't used this service,Haven't used this service,Haven't used this service,Haven't used this service,no,Very Satisfied,Very Satisfied,Very Satisfied,Very Satisfied,Very Satisfied,Very Satisfied,Very Satisfied,Very Satisfied,Very Satisfied,Very Satisfied,Very Satisfied,Very Satisfied,Very Satisfied,Very Satisfied,Very Satisfied,Very Satisfied,Very Satisfied,Very Satisfied,Very Satisfied,Very Satisfied,Very Satisfied,Very Satisfied,Very Satisfied,Very Satisfied,Very Satisfied,Very Satisfied,Very Satisfied,Very Satisfied,No,,,,,,Very Satisfied,Very Satisfied,Very Satisfied,Very Satisfied,Very Satisfied,n/a,No,,,,,Transportation difficulties:  I had trouble finding reliable transportation during the event.;,No,,,,,Lack of Awareness: I was unaware of the engagement activities taking place during this time period.;,No,,,,No,,,,,,No Immediate Need: I don't have a current need for the products or services offered through the discounts and perks.;,n/a,No,"Work Priorities: My primary responsibilities take precedence, and I don’t have the time or energy to get involved in the courses.;",,,,,No,,,,,"Lack of Communication: I was not aware of the internal courses available.;Work Priorities: My primary responsibilities take precedence, and I don’t have the time or energy to get involved in the courses.;",n/a,Very Satisfied,Very Satisfied,Very Satisfied,Very Satisfied,Very Satisfied,Very Satisfied,Very Satisfied,Very Satisfied,Very Satisfied,Very Satisfied,Very Satisfied,Very Satisfied,n/a
19,8/17/2026 15:05,8/17/2026 15:15,anonymous,,Team Alejandra Choriego,,,,,,,,,,,,,,,,,,,,,,,,No,,,,,Yes,Strongly Dissatisfied,Strongly Dissatisfied,Strongly Dissatisfied,Strongly Dissatisfied,"Be transparent with the process, looks like there are some preferences",Strongly Dissatisfied,Neutral,Neutral,Dissatisfied,Neutral,Neutral,Neutral,Neutral,Neutral,"We need new equipments, including batteries ",Satisfied,Satisfied,Dissatisfied,Neutral,Very Dissatisfied,"People that go to office every single day should have they own parking lot and avoid to be looking for the car owners, sometime takes to much time to find the owner",Neutral,Dissatisfied,Neutral,Very Dissatisfied,Satisfied,Satisfied,Satisfied,Satisfied,Satisfied,Satisfied,Satisfied,Satisfied,Satisfied,Satisfied,Satisfied,Satisfied,Satisfied,Satisfied,Satisfied,Satisfied,Satisfied,Dissatisfied,Neutral,Neutral,Neutral,Neutral,Neutral,Neutral,No,,,,,,Satisfied,Satisfied,Satisfied,Dissatisfied,Satisfied,continue,No,,,,,Workload and priorities: I had heavy workloads or pressing deadlines that prevented me from participating.;,No,,,,,Schedule conflicts: The timing of the activities did not alingn with my work schedule or personal commitments.;Workload and priorities: I had heavy workloads or pressing deadlines that prevented me from participating.;,No,,,,No,,,,,,Brands Not Attractive Enough: The brands offering discounts or perks don't appeal to my preferences or needs.;No Immediate Need: I don't have a current need for the products or services offered through the discounts and perks.;,Discounts in Starbucks or Llaollao,No,"Work Priorities: My primary responsibilities take precedence, and I don’t have the time or energy to get involved in the courses.;No Recognition or Incentives: I believe there’s no tangible reward for completing the course.;",,,,,No,,,,,"Work Priorities: My primary responsibilities take precedence, and I don’t have the time or energy to get involved in the courses.;",Continue doing,Neutral,Neutral,Dissatisfied,Neutral,Neutral,Neutral,Neutral,Neutral,Neutral,Neutral,Neutral,Neutral,N/A
20,8/17/2026 15:02,8/17/2026 15:16,anonymous,,Team Jorge,,,,,,,,,,,,,,,,,,,,,,,,No,,,,,No,,,,,"I'm not sure what the Talent Acquisition team does :(, but in case they are in charge of recruiting people, they should contact them as soon as possible.",Satisfied,Very Satisfied,Satisfied,Very Satisfied,Satisfied,Satisfied,Satisfied,Satisfied,Very Satisfied,Check our equipments every three months. ,Satisfied,Satisfied,Neutral,Satisfied,Haven't used this service,I don't like the sound of the wheels when on the pavement.,Very Satisfied,Satisfied,Very Satisfied,Neutral,Very Satisfied,Very Satisfied,Very Satisfied,Very Satisfied,Very Satisfied,Very Satisfied,Very Satisfied,Very Satisfied,Very Satisfied,Very Satisfied,Very Satisfied,Very Satisfied,Very Satisfied,Very Satisfied,Very Satisfied,Very Satisfied,Very Satisfied,Very Satisfied,Very Satisfied,Very Satisfied,Very Satisfied,Very Satisfied,Very Satisfied,Very Satisfied,No,,,,,,Very Satisfied,Very Satisfied,Satisfied,Very Satisfied,Very Satisfied,They're doing great!,No,,,,,Lack of interest: The engagement activities did not appeal to my personal interes or preferences.;,Yes,Very Satisfied,Very Satisfied,Very Satisfied,Very Satisfied,,Yes,Very Satisfied,Very Satisfied,Very Satisfied,No,,,,,,Lack of Interest: The discounts and perks do not align with my personal interests or preferences.;No Immediate Need: I don't have a current need for the products or services offered through the discounts and perks.;Forgetfulness: I simply forgot about the available discounts and perks.;,Monthly reminders about what's available.,No,No Recognition or Incentives: I believe there’s no tangible reward for completing the course.;Lack of Interest: I don’t find the course engaging or relevant to my role.;,,,,,No,,,,,"Work Priorities: My primary responsibilities take precedence, and I don’t have the time or energy to get involved in the courses.;",Reminders of the courses available,Haven't used this service,Haven't used this service,Haven't used this service,Haven't used this service,Satisfied,Satisfied,Satisfied,Satisfied,Haven't used this service,Haven't used this service,Haven't used this service,Haven't used this service,They're doing great!
21,8/17/2026 15:12,8/17/2026 15:17,anonymous,,Team Benjamin,,,,,,,,,,,,,,,,,,,,,,,,No,,,,,No,,,,,I think that TA can provide follow up on applications that are pending long time ago to let the people know that still looking for a client for them ,Strongly Dissatisfied,Strongly Dissatisfied,Strongly Dissatisfied,Strongly Dissatisfied,Strongly Dissatisfied,Strongly Dissatisfied,Strongly Dissatisfied,Strongly Dissatisfied,Strongly Dissatisfied,All good,Very Dissatisfied,Very Dissatisfied,Very Dissatisfied,Very Dissatisfied,Very Dissatisfied,None,Very Dissatisfied,Very Dissatisfied,Very Dissatisfied,Very Dissatisfied,Very Dissatisfied,Very Dissatisfied,Very Dissatisfied,Very Dissatisfied,Very Dissatisfied,Very Dissatisfied,Very Dissatisfied,Very Dissatisfied,Very Dissatisfied,Very Dissatisfied,Very Dissatisfied,Very Dissatisfied,Very Dissatisfied,Very Dissatisfied,Very Dissatisfied,Very Dissatisfied,Very Dissatisfied,Very Dissatisfied,Very Dissatisfied,Very Dissatisfied,Very Dissatisfied,Very Dissatisfied,Very Dissatisfied,Very Dissatisfied,No,,,,,,Very Dissatisfied,Very Dissatisfied,Very Dissatisfied,Very Dissatisfied,Very Dissatisfied,all good,No,,,,,Workload and priorities: I had heavy workloads or pressing deadlines that prevented me from participating.;,No,,,,,Schedule conflicts: The timing of the activities did not alingn with my work schedule or personal commitments.;,No,,,,No,,,,,,Forgetfulness: I simply forgot about the available discounts and perks.;,all good,No,"Work Priorities: My primary responsibilities take precedence, and I don’t have the time or energy to get involved in the courses.;",,,,,No,,,,,"Work Priorities: My primary responsibilities take precedence, and I don’t have the time or energy to get involved in the courses.;",all good,Strongly Dissatisfied,Strongly Dissatisfied,Strongly Dissatisfied,Strongly Dissatisfied,Strongly Dissatisfied,Strongly Dissatisfied,Strongly Dissatisfied,Strongly Dissatisfied,Strongly Dissatisfied,Strongly Dissatisfied,Strongly Dissatisfied,Strongly Dissatisfied,all good
22,8/17/2026 15:12,8/17/2026 15:17,anonymous,,Team Benjamin,,,,,,,,,,,,,,,,,,,,,,,,No,,,,,No,,,,,No recommendations at this moment.,Very Satisfied,Very Satisfied,Very Satisfied,Very Satisfied,Very Satisfied,Very Satisfied,Very Satisfied,Very Satisfied,Very Satisfied,Continue working as you are doing it.,Very Satisfied,Very Satisfied,Satisfied,Very Satisfied,Satisfied,No,Satisfied,Satisfied,Satisfied,Satisfied,Satisfied,Satisfied,Satisfied,Satisfied,Satisfied,Satisfied,Satisfied,Satisfied,Satisfied,Satisfied,Satisfied,Satisfied,Satisfied,Satisfied,Satisfied,Satisfied,Satisfied,Satisfied,Satisfied,Satisfied,Satisfied,Neutral,Neutral,Neutral,No,,,,,,Satisfied,Satisfied,Satisfied,Satisfied,Satisfied,No ideas to give,Yes,Satisfied,Satisfied,Satisfied,Satisfied,,Yes,Very Satisfied,Very Satisfied,Very Satisfied,Very Satisfied,,No,,,,No,,,,,,No Immediate Need: I don't have a current need for the products or services offered through the discounts and perks.;,No ideas to provide,No,"Work Priorities: My primary responsibilities take precedence, and I don’t have the time or energy to get involved in the courses.;",,,,,No,,,,,"Work Priorities: My primary responsibilities take precedence, and I don’t have the time or energy to get involved in the courses.;",No ideas,Neutral,Neutral,Neutral,Neutral,Satisfied,Satisfied,Satisfied,Satisfied,Neutral,Neutral,Neutral,Neutral,no ideas
23,8/17/2026 15:06,8/17/2026 15:17,anonymous,,Team Benjamin,,,,,,,,,,,,,,,,,,,,,,,,No,,,,,No,,,,,N/A,Satisfied,Neutral,Neutral,Neutral,Very Satisfied,Very Satisfied,Very Satisfied,Very Satisfied,Very Satisfied,N/A,Very Satisfied,Neutral,Neutral,Satisfied,Satisfied,"Tener un area que se adapte mas a los teams que visitan las oficinas, el training room es muy pequeno y cerrado. ",Dissatisfied,Neutral,Very Satisfied,Very Satisfied,Very Satisfied,Very Satisfied,Very Satisfied,Very Satisfied,Very Satisfied,Very Satisfied,Very Satisfied,Very Satisfied,Very Satisfied,Very Satisfied,Very Satisfied,Very Satisfied,Very Satisfied,Very Satisfied,Neutral,Very Satisfied,Very Satisfied,Very Satisfied,Very Satisfied,Very Satisfied,Very Satisfied,Very Satisfied,Very Satisfied,Very Satisfied,No,,,,,,Satisfied,Satisfied,Satisfied,Satisfied,Very Satisfied,N/A,Yes,Very Satisfied,Very Satisfied,Very Satisfied,Very Satisfied,,Yes,Very Satisfied,Satisfied,Very Satisfied,Very Satisfied,,No,,,,No,,,,,,Brands Not Attractive Enough: The brands offering discounts or perks don't appeal to my preferences or needs.;No Immediate Need: I don't have a current need for the products or services offered through the discounts and perks.;Lack of Interest: The discounts and perks do not align with my personal interests or preferences.;,N/A,No,Lack of Interest: I don’t find the course engaging or relevant to my role.;,,,,,Yes,Very Satisfied,Neutral,Very Satisfied,Very Satisfied,,N/A,Very Satisfied,Very Satisfied,Very Satisfied,Very Satisfied,Very Satisfied,Very Satisfied,Very Satisfied,Very Satisfied,Very Satisfied,Very Satisfied,Very Satisfied,Very Satisfied,n/a
24,8/17/2026 14:53,8/17/2026 15:18,anonymous,,Team Benjamin,,,,,,,,,,,,,,,,,,,,,,,,No,,,,,No,,,,,"""Immediate Referral Call"" days would be nice. I stopped referring people cause they always got called weeks or even more than a month after the referral was submitted. People usually look for a job immediately. ",Dissatisfied,Dissatisfied,Neutral,Strongly Dissatisfied,Dissatisfied,Strongly Dissatisfied,Dissatisfied,Strongly Dissatisfied,Neutral,"Computers, headsets, and mice should be updated every 2-3 years, original hardware, paid/enterprise software. The answer ""it's a free thing, so we cannot do much"" is too common. ",Very Satisfied,Neutral,Very Dissatisfied,Dissatisfied,Dissatisfied,hybrid positions should become full WFH positions that require mandatory assistance only for special events. Not enough parking lots for the number of people already hired,Neutral,Dissatisfied,Neutral,Neutral,Very Satisfied,Satisfied,Neutral,Neutral,Dissatisfied,Neutral,Neutral,Satisfied,Satisfied,Dissatisfied,Neutral,Neutral,Satisfied,Satisfied,Satisfied,Very Satisfied,Very Satisfied,Neutral,Neutral,Satisfied,Dissatisfied,Very Satisfied,Neutral,Neutral,No,,,,,,Very Dissatisfied,Very Dissatisfied,Very Dissatisfied,Very Dissatisfied,Haven't used this service,"Send documents with samples of what the changes may look like and if it's a government thing, the articles or specific rules that forces us to follow such changes. E.g. making the bonuses subject of ISSS and renta deductions only made us lose money and not all companies do that, so there was an option to keep the old method",No,,,,,Lack of interest: The engagement activities did not appeal to my personal interes or preferences.;,No,,,,,Lack of interest: The engagement activities did not appeal to my personal interes or preferences.;,No,,,,No,,,,,,Brands Not Attractive Enough: The brands offering discounts or perks don't appeal to my preferences or needs.;,"Stop making deals for ""high class"" personel or for girlies. I'd rather have a discount at Subway than a discount at OPI for example. ",No,No Recognition or Incentives: I believe there’s no tangible reward for completing the course.;,,,,,Yes,Dissatisfied,Strongly Dissatisfied,Neutral,Strongly Dissatisfied,,"Courses with multiple answer options at the end of it are the least effective ones. Excel, Google and Microsoft suite courses in general should have more dynamic and engaging ways to assess knowledge. ",Satisfied,Satisfied,Satisfied,Very Satisfied,Neutral,Neutral,Satisfied,Very Satisfied,Neutral,Neutral,Neutral,Neutral,NA
25,8/17/2026 15:08,8/17/2026 15:20,anonymous,,Team Benjamin,,,,,,,,,,,,,,,,,,,,,,,,No,,,,,No,,,,,"Proper follow‑ups with applicants are important, even when delivering bad news if the profile does not qualify. If there is no time, look for additional representatives to assist.",Dissatisfied,Very Satisfied,Very Satisfied,Very Satisfied,Very Satisfied,Very Satisfied,Very Satisfied,Very Satisfied,Very Satisfied,"They are doing well, although sometimes the equipment is not properly reconditioned.",Haven't used this service,Haven't used this service,Haven't used this service,Haven't used this service,Haven't used this service,NA,Neutral,Very Dissatisfied,Very Satisfied,Very Satisfied,Very Satisfied,Very Satisfied,Very Satisfied,Very Satisfied,Very Satisfied,Very Satisfied,Very Satisfied,Very Satisfied,Very Satisfied,Very Satisfied,Very Satisfied,Very Satisfied,Very Satisfied,Very Satisfied,Very Satisfied,Very Satisfied,Very Satisfied,Haven't used this service,Haven't used this service,Haven't used this service,Haven't used this service,Haven't used this service,Haven't used this service,Haven't used this service,No,,,,,,Haven't used this service,Haven't used this service,Haven't used this service,Haven't used this service,Very Satisfied,NA,No,,,,,Workload and priorities: I had heavy workloads or pressing deadlines that prevented me from participating.;,No,,,,,Workload and priorities: I had heavy workloads or pressing deadlines that prevented me from participating.;,No,,,,No,,,,,,Brands Not Attractive Enough: The brands offering discounts or perks don't appeal to my preferences or needs.;,.,No,No Recognition or Incentives: I believe there’s no tangible reward for completing the course.;,,,,,No,,,,,"Work Priorities: My primary responsibilities take precedence, and I don’t have the time or energy to get involved in the courses.;",.,Haven't used this service,Haven't used this service,Haven't used this service,Haven't used this service,Haven't used this service,Haven't used this service,Haven't used this service,Haven't used this service,Haven't used this service,Haven't used this service,Haven't used this service,Haven't used this service,.
26,8/17/2026 15:04,8/17/2026 15:20,anonymous,,Team Benjamin,,,,,,,,,,,,,,,,,,,,,,,,No,,,,,Yes,Satisfied,Very Satisfied,Dissatisfied,Neutral,Improve response time. ,Neutral,Neutral,Neutral,Satisfied,Satisfied,Neutral,Neutral,Satisfied,Satisfied,Improve response time. ,Very Satisfied,Neutral,Dissatisfied,Very Dissatisfied,Very Dissatisfied,"Team lead needs to be on top of the situation to prevent delays, no more than 10 minutes, when a car has to be moved. Sometimes agents take more than 10 minutes to move a car because they are simply talking to a coworker. ",Neutral,Very Dissatisfied,Dissatisfied,Satisfied,Very Satisfied,Very Satisfied,Dissatisfied,Dissatisfied,Dissatisfied,Neutral,Neutral,Satisfied,Satisfied,Dissatisfied,Satisfied,Satisfied,Satisfied,Satisfied,Satisfied,Very Satisfied,Very Satisfied,Very Dissatisfied,Neutral,Neutral,Satisfied,Satisfied,Neutral,Neutral,No,,,,,,Haven't used this service,Neutral,Neutral,Neutral,Very Satisfied,n/a,Yes,Satisfied,Satisfied,Satisfied,Satisfied,,No,,,,,Schedule conflicts: The timing of the activities did not alingn with my work schedule or personal commitments.;Workload and priorities: I had heavy workloads or pressing deadlines that prevented me from participating.;,No,,,,No,,,,,,Lack of Knowledge: I was unaware of the discounts available with these stakeholders.;Forgetfulness: I simply forgot about the available discounts and perks.;,n/a,No,"Work Priorities: My primary responsibilities take precedence, and I don’t have the time or energy to get involved in the courses.;",,,,,No,,,,,"Work Priorities: My primary responsibilities take precedence, and I don’t have the time or energy to get involved in the courses.;",n/a,Haven't used this service,Haven't used this service,Haven't used this service,Haven't used this service,Haven't used this service,Haven't used this service,Haven't used this service,Haven't used this service,Haven't used this service,Haven't used this service,Haven't used this service,Haven't used this service,n/a
27,8/17/2026 15:09,8/17/2026 15:21,anonymous,,Team Alejandra Choriego,,,,,,,,,,,,,,,,,,,,,,,,No,,,,,No,,,,,"Continue providing more regular updates to employees about open positions, and career growth opportunities.",Very Satisfied,Very Satisfied,Very Satisfied,Very Satisfied,Very Satisfied,Very Satisfied,Very Satisfied,Very Satisfied,Very Satisfied,Continue being responsive when employees need technical support and helping resolve issues as quickly as possible.,Very Satisfied,Very Satisfied,Very Satisfied,Very Satisfied,Very Satisfied,n/a,Very Satisfied,Very Satisfied,Very Satisfied,Very Satisfied,Very Satisfied,Very Satisfied,Very Satisfied,Very Satisfied,Very Satisfied,Very Satisfied,Very Satisfied,Very Satisfied,Very Satisfied,Very Satisfied,Very Satisfied,Very Satisfied,Very Satisfied,Very Satisfied,Very Satisfied,Very Satisfied,Very Satisfied,Very Satisfied,Very Satisfied,Very Satisfied,Very Satisfied,Very Satisfied,Very Satisfied,Very Satisfied,No,,,,,,Very Satisfied,Very Satisfied,Very Satisfied,Very Satisfied,Very Satisfied,Continue being helpful and responsive when employees have questions about payments and related matters,No,,,,,Schedule conflicts: The timing of the activities did not align with my work schedule or personal commitments.;Transportation difficulties:  I had trouble finding reliable transportation during the event.;Workload and priorities: I had heavy workloads or pressing deadlines that prevented me from participating.;,Yes,Very Satisfied,Very Satisfied,Very Satisfied,Very Satisfied,,Yes,Very Satisfied,Very Satisfied,Very Satisfied,No,,,,,,Brands Not Attractive Enough: The brands offering discounts or perks don't appeal to my preferences or needs.;No Immediate Need: I don't have a current need for the products or services offered through the discounts and perks.;Forgetfulness: I simply forgot about the available discounts and perks.;,"Continue supporting employees, maintaining open communication",No,"Work Priorities: My primary responsibilities take precedence, and I don’t have the time or energy to get involved in the courses.;No Recognition or Incentives: I believe there’s no tangible reward for completing the course.;Lack of Communication: I was not aware of this benefit, so I was unable to participate.;",,,,,No,,,,,"Work Priorities: My primary responsibilities take precedence, and I don’t have the time or energy to get involved in the courses.;Lack of Interest: I don’t find the course engaging or relevant to my role.;Lack of Communication: I was not aware of the internal courses available.;",n/a,Very Satisfied,Very Satisfied,Very Satisfied,Very Satisfied,Very Satisfied,Very Satisfied,Very Satisfied,Very Satisfied,Very Satisfied,Very Satisfied,Very Satisfied,Very Satisfied,"Continue being approachable, supportive, and available when employees need guidance or assistance."
28,8/17/2026 15:08,8/17/2026 15:21,anonymous,,Team Benjamin,,,,,,,,,,,,,,,,,,,,,,,,No,,,,,No,,,,,N/A,Very Satisfied,Very Satisfied,Very Satisfied,Very Satisfied,Very Satisfied,Very Satisfied,Very Satisfied,Very Satisfied,Very Satisfied,"I dont have complaints or comments, everything is good",Haven't used this service,Haven't used this service,Haven't used this service,Haven't used this service,Haven't used this service,n/a,Very Satisfied,Very Satisfied,Neutral,Very Satisfied,Very Satisfied,Very Satisfied,Very Satisfied,Very Satisfied,Very Satisfied,Very Satisfied,Very Satisfied,Very Satisfied,Very Satisfied,Very Satisfied,Very Satisfied,Very Satisfied,Very Satisfied,Very Satisfied,Very Satisfied,Very Satisfied,Very Satisfied,Very Satisfied,Very Satisfied,Very Satisfied,Very Satisfied,Very Satisfied,Very Satisfied,Very Satisfied,No,,,,,,Haven't used this service,Haven't used this service,Haven't used this service,Haven't used this service,Very Satisfied,n/a,No,,,,,Workload and priorities: I had heavy workloads or pressing deadlines that prevented me from participating.;,No,,,,,Workload and priorities: I had heavy workloads or pressing deadlines that prevented me from participating.;,Yes,Satisfied,Satisfied,Satisfied,No,,,,,,Forgetfulness: I simply forgot about the available discounts and perks.;,n/a,No,Lack of Interest: I don’t find the course engaging or relevant to my role.;,,,,,Yes,Satisfied,Satisfied,Satisfied,Satisfied,,todo bien,Very Satisfied,Very Satisfied,Very Satisfied,Very Satisfied,Haven't used this service,Haven't used this service,Haven't used this service,Haven't used this service,Haven't used this service,Haven't used this service,Haven't used this service,Haven't used this service,n/a
29,8/17/2026 15:08,8/17/2026 15:24,anonymous,,Team Alejandra Helena,,,,,,,,,,,,,,,,,,,,,,,,No,,,,,Yes,Satisfied,Strongly Dissatisfied,Strongly Dissatisfied,Neutral,"Provide more follow-up to the candidates and more information to those who make referrals. Whenever I refer someone, it takes a very long time for them to be contacted, and that leads to them losing interest or being approached by another company.",Satisfied,Very Satisfied,Very Satisfied,Very Satisfied,Very Satisfied,Very Satisfied,Very Satisfied,Very Satisfied,Very Satisfied,all ok,Very Satisfied,Satisfied,Dissatisfied,Dissatisfied,Very Dissatisfied,"Check the availability of parking spaces each day based on the expected arrivals. It used to be somewhat difficult to find parking, but now it has become more complicated, and with the chat system, you sometimes have to wait up to 25 minutes for them to move the cars, which is not something that should happen.",Satisfied,Satisfied,Satisfied,Satisfied,Satisfied,Very Satisfied,Very Satisfied,Very Satisfied,Very Satisfied,Very Satisfied,Very Satisfied,Satisfied,Satisfied,Satisfied,Satisfied,Satisfied,Satisfied,Satisfied,Satisfied,Satisfied,Satisfied,Very Satisfied,Very Satisfied,Very Satisfied,Very Satisfied,Very Satisfied,Very Satisfied,Very Satisfied,No,,,,,,Very Satisfied,Very Satisfied,Very Satisfied,Very Satisfied,Very Satisfied,All good here!,No,,,,,Schedule conflicts: The timing of the activities did not align with my work schedule or personal commitments.;Lack of interest: The engagement activities did not appeal to my personal interes or preferences.;,Yes,Satisfied,Very Satisfied,Very Satisfied,Satisfied,,Yes,Very Satisfied,Very Satisfied,Very Satisfied,No,,,,,,Brands Not Attractive Enough: The brands offering discounts or perks don't appeal to my preferences or needs.;No Immediate Need: I don't have a current need for the products or services offered through the discounts and perks.;Forgetfulness: I simply forgot about the available discounts and perks.;,all good here,No,"Lack of Communication: I was not aware of this benefit, so I was unable to participate.;",,,,,Yes,Very Satisfied,Very Satisfied,Very Satisfied,Very Satisfied,,All good here,Very Satisfied,Very Satisfied,Very Satisfied,Very Satisfied,Very Satisfied,Very Satisfied,Very Satisfied,Very Satisfied,Haven't used this service,Haven't used this service,Haven't used this service,Haven't used this service,All ok
30,8/17/2026 15:22,8/17/2026 15:27,anonymous,,Team Benjamin,,,,,,,,,,,,,,,,,,,,,,,,No,,,,,No,,,,,N/A,Very Satisfied,Very Satisfied,Very Satisfied,Very Satisfied,Satisfied,Very Satisfied,Very Satisfied,Satisfied,Very Satisfied,No comments,Haven't used this service,Haven't used this service,Haven't used this service,Haven't used this service,Haven't used this service,No,Very Satisfied,Very Satisfied,Satisfied,Very Satisfied,Very Satisfied,Very Satisfied,Satisfied,Very Satisfied,Very Satisfied,Very Satisfied,Very Satisfied,Very Satisfied,Very Satisfied,Very Satisfied,Very Satisfied,Very Satisfied,Very Satisfied,Very Satisfied,Very Satisfied,Very Satisfied,Very Satisfied,Haven't used this service,Haven't used this service,Haven't used this service,Haven't used this service,Haven't used this service,Haven't used this service,Haven't used this service,No,,,,,,Satisfied,Very Satisfied,Very Satisfied,Satisfied,Very Satisfied,No,No,,,,,Lack of Awareness: I was unaware of the engagement activities taking place during this time period.;Schedule conflicts: The timing of the activities did not align with my work schedule or personal commitments.;Workload and priorities: I had heavy workloads or pressing deadlines that prevented me from participating.;,No,,,,,Schedule conflicts: The timing of the activities did not alingn with my work schedule or personal commitments.;Workload and priorities: I had heavy workloads or pressing deadlines that prevented me from participating.;Lack of Awareness: I was unaware of the engagement activities taking place during this time period.;,No,,,,Yes,Very Satisfied,Very Satisfied,Satisfied,Satisfied,Satisfied,,No comments,No,"Work Priorities: My primary responsibilities take precedence, and I don’t have the time or energy to get involved in the courses.;Lack of Communication: I was not aware of this benefit, so I was unable to participate.;",,,,,Yes,Satisfied,Neutral,Satisfied,Neutral,,No comments,Haven't used this service,Haven't used this service,Haven't used this service,Haven't used this service,Haven't used this service,Haven't used this service,Haven't used this service,Haven't used this service,Haven't used this service,Haven't used this service,Haven't used this service,Haven't used this service,No comments
31,8/17/2026 15:23,8/17/2026 15:28,anonymous,,Team Alejandra Choriego,,,,,,,,,,,,,,,,,,,,,,,,No,,,,,No,,,,,continue,Dissatisfied,Satisfied,Satisfied,Satisfied,Neutral,Neutral,Satisfied,Satisfied,Very Satisfied,continue,Very Satisfied,Satisfied,Very Dissatisfied,Very Dissatisfied,Satisfied,no,Dissatisfied,Neutral,Neutral,Neutral,Neutral,Neutral,Neutral,Neutral,Neutral,Neutral,Neutral,Satisfied,Satisfied,Satisfied,Satisfied,Satisfied,Satisfied,Satisfied,Satisfied,Satisfied,Satisfied,Very Satisfied,Very Satisfied,Very Satisfied,Very Satisfied,Very Satisfied,Very Satisfied,Very Satisfied,No,,,,,,Satisfied,Satisfied,Satisfied,Satisfied,Satisfied,nothing,No,,,,,Lack of Awareness: I was unaware of the engagement activities taking place during this time period.;Workload and priorities: I had heavy workloads or pressing deadlines that prevented me from participating.;,No,,,,,Schedule conflicts: The timing of the activities did not alingn with my work schedule or personal commitments.;,No,,,,No,,,,,,Brands Not Attractive Enough: The brands offering discounts or perks don't appeal to my preferences or needs.;,nothing,No,"Lack of Communication: I was not aware of this benefit, so I was unable to participate.;No Recognition or Incentives: I believe there’s no tangible reward for completing the course.;Work Priorities: My primary responsibilities take precedence, and I don’t have the time or energy to get involved in the courses.;",,,,,No,,,,,Lack of Communication: I was not aware of the internal courses available.;Lack of Interest: I don’t find the course engaging or relevant to my role.;,nothing,Neutral,Neutral,Neutral,Neutral,Neutral,Neutral,Neutral,Neutral,Neutral,Neutral,Neutral,Neutral,nothing
32,8/17/2026 15:22,8/17/2026 15:28,anonymous,,Team Benjamin,,,,,,,,,,,,,,,,,,,,,,,,Yes,Very Satisfied,Very Satisfied,Very Satisfied,Very Satisfied,No,,,,,Provide more information about the available positions so we can make referrals,Neutral,Haven't used this service,Haven't used this service,Haven't used this service,Very Satisfied,Very Satisfied,Very Satisfied,Very Satisfied,Very Satisfied,To ensure that the equipment is kept in good condition.,Very Satisfied,Very Satisfied,Very Satisfied,Neutral,Neutral,Have a designated place to relax during free time.,Satisfied,Satisfied,Satisfied,Satisfied,Satisfied,Very Satisfied,Very Satisfied,Very Satisfied,Very Satisfied,Very Satisfied,Very Satisfied,Very Satisfied,Very Satisfied,Very Satisfied,Very Satisfied,Very Satisfied,Very Satisfied,Very Satisfied,Very Satisfied,Very Satisfied,Very Satisfied,Haven't used this service,Haven't used this service,Haven't used this service,Haven't used this service,Haven't used this service,Haven't used this service,Haven't used this service,No,,,,,,Haven't used this service,Satisfied,Satisfied,Haven't used this service,Haven't used this service,NA,No,,,,,Lack of Awareness: I was unaware of the engagement activities taking place during this time period.;Schedule conflicts: The timing of the activities did not align with my work schedule or personal commitments.;Workload and priorities: I had heavy workloads or pressing deadlines that prevented me from participating.;,No,,,,,Lack of Awareness: I was unaware of the engagement activities taking place during this time period.;Schedule conflicts: The timing of the activities did not alingn with my work schedule or personal commitments.;Workload and priorities: I had heavy workloads or pressing deadlines that prevented me from participating.;,Yes,Very Satisfied,Very Satisfied,Very Satisfied,No,,,,,,Lack of Knowledge: I was unaware of the discounts available with these stakeholders.;Brands Not Attractive Enough: The brands offering discounts or perks don't appeal to my preferences or needs.;No Immediate Need: I don't have a current need for the products or services offered through the discounts and perks.;,NA,No,"No Recognition or Incentives: I believe there’s no tangible reward for completing the course.;Work Priorities: My primary responsibilities take precedence, and I don’t have the time or energy to get involved in the courses.;Lack of Communication: I was not aware of this benefit, so I was unable to participate.;",,,,,No,,,,,"Work Priorities: My primary responsibilities take precedence, and I don’t have the time or energy to get involved in the courses.;Difficult Enrollment Process: I find signing up for the course is complicated;Lack of Communication: I was not aware of the internal courses available.;",NA,Very Satisfied,Very Satisfied,Very Satisfied,Very Satisfied,Haven't used this service,Haven't used this service,Haven't used this service,Haven't used this service,Haven't used this service,Haven't used this service,Haven't used this service,Haven't used this service,NA
33,8/17/2026 15:22,8/17/2026 15:29,anonymous,,Team Benjamin,,,,,,,,,,,,,,,,,,,,,,,,Yes,Satisfied,Very Satisfied,Very Satisfied,Satisfied,No,,,,,NA,Dissatisfied,Strongly Dissatisfied,Strongly Dissatisfied,Strongly Dissatisfied,Dissatisfied,Strongly Dissatisfied,Strongly Dissatisfied,Strongly Dissatisfied,Neutral,They should really help,Very Satisfied,Very Dissatisfied,Very Dissatisfied,Very Dissatisfied,Very Dissatisfied,NA,Neutral,Dissatisfied,Very Dissatisfied,Very Dissatisfied,Satisfied,Neutral,Satisfied,Satisfied,Satisfied,Satisfied,Very Dissatisfied,Satisfied,Very Dissatisfied,Satisfied,Satisfied,Neutral,Neutral,Neutral,Neutral,Satisfied,Satisfied,Neutral,Satisfied,Satisfied,Satisfied,Satisfied,Dissatisfied,Neutral,No,,,,,,Very Dissatisfied,Satisfied,Very Dissatisfied,Very Dissatisfied,Satisfied,NA,No,,,,,Schedule conflicts: The timing of the activities did not align with my work schedule or personal commitments.;Workload and priorities: I had heavy workloads or pressing deadlines that prevented me from participating.;,Yes,Satisfied,Dissatisfied,Strongly Dissatisfied,Dissatisfied,,No,,,,No,,,,,,Brands Not Attractive Enough: The brands offering discounts or perks don't appeal to my preferences or needs.;,NA,No,"Work Priorities: My primary responsibilities take precedence, and I don’t have the time or energy to get involved in the courses.;Lack of Communication: I was not aware of this benefit, so I was unable to participate.;",,,,,No,,,,,"Work Priorities: My primary responsibilities take precedence, and I don’t have the time or energy to get involved in the courses.;",NA,Dissatisfied,Neutral,Satisfied,Neutral,Haven't used this service,Very Satisfied,Very Satisfied,Very Satisfied,Satisfied,Very Satisfied,Very Satisfied,Very Satisfied,NA
34,8/17/2026 15:21,8/17/2026 15:30,anonymous,,Team Alejandra Choriego,,,,,,,,,,,,,,,,,,,,,,,,No,,,,,No,,,,,I think it's good as it is now!,Dissatisfied,Dissatisfied,Satisfied,Satisfied,Satisfied,Dissatisfied,Neutral,Neutral,Satisfied,"When repairing computers please do it right, I've taken mine at least 4/5 times before and still not a permanent solution",Very Satisfied,Dissatisfied,Dissatisfied,Dissatisfied,Dissatisfied,For people to respect more the assigned spaces and be aware when they leave their car in he front space,Satisfied,Dissatisfied,Satisfied,Dissatisfied,Satisfied,Satisfied,Satisfied,Satisfied,Satisfied,Satisfied,Satisfied,Satisfied,Satisfied,Dissatisfied,Satisfied,Satisfied,Satisfied,Satisfied,Satisfied,Satisfied,Satisfied,Satisfied,Satisfied,Satisfied,Satisfied,Satisfied,Satisfied,Satisfied,No,,,,,,Satisfied,Satisfied,Satisfied,Satisfied,Satisfied,Continue as is,Yes,Neutral,Neutral,Satisfied,Satisfied,,Yes,Satisfied,Neutral,Satisfied,Satisfied,,No,,,,No,,,,,,No Immediate Need: I don't have a current need for the products or services offered through the discounts and perks.;Forgetfulness: I simply forgot about the available discounts and perks.;,Do more activities as we used to do - have snacks for the team when we are there and let us know,No,Lack of Interest: I don’t find the course engaging or relevant to my role.;,,,,,No,,,,,"Work Priorities: My primary responsibilities take precedence, and I don’t have the time or energy to get involved in the courses.;",N/A,Satisfied,Satisfied,Satisfied,Satisfied,Satisfied,Satisfied,Satisfied,Satisfied,Satisfied,Satisfied,Satisfied,Satisfied,n/a
35,8/17/2026 15:10,8/17/2026 15:32,anonymous,,Team Jorge,,,,,,,,,,,,,,,,,,,,,,,,No,,,,,No,,,,,n/a,Very Satisfied,Very Satisfied,Very Satisfied,Very Satisfied,Very Satisfied,Very Satisfied,Very Satisfied,Very Satisfied,Very Satisfied,great work! keep it up ,Very Satisfied,Very Satisfied,Very Satisfied,Very Satisfied,Very Satisfied,no,Satisfied,Satisfied,Satisfied,Dissatisfied,Satisfied,Satisfied,Satisfied,Satisfied,Satisfied,Satisfied,Satisfied,Satisfied,Satisfied,Satisfied,Satisfied,Satisfied,Satisfied,Satisfied,Satisfied,Satisfied,Satisfied,Haven't used this service,Haven't used this service,Haven't used this service,Haven't used this service,Haven't used this service,Haven't used this service,Haven't used this service,No,,,,,,Very Satisfied,Very Satisfied,Very Satisfied,Very Satisfied,Very Satisfied,great work - I have requested help only once but he replied promptly and efficiently ,No,,,,,Transportation difficulties:  I had trouble finding reliable transportation during the event.;Schedule conflicts: The timing of the activities did not align with my work schedule or personal commitments.;,No,,,,,Lack of interest: The engagement activities did not appeal to my personal interes or preferences.;,Yes,Very Satisfied,Very Satisfied,Very Satisfied,No,,,,,,No Immediate Need: I don't have a current need for the products or services offered through the discounts and perks.;Forgetfulness: I simply forgot about the available discounts and perks.;,"great work - happy with the initiatives, sometimes I just can't attend bc I live too far ",No,"Lack of Communication: I was not aware of this benefit, so I was unable to participate.;",,,,,No,,,,,Lack of Communication: I was not aware of the internal courses available.;,n/a,Very Satisfied,Very Satisfied,Very Satisfied,Very Satisfied,Very Satisfied,Very Satisfied,Very Satisfied,Very Satisfied,Very Satisfied,Very Satisfied,Very Satisfied,Very Satisfied,great work - keep it up
36,8/17/2026 15:26,8/17/2026 15:33,anonymous,,Team Kirian,,,,,,,,,,,,,,,,,,,,,,,,No,,,,,Yes,Very Satisfied,Very Satisfied,Satisfied,Very Satisfied,All good! ,Neutral,Haven't used this service,Haven't used this service,Haven't used this service,Haven't used this service,Haven't used this service,Haven't used this service,Haven't used this service,Haven't used this service,I love IT,Very Satisfied,Very Satisfied,Neutral,Neutral,Neutral,We don't fit anymore.,Very Satisfied,Very Satisfied,Very Satisfied,Very Satisfied,Very Satisfied,Very Satisfied,Very Satisfied,Very Satisfied,Very Satisfied,Very Satisfied,Very Satisfied,Very Satisfied,Very Satisfied,Very Satisfied,Very Satisfied,Very Satisfied,Very Satisfied,Very Satisfied,Very Satisfied,Very Satisfied,Very Satisfied,Haven't used this service,Haven't used this service,Haven't used this service,Haven't used this service,Haven't used this service,Haven't used this service,Haven't used this service,No,,,,,,Very Satisfied,Very Satisfied,Very Satisfied,Very Satisfied,Very Satisfied,Hernan is the best,No,,,,,Lack of interest: The engagement activities did not appeal to my personal interes or preferences.;,No,,,,,"Schedule conflicts: The timing of the activities did not alingn with my work schedule or personal commitments.;Transportation difficulties:  I had trouble finding reliable transportation during the event."";",No,,,,No,,,,,,No Immediate Need: I don't have a current need for the products or services offered through the discounts and perks.;Forgetfulness: I simply forgot about the available discounts and perks.;,No comment ,No,"Work Priorities: My primary responsibilities take precedence, and I don’t have the time or energy to get involved in the courses.;",,,,,No,,,,,"Work Priorities: My primary responsibilities take precedence, and I don’t have the time or energy to get involved in the courses.;",Angelica is good. ,Very Satisfied,Very Satisfied,Very Satisfied,Very Satisfied,Very Satisfied,Very Satisfied,Very Satisfied,Very Satisfied,Very Satisfied,Very Satisfied,Very Satisfied,Very Satisfied,"Katya parece ser la unica en HR, Hace un trabajo supremo y deberian reconocer que ella lleva ese team en los hombros. "
37,8/17/2026 15:27,8/17/2026 15:37,anonymous,,Team Kirian,,,,,,,,,,,,,,,,,,,,,,,,No,,,,,No,,,,,Idk ,Satisfied,Satisfied,Satisfied,Satisfied,Satisfied,Satisfied,Satisfied,Satisfied,Satisfied,N-A,Satisfied,Satisfied,Satisfied,Satisfied,Dissatisfied,N/A,Satisfied,Neutral,Satisfied,Satisfied,Very Satisfied,Very Satisfied,Very Satisfied,Very Satisfied,Very Satisfied,Very Satisfied,Very Satisfied,Very Satisfied,Very Satisfied,Very Satisfied,Very Satisfied,Very Satisfied,Very Satisfied,Very Satisfied,Satisfied,Very Satisfied,Very Satisfied,Very Satisfied,Very Satisfied,Very Satisfied,Very Satisfied,Neutral,Very Satisfied,Very Satisfied,No,,,,,,Satisfied,Satisfied,Satisfied,Satisfied,Very Satisfied,NA,No,,,,,Schedule conflicts: The timing of the activities did not align with my work schedule or personal commitments.;Workload and priorities: I had heavy workloads or pressing deadlines that prevented me from participating.;Lack of interest: The engagement activities did not appeal to my personal interes or preferences.;,Yes,Satisfied,Satisfied,Satisfied,Satisfied,,No,,,,No,,,,,,Lack of Knowledge: I was unaware of the discounts available with these stakeholders.;,Na,No,"Work Priorities: My primary responsibilities take precedence, and I don’t have the time or energy to get involved in the courses.;",,,,,No,,,,,"Work Priorities: My primary responsibilities take precedence, and I don’t have the time or energy to get involved in the courses.;",Na,Satisfied,Satisfied,Satisfied,Satisfied,Satisfied,Satisfied,Satisfied,Satisfied,Satisfied,Satisfied,Satisfied,Satisfied,Na
38,8/17/2026 15:28,8/17/2026 15:38,anonymous,,Team Kirian,,,,,,,,,,,,,,,,,,,,,,,,No,,,,,No,,,,,"The program is good, it should continue as it is ",Satisfied,Very Satisfied,Very Satisfied,Very Satisfied,Very Satisfied,Very Satisfied,Very Satisfied,Very Satisfied,Very Satisfied,Continue,Very Satisfied,Very Satisfied,Very Satisfied,Very Satisfied,Very Satisfied,N/A,Very Satisfied,Very Satisfied,Very Satisfied,Very Satisfied,Very Satisfied,Very Satisfied,Very Satisfied,Very Satisfied,Very Satisfied,Very Satisfied,Very Satisfied,Very Satisfied,Very Satisfied,Very Satisfied,Very Satisfied,Very Satisfied,Very Satisfied,Very Satisfied,Very Satisfied,Very Satisfied,Very Satisfied,Very Satisfied,Very Satisfied,Very Satisfied,Very Satisfied,Very Satisfied,Very Satisfied,Very Satisfied,No,,,,,,Very Satisfied,Very Satisfied,Very Satisfied,Very Satisfied,Very Satisfied,Continue,No,,,,,Schedule conflicts: The timing of the activities did not align with my work schedule or personal commitments.;,No,,,,,Schedule conflicts: The timing of the activities did not alingn with my work schedule or personal commitments.;,No,,,,No,,,,,,Forgetfulness: I simply forgot about the available discounts and perks.;,"schedule activities for all teams, I woule like to join but they never take place on my team's office day ",No,Lack of Interest: I don’t find the course engaging or relevant to my role.;,,,,,No,,,,,Lack of Interest: I don’t find the course engaging or relevant to my role.;,continue as it is ,Very Satisfied,Very Satisfied,Very Satisfied,Very Satisfied,Very Satisfied,Very Satisfied,Very Satisfied,Very Satisfied,Very Satisfied,Very Satisfied,Very Satisfied,Very Satisfied,continue as it is
39,8/17/2026 15:07,8/17/2026 15:39,anonymous,,Team Jorge,,,,,,,,,,,,,,,,,,,,,,,,No,,,,,No,,,,,n/a,Very Satisfied,Very Satisfied,Very Satisfied,Very Satisfied,Very Satisfied,Very Satisfied,Very Satisfied,Very Satisfied,Very Satisfied,n/a,Very Satisfied,Very Satisfied,Very Satisfied,Very Satisfied,Very Satisfied,All good,Very Satisfied,Very Satisfied,Very Satisfied,Very Satisfied,Very Satisfied,Very Satisfied,Very Satisfied,Very Satisfied,Very Satisfied,Very Satisfied,Very Satisfied,Very Satisfied,Very Satisfied,Very Satisfied,Very Satisfied,Very Satisfied,Very Satisfied,Very Satisfied,Very Satisfied,Very Satisfied,Very Satisfied,Very Satisfied,Very Satisfied,Very Satisfied,Haven't used this service,Haven't used this service,Haven't used this service,Haven't used this service,No,,,,,,Very Satisfied,Very Satisfied,Very Satisfied,Very Satisfied,Very Satisfied,n/a,No,,,,,Schedule conflicts: The timing of the activities did not align with my work schedule or personal commitments.;,No,,,,,Schedule conflicts: The timing of the activities did not alingn with my work schedule or personal commitments.;,No,,,,No,,,,,,No Immediate Need: I don't have a current need for the products or services offered through the discounts and perks.;Forgetfulness: I simply forgot about the available discounts and perks.;,n/a,No,"Work Priorities: My primary responsibilities take precedence, and I don’t have the time or energy to get involved in the courses.;",,,,,No,,,,,"Work Priorities: My primary responsibilities take precedence, and I don’t have the time or energy to get involved in the courses.;",n/a,Very Satisfied,Very Satisfied,Very Satisfied,Very Satisfied,Very Satisfied,Very Satisfied,Very Satisfied,Very Satisfied,Very Satisfied,Very Satisfied,Very Satisfied,Very Satisfied,n/a
40,8/17/2026 15:06,8/17/2026 15:39,anonymous,,Team Benjamin,,,,,,,,,,,,,,,,,,,,,,,,No,,,,,No,,,,,"I love that you are sending emails with info on what courses we need to complete in order to get different positions, pls continue!",Neutral,Neutral,Satisfied,Satisfied,Very Satisfied,Very Satisfied,Very Satisfied,Very Satisfied,Very Satisfied,"I expect better communication on updates about equipment availability, sometimes I receive notifications when equipment is available, some others I haven't and I just have to work with my own resources ",Very Satisfied,Very Satisfied,Very Satisfied,Very Satisfied,Very Satisfied,none,Satisfied,Neutral,Very Satisfied,Very Satisfied,Very Satisfied,Very Satisfied,Very Satisfied,Very Satisfied,Very Satisfied,Very Satisfied,Very Satisfied,Very Satisfied,Very Satisfied,Very Satisfied,Very Satisfied,Very Satisfied,Very Satisfied,Very Satisfied,Very Satisfied,Very Satisfied,Very Satisfied,Very Satisfied,Very Satisfied,Very Satisfied,Very Satisfied,Very Satisfied,Very Satisfied,Very Satisfied,No,,,,,,Neutral,Neutral,Neutral,Neutral,Neutral,I miss receiving emails with the payment breakdown tbh,Yes,Neutral,Satisfied,Very Satisfied,Very Satisfied,,No,,,,,"Lack of Awareness: I was unaware of the engagement activities taking place during this time period.;Schedule conflicts: The timing of the activities did not alingn with my work schedule or personal commitments.;Transportation difficulties:  I had trouble finding reliable transportation during the event."";",No,,,,No,,,,,,Lack of Knowledge: I was unaware of the discounts available with these stakeholders.;Brands Not Attractive Enough: The brands offering discounts or perks don't appeal to my preferences or needs.;Forgetfulness: I simply forgot about the available discounts and perks.;,"Id love to receive more notifications about wellness, like reminders of counseling. smae for discounts, I always forget they exist",No,"Lack of Communication: I was not aware of this benefit, so I was unable to participate.;No Recognition or Incentives: I believe there’s no tangible reward for completing the course.;Work Priorities: My primary responsibilities take precedence, and I don’t have the time or energy to get involved in the courses.;",,,,,Yes,Neutral,Neutral,Very Satisfied,Satisfied,,they should be easier to enroll,Very Satisfied,Very Satisfied,Very Satisfied,Very Satisfied,Very Satisfied,Very Satisfied,Neutral,Satisfied,Haven't used this service,Haven't used this service,Haven't used this service,Haven't used this service,none
41,8/17/2026 15:33,8/17/2026 15:39,anonymous,,Team Jorge,,,,,,,,,,,,,,,,,,,,,,,,No,,,,,Yes,Neutral,Very Satisfied,Satisfied,Very Satisfied,I'm satisfied with it,Very Satisfied,Very Satisfied,Very Satisfied,Very Satisfied,Very Satisfied,Very Satisfied,Very Satisfied,Very Satisfied,Very Satisfied,I'm satisfied with it,Haven't used this service,Haven't used this service,Haven't used this service,Haven't used this service,Haven't used this service,I don't,Very Satisfied,Very Satisfied,Very Satisfied,Very Satisfied,Very Satisfied,Very Satisfied,Very Satisfied,Very Satisfied,Very Satisfied,Very Satisfied,Very Satisfied,Very Satisfied,Very Satisfied,Very Satisfied,Very Satisfied,Very Satisfied,Very Satisfied,Very Satisfied,Very Satisfied,Very Satisfied,Very Satisfied,Very Satisfied,Very Satisfied,Very Satisfied,Very Satisfied,Very Satisfied,Very Satisfied,Very Satisfied,No,,,,,,Very Satisfied,Very Satisfied,Very Satisfied,Very Satisfied,Very Satisfied,I'm satisfied with it,No,,,,,Lack of Awareness: I was unaware of the engagement activities taking place during this time period.;,No,,,,,Lack of Awareness: I was unaware of the engagement activities taking place during this time period.;,No,,,,Yes,Satisfied,Satisfied,Satisfied,Satisfied,Satisfied,,I'm satisfied with it,No,"Work Priorities: My primary responsibilities take precedence, and I don’t have the time or energy to get involved in the courses.;Lack of Interest: I don’t find the course engaging or relevant to my role.;Lack of Communication: I was not aware of this benefit, so I was unable to participate.;",,,,,No,,,,,"Work Priorities: My primary responsibilities take precedence, and I don’t have the time or energy to get involved in the courses.;",I'm strongly satisfied with it,Very Satisfied,Very Satisfied,Very Satisfied,Very Satisfied,Very Satisfied,Very Satisfied,Very Satisfied,Very Satisfied,Very Satisfied,Very Satisfied,Very Satisfied,Very Satisfied,I'm satisfied with it..
42,8/17/2026 14:58,8/17/2026 15:40,anonymous,,"Management Team (BI, Commercial, Finance, HR, IT, MKT, Ops)",,,,,,,,,,,,,,,,,,,Haven't used this service,Haven't used this service,Haven't used this service,Haven't used this service,NA,No,,,,,No,,,,,NA,Satisfied,Very Satisfied,Very Satisfied,Very Satisfied,Very Satisfied,Very Satisfied,Very Satisfied,Very Satisfied,Very Satisfied,NA,Very Satisfied,Neutral,Satisfied,Neutral,Neutral,"Create a centralized parking management app that includes a shared license plate registry and automated notifications. Employees would use the app to register their vehicle and indicate the parking space they are occupying.  When parking in a space, the user selects ""Check In"" in the app, which records their vehicle and marks the space as occupied in real time. If another vehicle later parks in front of them (double parking), the blocked driver can select ""Check Out"" when they need to leave. The system would then automatically identify the vehicle causing the blockage and send an instant notification to its owner, requesting that the vehicle be moved.",Very Satisfied,Neutral,Very Satisfied,Very Satisfied,Very Satisfied,Very Satisfied,Very Satisfied,Satisfied,Very Satisfied,Satisfied,Very Satisfied,Very Satisfied,Very Satisfied,Satisfied,Very Satisfied,Very Satisfied,Very Satisfied,Very Satisfied,Very Satisfied,Very Satisfied,Very Satisfied,Satisfied,Very Satisfied,Very Satisfied,Neutral,Very Satisfied,Very Satisfied,Very Satisfied,No,,,,,,Neutral,Satisfied,Neutral,Very Satisfied,Very Satisfied,NA,No,,,,,Lack of Awareness: I was unaware of the engagement activities taking place during this time period.;,No,,,,,Lack of Awareness: I was unaware of the engagement activities taking place during this time period.;,No,,,,No,,,,,,Lack of Knowledge: I was unaware of the discounts available with these stakeholders.;No Immediate Need: I don't have a current need for the products or services offered through the discounts and perks.;Forgetfulness: I simply forgot about the available discounts and perks.;,NA,No,"Lack of Communication: I was not aware of this benefit, so I was unable to participate.;",,,,,No,,,,,Lack of Communication: I was not aware of the internal courses available.;,NA,Haven't used this service,Haven't used this service,Haven't used this service,Haven't used this service,Haven't used this service,Haven't used this service,Haven't used this service,Haven't used this service,Haven't used this service,Haven't used this service,Haven't used this service,Haven't used this service,na
43,8/17/2026 15:32,8/17/2026 15:40,anonymous,,Team Kirian,,,,,,,,,,,,,,,,,,,,,,,,No,,,,,No,,,,,--,Dissatisfied,Neutral,Satisfied,Neutral,Satisfied,Satisfied,Neutral,Neutral,Neutral,better computers and better internet on site,Very Satisfied,Satisfied,Satisfied,Very Dissatisfied,Neutral,don't do double parking,Neutral,Very Dissatisfied,Neutral,Dissatisfied,Neutral,Satisfied,Satisfied,Satisfied,Satisfied,Satisfied,Satisfied,Satisfied,Satisfied,Satisfied,Satisfied,Satisfied,Satisfied,Satisfied,Neutral,Satisfied,Satisfied,Neutral,Neutral,Neutral,Neutral,Neutral,Neutral,Neutral,No,,,,,,Neutral,Neutral,Dissatisfied,Neutral,Very Satisfied,pay more,No,,,,,Schedule conflicts: The timing of the activities did not align with my work schedule or personal commitments.;Workload and priorities: I had heavy workloads or pressing deadlines that prevented me from participating.;Lack of interest: The engagement activities did not appeal to my personal interes or preferences.;,No,,,,,Schedule conflicts: The timing of the activities did not alingn with my work schedule or personal commitments.;Workload and priorities: I had heavy workloads or pressing deadlines that prevented me from participating.;Lack of interest: The engagement activities did not appeal to my personal interes or preferences.;,No,,,,No,,,,,,Lack of Knowledge: I was unaware of the discounts available with these stakeholders.;Lack of Interest: The discounts and perks do not align with my personal interests or preferences.;Brands Not Attractive Enough: The brands offering discounts or perks don't appeal to my preferences or needs.;,--,No,Lack of Interest: I don’t find the course engaging or relevant to my role.;,,,,,No,,,,,"Work Priorities: My primary responsibilities take precedence, and I don’t have the time or energy to get involved in the courses.;",--,Neutral,Neutral,Neutral,Neutral,Satisfied,Satisfied,Satisfied,Satisfied,Satisfied,Satisfied,Satisfied,Satisfied,--
44,8/17/2026 15:27,8/17/2026 15:41,anonymous,,Team Kirian,,,,,,,,,,,,,,,,,,,,,,,,No,,,,,Yes,Satisfied,Satisfied,Satisfied,Satisfied,n/a,Very Satisfied,Very Satisfied,Neutral,Very Satisfied,Neutral,Neutral,Neutral,Neutral,Neutral,DeskTime problem. I suggest to change the app or not using it anymore,Neutral,Dissatisfied,Dissatisfied,Dissatisfied,Dissatisfied,More parking spots for UAM teams to not feel seggregate,Very Satisfied,Dissatisfied,Very Satisfied,Very Satisfied,Very Satisfied,Very Satisfied,Very Satisfied,Very Satisfied,Very Satisfied,Very Satisfied,Very Satisfied,Very Satisfied,Very Satisfied,Very Satisfied,Very Satisfied,Very Satisfied,Very Satisfied,Very Satisfied,Very Satisfied,Very Satisfied,Very Satisfied,Very Satisfied,Very Satisfied,Haven't used this service,Satisfied,Haven't used this service,Haven't used this service,Haven't used this service,No,,,,,,Very Satisfied,Very Satisfied,Very Satisfied,Very Satisfied,Very Satisfied,n/a,No,,,,,Schedule conflicts: The timing of the activities did not align with my work schedule or personal commitments.;Workload and priorities: I had heavy workloads or pressing deadlines that prevented me from participating.;Lack of interest: The engagement activities did not appeal to my personal interes or preferences.;,No,,,,,Schedule conflicts: The timing of the activities did not alingn with my work schedule or personal commitments.;Workload and priorities: I had heavy workloads or pressing deadlines that prevented me from participating.;Lack of interest: The engagement activities did not appeal to my personal interes or preferences.;,No,,,,No,,,,,,Lack of Knowledge: I was unaware of the discounts available with these stakeholders.;No Immediate Need: I don't have a current need for the products or services offered through the discounts and perks.;Forgetfulness: I simply forgot about the available discounts and perks.;,n/a,No,"Work Priorities: My primary responsibilities take precedence, and I don’t have the time or energy to get involved in the courses.;Lack of Interest: I don’t find the course engaging or relevant to my role.;No Recognition or Incentives: I believe there’s no tangible reward for completing the course.;",,,,,No,,,,,"Lack of Interest: I don’t find the course engaging or relevant to my role.;Work Priorities: My primary responsibilities take precedence, and I don’t have the time or energy to get involved in the courses.;",n/a,Very Satisfied,Very Satisfied,Very Satisfied,Very Satisfied,Very Satisfied,Very Satisfied,Very Satisfied,Very Satisfied,Haven't used this service,Haven't used this service,Haven't used this service,Haven't used this service,n/a
45,8/17/2026 15:28,8/17/2026 15:41,anonymous,,Team Benjamin,,,,,,,,,,,,,,,,,,,,,,,,No,,,,,No,,,,,idk,Neutral,Neutral,Satisfied,Satisfied,Neutral,Neutral,Neutral,Neutral,Neutral,Providing solutions faster,Neutral,Very Dissatisfied,Very Dissatisfied,Very Dissatisfied,Neutral,"The current parking arrangement is very stressful and inconvenient, especially for employees who commute from other cities or live far from the office. Because of the distance and heavy traffic, we often need to leave promptly at the end of our shifts to avoid making an already long commute even more stressful.  Cars are parked two-deep, so employees are frequently blocked by another vehicle and must request through a group chat that the car in front be moved. Responses are not always immediate, which can cause significant delays. Additionally, there is little to no phone signal in the parking area, so we may have to return to the fifth floor just to send the message.  A more accessible parking arrangement or a reliable process that prevents vehicles from being blocked would greatly reduce stress and unnecessary delays, particularly for employees with long commutes.",Neutral,Very Dissatisfied,Neutral,Very Dissatisfied,Satisfied,Satisfied,Neutral,Neutral,Neutral,Neutral,Satisfied,Satisfied,Satisfied,Satisfied,Satisfied,Satisfied,Satisfied,Satisfied,Satisfied,Satisfied,Satisfied,Neutral,Neutral,Neutral,Neutral,Neutral,Neutral,Neutral,No,,,,,,Satisfied,Satisfied,Satisfied,Satisfied,Very Satisfied,"Consider implementing an every-other-Friday payroll schedule. A consistent biweekly payday could make it easier for employees to plan their budgets, manage recurring expenses, and know exactly when to expect their pay.",No,,,,,Schedule conflicts: The timing of the activities did not align with my work schedule or personal commitments.;Transportation difficulties:  I had trouble finding reliable transportation during the event.;Workload and priorities: I had heavy workloads or pressing deadlines that prevented me from participating.;,No,,,,,"Workload and priorities: I had heavy workloads or pressing deadlines that prevented me from participating.;Transportation difficulties:  I had trouble finding reliable transportation during the event."";Schedule conflicts: The timing of the activities did not alingn with my work schedule or personal commitments.;",No,,,,No,,,,,,Forgetfulness: I simply forgot about the available discounts and perks.;No Immediate Need: I don't have a current need for the products or services offered through the discounts and perks.;,NA,No,"Work Priorities: My primary responsibilities take precedence, and I don’t have the time or energy to get involved in the courses.;Lack of Communication: I was not aware of this benefit, so I was unable to participate.;Lack of Interest: I don’t find the course engaging or relevant to my role.;",,,,,No,,,,,"Work Priorities: My primary responsibilities take precedence, and I don’t have the time or energy to get involved in the courses.;",NA,Very Satisfied,Very Satisfied,Very Satisfied,Very Satisfied,Very Satisfied,Very Satisfied,Very Satisfied,Very Satisfied,Very Satisfied,Very Satisfied,Very Satisfied,Very Satisfied,they are good for now
46,8/17/2026 15:28,8/17/2026 15:43,anonymous,,Team Kirian,,,,,,,,,,,,,,,,,,,,,,,,No,,,,,No,,,,,.,Dissatisfied,Neutral,Neutral,Neutral,Neutral,Neutral,Neutral,Neutral,Neutral,.,Neutral,Neutral,Neutral,Neutral,Neutral,.,Satisfied,Dissatisfied,Satisfied,Satisfied,Satisfied,Satisfied,Satisfied,Satisfied,Satisfied,Satisfied,Satisfied,Satisfied,Satisfied,Satisfied,Satisfied,Satisfied,Satisfied,Satisfied,Satisfied,Satisfied,Satisfied,Satisfied,Satisfied,Satisfied,Satisfied,Satisfied,Satisfied,Satisfied,No,,,,,,Dissatisfied,Dissatisfied,Dissatisfied,Dissatisfied,Satisfied,.,Yes,Satisfied,Satisfied,Satisfied,Satisfied,,No,,,,,"Schedule conflicts: The timing of the activities did not alingn with my work schedule or personal commitments.;Transportation difficulties:  I had trouble finding reliable transportation during the event."";Lack of interest: The engagement activities did not appeal to my personal interes or preferences.;",No,,,,No,,,,,,Brands Not Attractive Enough: The brands offering discounts or perks don't appeal to my preferences or needs.;Lack of Interest: The discounts and perks do not align with my personal interests or preferences.;No Immediate Need: I don't have a current need for the products or services offered through the discounts and perks.;,.,No,Lack of Interest: I don’t find the course engaging or relevant to my role.;,,,,,No,,,,,Lack of Interest: I don’t find the course engaging or relevant to my role.;,.,Neutral,Neutral,Neutral,Neutral,Satisfied,Satisfied,Satisfied,Satisfied,Satisfied,Satisfied,Satisfied,Satisfied,.
47,8/17/2026 15:29,8/17/2026 15:44,anonymous,,Team Kirian,,,,,,,,,,,,,,,,,,,,,,,,No,,,,,No,,,,,-,Satisfied,Satisfied,Satisfied,Satisfied,Satisfied,Very Satisfied,Very Satisfied,Very Satisfied,Satisfied,-,Haven't used this service,Haven't used this service,Haven't used this service,Haven't used this service,Haven't used this service,-,Satisfied,Dissatisfied,Satisfied,Dissatisfied,Very Satisfied,Very Satisfied,Very Satisfied,Very Satisfied,Very Satisfied,Very Satisfied,Very Satisfied,Very Satisfied,Satisfied,Satisfied,Very Satisfied,Satisfied,Very Satisfied,Very Satisfied,Very Satisfied,Very Satisfied,Very Satisfied,Dissatisfied,Satisfied,Very Satisfied,Very Satisfied,Very Satisfied,Very Satisfied,Satisfied,No,,,,,,Very Satisfied,Very Satisfied,Very Satisfied,Satisfied,Very Satisfied,-,No,,,,,Lack of Awareness: I was unaware of the engagement activities taking place during this time period.;Lack of interest: The engagement activities did not appeal to my personal interes or preferences.;,Yes,Very Satisfied,Very Satisfied,Very Satisfied,Very Satisfied,,No,,,,No,,,,,,Lack of Knowledge: I was unaware of the discounts available with these stakeholders.;Brands Not Attractive Enough: The brands offering discounts or perks don't appeal to my preferences or needs.;No Immediate Need: I don't have a current need for the products or services offered through the discounts and perks.;,-,No,Lack of Interest: I don’t find the course engaging or relevant to my role.;No Recognition or Incentives: I believe there’s no tangible reward for completing the course.;,,,,,No,,,,,Lack of Interest: I don’t find the course engaging or relevant to my role.;Lack of Communication: I was not aware of the internal courses available.;,-,Very Satisfied,Very Satisfied,Very Satisfied,Very Satisfied,Very Satisfied,Very Satisfied,Very Satisfied,Very Satisfied,Haven't used this service,Haven't used this service,Haven't used this service,Haven't used this service,-
48,8/17/2026 15:41,8/17/2026 15:45,anonymous,,Team Kirian,,,,,,,,,,,,,,,,,,,,,,,,No,,,,,No,,,,,"We have like 10 teams and employees of the year, top, etc, are always the same people... ",Haven't used this service,Very Satisfied,Very Satisfied,Very Satisfied,Very Satisfied,Very Satisfied,Very Satisfied,Very Satisfied,Very Satisfied,NA,Haven't used this service,Haven't used this service,Haven't used this service,Haven't used this service,Haven't used this service,NA,Very Dissatisfied,Satisfied,Very Satisfied,Very Dissatisfied,Very Satisfied,Very Satisfied,Very Satisfied,Very Satisfied,Very Satisfied,Very Satisfied,Very Satisfied,Very Satisfied,Very Satisfied,Very Satisfied,Very Satisfied,Very Satisfied,Very Satisfied,Very Satisfied,Very Satisfied,Very Satisfied,Very Satisfied,Haven't used this service,Haven't used this service,Haven't used this service,Haven't used this service,Haven't used this service,Haven't used this service,Haven't used this service,No,,,,,,Very Satisfied,Very Satisfied,Very Satisfied,Very Satisfied,Very Satisfied,NA,No,,,,,Schedule conflicts: The timing of the activities did not align with my work schedule or personal commitments.;Transportation difficulties:  I had trouble finding reliable transportation during the event.;,No,,,,,"Schedule conflicts: The timing of the activities did not alingn with my work schedule or personal commitments.;Transportation difficulties:  I had trouble finding reliable transportation during the event."";Lack of interest: The engagement activities did not appeal to my personal interes or preferences.;",No,,,,Yes,Very Satisfied,Very Satisfied,Very Satisfied,Very Satisfied,Very Satisfied,,NA,No,"Work Priorities: My primary responsibilities take precedence, and I don’t have the time or energy to get involved in the courses.;Lack of Interest: I don’t find the course engaging or relevant to my role.;",,,,,No,,,,,Lack of Interest: I don’t find the course engaging or relevant to my role.;,NA,Satisfied,Satisfied,Satisfied,Satisfied,Very Satisfied,Very Satisfied,Very Satisfied,Very Satisfied,Very Satisfied,Very Satisfied,Very Satisfied,Very Satisfied,NA
49,8/17/2026 15:34,8/17/2026 15:46,anonymous,,Team Alejandra Choriego,,,,,,,,,,,,,,,,,,,,,,,,No,,,,,No,,,,,Continue doing the MVP recognition,Neutral,Satisfied,Satisfied,Haven't used this service,Very Satisfied,Satisfied,Satisfied,Haven't used this service,Satisfied,To evaluate all the equipment to update the ones that are damage,Very Satisfied,Very Satisfied,Satisfied,Dissatisfied,Neutral,The badge should work to access the parking lot. Also not all employees have label number.,Satisfied,Very Dissatisfied,Satisfied,Dissatisfied,Satisfied,Satisfied,Satisfied,Dissatisfied,Satisfied,Satisfied,Satisfied,Satisfied,Satisfied,Satisfied,Satisfied,Satisfied,Satisfied,Satisfied,Neutral,Satisfied,Satisfied,Haven't used this service,Haven't used this service,Haven't used this service,Haven't used this service,Haven't used this service,Haven't used this service,Haven't used this service,No,,,,,,Very Satisfied,Very Satisfied,Very Satisfied,Haven't used this service,Very Satisfied,None,No,,,,,Schedule conflicts: The timing of the activities did not align with my work schedule or personal commitments.;,No,,,,,Schedule conflicts: The timing of the activities did not alingn with my work schedule or personal commitments.;Lack of interest: The engagement activities did not appeal to my personal interes or preferences.;,Yes,Satisfied,Satisfied,Satisfied,No,,,,,,Lack of Interest: The discounts and perks do not align with my personal interests or preferences.;Brands Not Attractive Enough: The brands offering discounts or perks don't appeal to my preferences or needs.;Forgetfulness: I simply forgot about the available discounts and perks.;,.,No,"Work Priorities: My primary responsibilities take precedence, and I don’t have the time or energy to get involved in the courses.;",,,,,No,,,,,"Work Priorities: My primary responsibilities take precedence, and I don’t have the time or energy to get involved in the courses.;Lack of Interest: I don’t find the course engaging or relevant to my role.;",.,Haven't used this service,Haven't used this service,Haven't used this service,Haven't used this service,Very Satisfied,Very Satisfied,Very Satisfied,Very Satisfied,Haven't used this service,Haven't used this service,Haven't used this service,Haven't used this service,.
50,8/17/2026 15:41,8/17/2026 15:47,anonymous,,Team Kirian,,,,,,,,,,,,,,,,,,,,,,,,No,,,,,No,,,,,na,Dissatisfied,Very Satisfied,Haven't used this service,Very Satisfied,Neutral,Neutral,Neutral,Neutral,Neutral,na,Dissatisfied,Dissatisfied,Dissatisfied,Dissatisfied,Very Dissatisfied,clrar rotulations,Very Dissatisfied,Very Dissatisfied,Satisfied,Very Dissatisfied,Satisfied,Satisfied,Very Dissatisfied,Dissatisfied,Very Dissatisfied,Very Dissatisfied,Satisfied,Very Dissatisfied,Very Dissatisfied,Very Dissatisfied,Very Dissatisfied,Very Dissatisfied,Very Dissatisfied,Very Dissatisfied,Very Dissatisfied,Very Dissatisfied,Very Dissatisfied,Haven't used this service,Haven't used this service,Haven't used this service,Haven't used this service,Haven't used this service,Haven't used this service,Haven't used this service,No,,,,,,Satisfied,Satisfied,Satisfied,Satisfied,Satisfied,na,No,,,,,Schedule conflicts: The timing of the activities did not align with my work schedule or personal commitments.;Workload and priorities: I had heavy workloads or pressing deadlines that prevented me from participating.;,No,,,,,Lack of Awareness: I was unaware of the engagement activities taking place during this time period.;Schedule conflicts: The timing of the activities did not alingn with my work schedule or personal commitments.;Lack of interest: The engagement activities did not appeal to my personal interes or preferences.;,No,,,,Yes,Satisfied,Satisfied,Satisfied,Satisfied,Satisfied,,na,No,"Work Priorities: My primary responsibilities take precedence, and I don’t have the time or energy to get involved in the courses.;No Recognition or Incentives: I believe there’s no tangible reward for completing the course.;Lack of Communication: I was not aware of this benefit, so I was unable to participate.;",,,,,No,,,,,"Work Priorities: My primary responsibilities take precedence, and I don’t have the time or energy to get involved in the courses.;Lack of Interest: I don’t find the course engaging or relevant to my role.;Difficult Enrollment Process: I find signing up for the course is complicated;",na,Strongly Dissatisfied,Strongly Dissatisfied,Strongly Dissatisfied,Strongly Dissatisfied,Strongly Dissatisfied,Strongly Dissatisfied,Strongly Dissatisfied,Strongly Dissatisfied,Strongly Dissatisfied,Strongly Dissatisfied,Strongly Dissatisfied,Strongly Dissatisfied,na
51,8/17/2026 15:37,8/17/2026 15:47,anonymous,,Team Jorge,,,,,,,,,,,,,,,,,,,,,,,,No,,,,,No,,,,,Maybe a Halloween party.,Dissatisfied,Dissatisfied,Dissatisfied,Neutral,Neutral,Neutral,Neutral,Neutral,Neutral,Maybe consider updating the equipment provided to employees. I had a major issue with a client because of this.,Very Satisfied,Very Satisfied,Very Satisfied,Very Satisfied,Very Satisfied,N/A,Neutral,Neutral,Neutral,Neutral,Neutral,Neutral,Neutral,Neutral,Neutral,Neutral,Neutral,Neutral,Neutral,Neutral,Neutral,Neutral,Neutral,Neutral,Neutral,Neutral,Neutral,Neutral,Neutral,Neutral,Neutral,Neutral,Neutral,Neutral,No,,,,,,Satisfied,Satisfied,Satisfied,Satisfied,Satisfied,N/A,No,,,,,Lack of interest: The engagement activities did not appeal to my personal interes or preferences.;,Yes,Dissatisfied,Dissatisfied,Dissatisfied,Dissatisfied,,No,,,,No,,,,,,Brands Not Attractive Enough: The brands offering discounts or perks don't appeal to my preferences or needs.;Lack of Interest: The discounts and perks do not align with my personal interests or preferences.;,"Maybe add more brands to accommodate everyone’s tastes, rather than catering to just one group, and include some good snacks in the kitchenette.",No,"Lack of Communication: I was not aware of this benefit, so I was unable to participate.;Lack of Interest: I don’t find the course engaging or relevant to my role.;",,,,,No,,,,,Difficult Enrollment Process: I find signing up for the course is complicated;Lack of Communication: I was not aware of the internal courses available.;,N/A,Very Satisfied,Very Satisfied,Very Satisfied,Very Satisfied,Very Satisfied,Very Satisfied,Very Satisfied,Very Satisfied,Very Satisfied,Very Satisfied,Very Satisfied,Very Satisfied,N/A
52,8/17/2026 15:45,8/17/2026 15:50,anonymous,,Team Kirian,,,,,,,,,,,,,,,,,,,,,,,,No,,,,,No,,,,,N/A,Strongly Dissatisfied,Neutral,Neutral,Satisfied,Dissatisfied,Dissatisfied,Dissatisfied,Dissatisfied,Dissatisfied,NA,Satisfied,Dissatisfied,Very Dissatisfied,Very Dissatisfied,Very Dissatisfied,NA,Dissatisfied,Neutral,Satisfied,Very Dissatisfied,Satisfied,Satisfied,Satisfied,Satisfied,Satisfied,Satisfied,Satisfied,Satisfied,Satisfied,Satisfied,Satisfied,Satisfied,Satisfied,Satisfied,Satisfied,Satisfied,Satisfied,Neutral,Neutral,Neutral,Neutral,Neutral,Neutral,Neutral,No,,,,,,Satisfied,Neutral,Neutral,Neutral,Neutral,NA ,No,,,,,Schedule conflicts: The timing of the activities did not align with my work schedule or personal commitments.;Transportation difficulties:  I had trouble finding reliable transportation during the event.;Workload and priorities: I had heavy workloads or pressing deadlines that prevented me from participating.;,No,,,,,"Schedule conflicts: The timing of the activities did not alingn with my work schedule or personal commitments.;Transportation difficulties:  I had trouble finding reliable transportation during the event."";Workload and priorities: I had heavy workloads or pressing deadlines that prevented me from participating.;",No,,,,No,,,,,,Brands Not Attractive Enough: The brands offering discounts or perks don't appeal to my preferences or needs.;No Immediate Need: I don't have a current need for the products or services offered through the discounts and perks.;,NA,No,No Recognition or Incentives: I believe there’s no tangible reward for completing the course.;,,,,,No,,,,,Lack of Interest: I don’t find the course engaging or relevant to my role.;,NA,Neutral,Neutral,Neutral,Neutral,Neutral,Neutral,Neutral,Neutral,Neutral,Neutral,Neutral,Neutral,NA
53,8/17/2026 15:27,8/17/2026 15:54,anonymous,,Team Creative,,,,,,,,,,,,,,,,,,,,,,,,No,,,,,No,,,,,"You should keep doing the promotion available and the referrals. You should start opening up some other promotion that are not directly linked with being a team leader and more about the profession itself, brand management, creative direction, etc.",Dissatisfied,Satisfied,Satisfied,Satisfied,Very Satisfied,Satisfied,Satisfied,Satisfied,Very Satisfied,Mostly continue the support for cleaning the pc's but also giving out some little goodies to keep them clean at home. Also some type of remote help could be interesting for the ones that are not available to go on site on specific times,Haven't used this service,Haven't used this service,Haven't used this service,Haven't used this service,Haven't used this service,Haven't used this service,Satisfied,Neutral,Very Satisfied,Satisfied,Satisfied,Very Satisfied,Very Satisfied,Very Satisfied,Very Satisfied,Very Satisfied,Very Satisfied,Neutral,Neutral,Satisfied,Neutral,Neutral,Neutral,Neutral,Dissatisfied,Satisfied,Satisfied,Very Satisfied,Very Satisfied,Very Satisfied,Very Satisfied,Very Satisfied,Very Satisfied,Very Satisfied,No,,,,,,Neutral,Haven't used this service,Haven't used this service,Haven't used this service,Very Satisfied,Se deberia de continuar el calendario de pagos. Dar un tipo de ppt en el que se detallen el tipo de descuento que aplica para planilla y donde se explique los temas de la renta para personas nuevas de la empresa.,No,,,,,Schedule conflicts: The timing of the activities did not align with my work schedule or personal commitments.;Transportation difficulties:  I had trouble finding reliable transportation during the event.;,No,,,,,"Schedule conflicts: The timing of the activities did not alingn with my work schedule or personal commitments.;Transportation difficulties:  I had trouble finding reliable transportation during the event."";",Yes,Neutral,Satisfied,Neutral,No,,,,,,No Immediate Need: I don't have a current need for the products or services offered through the discounts and perks.;Brands Not Attractive Enough: The brands offering discounts or perks don't appeal to my preferences or needs.;,"Explicar mejor como acceder a estos beneficios, si por ejemplo en restaurantes o locales hay que presentar carnets de trabajo para ir preparados. Se deberian de cambiar estos beneficios de trabajar en la UAM app donde solo aparecen beneficios anteriores. ",No,"Lack of Communication: I was not aware of this benefit, so I was unable to participate.;",,,,,No,,,,,Lack of Interest: I don’t find the course engaging or relevant to my role.;,Need more courses for the creative team that can expand our knowledge or explore other disciplines,Haven't used this service,Haven't used this service,Haven't used this service,Haven't used this service,Haven't used this service,Haven't used this service,Haven't used this service,Haven't used this service,Haven't used this service,Haven't used this service,Haven't used this service,Haven't used this service,"Explicar como es el proceso para personas nuevas que entran a la oficina, usualmente solo se entregan las credenciales y la mayoria de cosas se asumen, pero no estaria de mas un mini video explicando como pedir vacaciones, ausencias, etc."
54,8/17/2026 15:45,8/17/2026 15:55,anonymous,,Team Benjamin,,,,,,,,,,,,,,,,,,,,,,,,No,,,,,No,,,,,NA,Satisfied,Satisfied,Satisfied,Satisfied,Neutral,Neutral,Neutral,Neutral,Neutral,NA,Satisfied,Satisfied,Satisfied,Satisfied,Satisfied,NA,Satisfied,Satisfied,Satisfied,Satisfied,Satisfied,Very Satisfied,Very Satisfied,Very Satisfied,Very Satisfied,Very Satisfied,Very Satisfied,Satisfied,Satisfied,Neutral,Satisfied,Satisfied,Satisfied,Satisfied,Satisfied,Satisfied,Satisfied,Satisfied,Satisfied,Satisfied,Satisfied,Satisfied,Satisfied,Satisfied,No,,,,,,Satisfied,Satisfied,Satisfied,Satisfied,Very Satisfied,Good job,No,,,,,Schedule conflicts: The timing of the activities did not align with my work schedule or personal commitments.;,No,,,,,Schedule conflicts: The timing of the activities did not alingn with my work schedule or personal commitments.;,Yes,Satisfied,Satisfied,Satisfied,No,,,,,,No Immediate Need: I don't have a current need for the products or services offered through the discounts and perks.;Forgetfulness: I simply forgot about the available discounts and perks.;,"Good activities, but need to be more frequent",No,"Work Priorities: My primary responsibilities take precedence, and I don’t have the time or energy to get involved in the courses.;Lack of Communication: I was not aware of this benefit, so I was unable to participate.;",,,,,No,,,,,"Work Priorities: My primary responsibilities take precedence, and I don’t have the time or energy to get involved in the courses.;Lack of Communication: I was not aware of the internal courses available.;",NA,Haven't used this service,Haven't used this service,Haven't used this service,Haven't used this service,Very Satisfied,Very Satisfied,Very Satisfied,Very Satisfied,Very Satisfied,Very Satisfied,Very Satisfied,Very Satisfied,NA
55,8/17/2026 15:46,8/17/2026 15:55,anonymous,,Team Benjamin,,,,,,,,,,,,,,,,,,,,,,,,No,,,,,No,,,,,continuing in growing and creating new opportunities ,Strongly Dissatisfied,Strongly Dissatisfied,Dissatisfied,Neutral,Neutral,Neutral,Neutral,Satisfied,Very Satisfied,"IT should continue providing solutions, I have battery issues one month ago and I have no solutions for it yet ",Haven't used this service,Haven't used this service,Haven't used this service,Haven't used this service,Haven't used this service,have not used this service ,Very Satisfied,Very Satisfied,Very Satisfied,Very Satisfied,Very Satisfied,Satisfied,Satisfied,Satisfied,Satisfied,Very Dissatisfied,Satisfied,Very Satisfied,Very Satisfied,Very Satisfied,Very Satisfied,Very Satisfied,Very Satisfied,Very Satisfied,Very Satisfied,Very Satisfied,Very Satisfied,Very Satisfied,Very Satisfied,Haven't used this service,Haven't used this service,Haven't used this service,Haven't used this service,Haven't used this service,No,,,,,,Satisfied,Satisfied,Satisfied,Very Satisfied,Very Satisfied,continue providing breakdown of charges ,No,,,,,Lack of Awareness: I was unaware of the engagement activities taking place during this time period.;Schedule conflicts: The timing of the activities did not align with my work schedule or personal commitments.;Transportation difficulties:  I had trouble finding reliable transportation during the event.;,Yes,Satisfied,Satisfied,Satisfied,Satisfied,,No,,,,No,,,,,,Brands Not Attractive Enough: The brands offering discounts or perks don't appeal to my preferences or needs.;,include more attractive perks ,No,"No Recognition or Incentives: I believe there’s no tangible reward for completing the course.;Lack of Communication: I was not aware of this benefit, so I was unable to participate.;",,,,,No,,,,,"Difficult Enrollment Process: I find signing up for the course is complicated;Lack of Communication: I was not aware of the internal courses available.;Work Priorities: My primary responsibilities take precedence, and I don’t have the time or energy to get involved in the courses.;",continuing growing ,Very Satisfied,Very Satisfied,Very Satisfied,Very Satisfied,Very Satisfied,Very Satisfied,Very Satisfied,Very Satisfied,Very Satisfied,Very Satisfied,Very Satisfied,Very Satisfied,great
56,8/17/2026 15:44,8/17/2026 15:58,anonymous,,Team Kirian,,,,,,,,,,,,,,,,,,,,,,,,No,,,,,No,,,,,"I dont know what they currently doing, actually ",Strongly Dissatisfied,Haven't used this service,Haven't used this service,Very Satisfied,Very Satisfied,Very Satisfied,Very Satisfied,Very Satisfied,Very Satisfied,They do a great job!,Haven't used this service,Haven't used this service,Haven't used this service,Haven't used this service,Haven't used this service,no,Very Satisfied,Neutral,Satisfied,Satisfied,Very Satisfied,Very Satisfied,Very Satisfied,Very Satisfied,Very Satisfied,Very Satisfied,Very Satisfied,Very Satisfied,Very Satisfied,Very Satisfied,Very Satisfied,Very Satisfied,Very Satisfied,Very Satisfied,Very Satisfied,Very Satisfied,Very Satisfied,Haven't used this service,Haven't used this service,Haven't used this service,Haven't used this service,Haven't used this service,Haven't used this service,Haven't used this service,No,,,,,,Very Dissatisfied,Very Dissatisfied,Very Dissatisfied,Satisfied,Very Satisfied,"Siempre que pregunto a cerca del por que me toca pagar renta todos los anios han sido $800 y hacienda me dice que es por que mi empleador no hace los decsuentos correspondientes, entiendo que con el cambio que al bono le descuenten afp y seguro ahora sera diferente etsoy esperando la renta del otro anio por que este anio me dijeorn que no iba a paar renta por esos descuentos y termine pagando $300 entonces nunca saben responder o no saben como explicarte que tipo de descuentos te estan haciendo y por que, pero mi renta siempre a sido alta desde que trabajo en UAM y me dan bonos ",No,,,,,Lack of Awareness: I was unaware of the engagement activities taking place during this time period.;Schedule conflicts: The timing of the activities did not align with my work schedule or personal commitments.;Transportation difficulties:  I had trouble finding reliable transportation during the event.;,No,,,,,"Lack of Awareness: I was unaware of the engagement activities taking place during this time period.;Transportation difficulties:  I had trouble finding reliable transportation during the event."";Workload and priorities: I had heavy workloads or pressing deadlines that prevented me from participating.;",No,,,,No,,,,,,Lack of Knowledge: I was unaware of the discounts available with these stakeholders.;Lack of Interest: The discounts and perks do not align with my personal interests or preferences.;Brands Not Attractive Enough: The brands offering discounts or perks don't appeal to my preferences or needs.;,no ideas ,No,"No Recognition or Incentives: I believe there’s no tangible reward for completing the course.;Lack of Interest: I don’t find the course engaging or relevant to my role.;Lack of Communication: I was not aware of this benefit, so I was unable to participate.;",,,,,No,,,,,"Work Priorities: My primary responsibilities take precedence, and I don’t have the time or energy to get involved in the courses.;Lack of Interest: I don’t find the course engaging or relevant to my role.;",no ,Very Satisfied,Haven't used this service,Haven't used this service,Haven't used this service,Very Satisfied,Very Satisfied,Haven't used this service,Haven't used this service,Haven't used this service,Haven't used this service,Haven't used this service,Haven't used this service,no
57,8/17/2026 15:47,8/17/2026 16:01,anonymous,,Team Alejandra Choriego,,,,,,,,,,,,,,,,,,,,,,,,No,,,,,No,,,,,continue the referral program,Strongly Dissatisfied,Satisfied,Neutral,Very Satisfied,Neutral,Very Satisfied,Neutral,Very Satisfied,Neutral,"update equipments, have more a small stock of things  that need replacement often like batteries ",Satisfied,Satisfied,Neutral,Neutral,Neutral,No,Neutral,Dissatisfied,Neutral,Very Dissatisfied,Satisfied,Very Satisfied,Very Satisfied,Very Satisfied,Very Satisfied,Very Satisfied,Very Satisfied,Satisfied,Satisfied,Satisfied,Satisfied,Satisfied,Satisfied,Satisfied,Satisfied,Satisfied,Satisfied,Very Satisfied,Very Satisfied,Very Satisfied,Very Satisfied,Very Satisfied,Very Satisfied,Very Satisfied,No,,,,,,Very Satisfied,Very Satisfied,Very Satisfied,Very Satisfied,Very Satisfied,nothing to add,No,,,,,Workload and priorities: I had heavy workloads or pressing deadlines that prevented me from participating.;,Yes,Very Satisfied,Very Satisfied,Very Satisfied,Very Satisfied,,No,,,,No,,,,,,No Immediate Need: I don't have a current need for the products or services offered through the discounts and perks.;Forgetfulness: I simply forgot about the available discounts and perks.;,continue everything! ,No,"Work Priorities: My primary responsibilities take precedence, and I don’t have the time or energy to get involved in the courses.;",,,,,Yes,Satisfied,Satisfied,Satisfied,Satisfied,,nothing to add,Very Satisfied,Very Satisfied,Very Satisfied,Very Satisfied,Very Satisfied,Very Satisfied,Very Satisfied,Very Satisfied,Very Satisfied,Very Satisfied,Very Satisfied,Very Satisfied,nothing to add
58,8/17/2026 15:54,8/17/2026 16:01,anonymous,,Team Alejandra Helena,,,,,,,,,,,,,,,,,,,,,,,,No,,,,,No,,,,,After office meetings.,Satisfied,Satisfied,Satisfied,Haven't used this service,Satisfied,Satisfied,Satisfied,Satisfied,Satisfied,NA,Haven't used this service,Haven't used this service,Haven't used this service,Haven't used this service,Haven't used this service,No,Dissatisfied,Dissatisfied,Neutral,Dissatisfied,Very Satisfied,Very Satisfied,Very Satisfied,Very Satisfied,Very Satisfied,Very Satisfied,Very Satisfied,Satisfied,Satisfied,Satisfied,Neutral,Neutral,Neutral,Satisfied,Satisfied,Very Satisfied,Satisfied,Satisfied,Satisfied,Satisfied,Satisfied,Satisfied,Satisfied,Satisfied,No,,,,,,Very Satisfied,Very Satisfied,Very Satisfied,Very Satisfied,Very Satisfied,All good here,No,,,,,Schedule conflicts: The timing of the activities did not align with my work schedule or personal commitments.;Workload and priorities: I had heavy workloads or pressing deadlines that prevented me from participating.;Lack of interest: The engagement activities did not appeal to my personal interes or preferences.;,No,,,,,"Schedule conflicts: The timing of the activities did not alingn with my work schedule or personal commitments.;Transportation difficulties:  I had trouble finding reliable transportation during the event."";Workload and priorities: I had heavy workloads or pressing deadlines that prevented me from participating.;",Yes,Satisfied,Satisfied,Satisfied,No,,,,,,Lack of Interest: The discounts and perks do not align with my personal interests or preferences.;No Immediate Need: I don't have a current need for the products or services offered through the discounts and perks.;Brands Not Attractive Enough: The brands offering discounts or perks don't appeal to my preferences or needs.;,I'm good with it,No,"Work Priorities: My primary responsibilities take precedence, and I don’t have the time or energy to get involved in the courses.;Lack of Interest: I don’t find the course engaging or relevant to my role.;No Recognition or Incentives: I believe there’s no tangible reward for completing the course.;",,,,,No,,,,,"Work Priorities: My primary responsibilities take precedence, and I don’t have the time or energy to get involved in the courses.;Lack of Interest: I don’t find the course engaging or relevant to my role.;Difficult Enrollment Process: I find signing up for the course is complicated;",Maybe GIS,Satisfied,Satisfied,Satisfied,Satisfied,Satisfied,Satisfied,Satisfied,Satisfied,Satisfied,Satisfied,Satisfied,Satisfied,I'm OK
59,8/17/2026 15:53,8/17/2026 16:07,anonymous,,Team Kirian,,,,,,,,,,,,,,,,,,,,,,,,No,,,,,No,,,,,idk,Satisfied,Very Satisfied,Very Satisfied,Very Satisfied,Satisfied,Satisfied,Satisfied,Very Satisfied,Neutral,idk,Satisfied,Dissatisfied,Dissatisfied,Very Dissatisfied,Dissatisfied,idk,Satisfied,Neutral,Satisfied,Very Dissatisfied,Very Satisfied,Very Satisfied,Neutral,Neutral,Neutral,Satisfied,Satisfied,Neutral,Neutral,Neutral,Neutral,Neutral,Neutral,Neutral,Dissatisfied,Very Satisfied,Neutral,Neutral,Neutral,Neutral,Neutral,Neutral,Neutral,Neutral,No,,,,,,Satisfied,Dissatisfied,Neutral,Satisfied,Very Satisfied,idk,No,,,,,Schedule conflicts: The timing of the activities did not align with my work schedule or personal commitments.;,Yes,Satisfied,Satisfied,Satisfied,Satisfied,,No,,,,No,,,,,,Lack of Interest: The discounts and perks do not align with my personal interests or preferences.;,idk,No,Lack of Interest: I don’t find the course engaging or relevant to my role.;,,,,,Yes,Neutral,Dissatisfied,Very Satisfied,Very Satisfied,,idk,Satisfied,Satisfied,Satisfied,Satisfied,Haven't used this service,Haven't used this service,Haven't used this service,Haven't used this service,Haven't used this service,Haven't used this service,Haven't used this service,Haven't used this service,idk
60,8/17/2026 15:53,8/17/2026 16:15,anonymous,,Team Steffany,,,,,,,,,,,,,,,,,,,,,,,,No,,,,,No,,,,,no comments,Satisfied,Very Satisfied,Very Satisfied,Very Satisfied,Very Satisfied,Very Satisfied,Very Satisfied,Very Satisfied,Very Satisfied,service provided by the IT Team is really good,Very Satisfied,Very Satisfied,Very Satisfied,Very Satisfied,Very Satisfied,no at the moment,Satisfied,Satisfied,Satisfied,Satisfied,Satisfied,Very Satisfied,Very Satisfied,Very Satisfied,Very Satisfied,Very Satisfied,Very Satisfied,Very Satisfied,Very Satisfied,Very Satisfied,Very Satisfied,Very Satisfied,Very Satisfied,Very Satisfied,Very Satisfied,Very Satisfied,Very Satisfied,Very Satisfied,Very Satisfied,Very Satisfied,Haven't used this service,Very Satisfied,Haven't used this service,Haven't used this service,No,,,,,,Very Satisfied,Very Satisfied,Very Satisfied,Very Satisfied,Very Satisfied,Really good communication,No,,,,,Schedule conflicts: The timing of the activities did not align with my work schedule or personal commitments.;,Yes,Very Satisfied,Very Satisfied,Very Satisfied,Very Satisfied,,No,,,,No,,,,,,Brands Not Attractive Enough: The brands offering discounts or perks don't appeal to my preferences or needs.;No Immediate Need: I don't have a current need for the products or services offered through the discounts and perks.;,no comments,No,"Work Priorities: My primary responsibilities take precedence, and I don’t have the time or energy to get involved in the courses.;",,,,,No,,,,,"Work Priorities: My primary responsibilities take precedence, and I don’t have the time or energy to get involved in the courses.;",no comments,Haven't used this service,Haven't used this service,Haven't used this service,Haven't used this service,Very Satisfied,Very Satisfied,Very Satisfied,Very Satisfied,Very Satisfied,Very Satisfied,Very Satisfied,Very Satisfied,no comments
61,8/17/2026 16:08,8/17/2026 16:18,anonymous,,Team Benjamin,,,,,,,,,,,,,,,,,,,,,,,,No,,,,,No,,,,,Change the link on the email to redirect to the open positions not to the referral ticket.,Satisfied,Satisfied,Satisfied,Satisfied,Satisfied,Satisfied,Satisfied,Satisfied,Satisfied,N/A,Satisfied,Satisfied,Satisfied,Satisfied,Satisfied,No,Satisfied,Satisfied,Satisfied,Very Dissatisfied,Very Satisfied,Very Satisfied,Very Satisfied,Very Satisfied,Very Satisfied,Very Satisfied,Very Satisfied,Very Satisfied,Very Satisfied,Very Satisfied,Very Satisfied,Very Satisfied,Satisfied,Very Satisfied,Very Satisfied,Very Satisfied,Very Satisfied,Haven't used this service,Haven't used this service,Haven't used this service,Haven't used this service,Haven't used this service,Haven't used this service,Haven't used this service,No,,,,,,Very Satisfied,Very Satisfied,Very Satisfied,Very Satisfied,Very Satisfied,N/A,No,,,,,Schedule conflicts: The timing of the activities did not align with my work schedule or personal commitments.;Transportation difficulties:  I had trouble finding reliable transportation during the event.;,No,,,,,"Schedule conflicts: The timing of the activities did not alingn with my work schedule or personal commitments.;Transportation difficulties:  I had trouble finding reliable transportation during the event."";Lack of interest: The engagement activities did not appeal to my personal interes or preferences.;",No,,,,No,,,,,,Lack of Interest: The discounts and perks do not align with my personal interests or preferences.;No Immediate Need: I don't have a current need for the products or services offered through the discounts and perks.;Forgetfulness: I simply forgot about the available discounts and perks.;,NA,No,"Work Priorities: My primary responsibilities take precedence, and I don’t have the time or energy to get involved in the courses.;No Recognition or Incentives: I believe there’s no tangible reward for completing the course.;",,,,,No,,,,,Difficult Enrollment Process: I find signing up for the course is complicated;,We can join something easier as linked in courses access,Very Satisfied,Very Satisfied,Very Satisfied,Very Satisfied,Satisfied,Satisfied,Satisfied,Satisfied,Haven't used this service,Haven't used this service,Haven't used this service,Haven't used this service,NA
62,8/17/2026 15:48,8/17/2026 16:19,anonymous,,Team Steffany,,,,,,,,,,,,,,,,,,,,,,,,No,,,,,Yes,Neutral,Neutral,Satisfied,Satisfied,"Continue considering as first option, promotions rather than external candidates",Satisfied,Very Satisfied,Very Satisfied,Very Satisfied,Satisfied,Very Satisfied,Very Satisfied,Very Satisfied,Very Satisfied,"Check recurring cases, so we avoid to place same ticket over and over again",Very Satisfied,Very Satisfied,Neutral,Satisfied,Haven't used this service,Repaint UAM parking lot signs,Satisfied,Neutral,Satisfied,Satisfied,Satisfied,Satisfied,Satisfied,Satisfied,Neutral,Satisfied,Very Satisfied,Satisfied,Satisfied,Satisfied,Very Satisfied,Very Satisfied,Satisfied,Satisfied,Satisfied,Satisfied,Neutral,Very Satisfied,Very Satisfied,Very Satisfied,Very Satisfied,Very Satisfied,Very Satisfied,Very Satisfied,No,,,,,,Satisfied,Satisfied,Satisfied,Satisfied,Very Satisfied,No comments to add,No,,,,,Lack of interest: The engagement activities did not appeal to my personal interes or preferences.;,Yes,Satisfied,Satisfied,Satisfied,Satisfied,,No,,,,No,,,,,,No Immediate Need: I don't have a current need for the products or services offered through the discounts and perks.;,"Focus on restaurants or food discounts, when we visit the site many order delivery",No,Lack of Interest: I don’t find the course engaging or relevant to my role.;,,,,,No,,,,,Lack of Interest: I don’t find the course engaging or relevant to my role.;,No comments to add,Haven't used this service,Haven't used this service,Haven't used this service,Haven't used this service,Satisfied,Very Satisfied,Very Satisfied,Neutral,Haven't used this service,Haven't used this service,Haven't used this service,Haven't used this service,No comments to add
63,8/17/2026 14:55,8/17/2026 16:31,anonymous,,"Management Team (BI, Commercial, Finance, HR, IT, MKT, Ops)",,,,,,,,,,,,,,,,,,,Very Satisfied,Very Satisfied,Satisfied,Very Satisfied,Compras deberia tener un menu de opciones de los tipos de proveedores de servicios mas comunes o de mayor uso para recomendar a su cliente interno,No,,,,,No,,,,,Mayor branding o campana internamente donde veamos facilmente lo que se ofrece por cada tipo de referido y que beneficios tiene pertenecer a Astronomers,Satisfied,Satisfied,Satisfied,Satisfied,Satisfied,Very Satisfied,Very Satisfied,Very Satisfied,Satisfied,lately we've struggled with internet quality,Very Satisfied,Very Satisfied,Satisfied,Satisfied,Very Satisfied,Contratar a alguien que mueva los carros para que la gente no pierda el tiempo bajando a mover los carros en horas laborales. Y que el tiempo de espera cuando alguien necesite salir sea practicamente nulo.,Satisfied,Satisfied,Satisfied,Satisfied,Satisfied,Satisfied,Satisfied,Satisfied,Satisfied,Satisfied,Satisfied,Satisfied,Satisfied,Satisfied,Satisfied,Satisfied,Satisfied,Satisfied,Satisfied,Satisfied,Satisfied,Satisfied,Neutral,Satisfied,Satisfied,Satisfied,Satisfied,Satisfied,No,,,,,,Very Satisfied,Very Satisfied,Very Satisfied,Very Satisfied,Very Satisfied,na,Yes,Satisfied,Satisfied,Satisfied,Satisfied,,Yes,Satisfied,Satisfied,Satisfied,Satisfied,,Yes,Satisfied,Satisfied,Satisfied,No,,,,,,Lack of Interest: The discounts and perks do not align with my personal interests or preferences.;Lack of Knowledge: I was unaware of the discounts available with these stakeholders.;Brands Not Attractive Enough: The brands offering discounts or perks don't appeal to my preferences or needs.;,na,No,"Work Priorities: My primary responsibilities take precedence, and I don’t have the time or energy to get involved in the courses.;Lack of Interest: I don’t find the course engaging or relevant to my role.;Lack of Communication: I was not aware of this benefit, so I was unable to participate.;",,,,,No,,,,,"Lack of Communication: I was not aware of the internal courses available.;Work Priorities: My primary responsibilities take precedence, and I don’t have the time or energy to get involved in the courses.;Lack of Interest: I don’t find the course engaging or relevant to my role.;","Promover mas los cursos opcionales disponibles en pro de nuestro crecimiento, tanto internos como externos",Haven't used this service,Haven't used this service,Haven't used this service,Haven't used this service,Very Satisfied,Very Satisfied,Very Satisfied,Very Satisfied,Neutral,Neutral,Neutral,Neutral,na
64,8/17/2026 15:27,8/17/2026 16:43,anonymous,,Team Kirian,,,,,,,,,,,,,,,,,,,,,,,,No,,,,,No,,,,,start giving raises to paychecks,Very Satisfied,Very Satisfied,Neutral,Very Satisfied,Satisfied,Neutral,Neutral,Neutral,Satisfied, ,Very Satisfied,Very Satisfied,Dissatisfied,Dissatisfied,Dissatisfied,no,Satisfied,Dissatisfied,Neutral,Satisfied,Very Satisfied,Very Satisfied,Very Satisfied,Very Satisfied,Very Satisfied,Very Satisfied,Very Satisfied,Satisfied,Satisfied,Satisfied,Satisfied,Satisfied,Satisfied,Satisfied,Satisfied,Very Satisfied,Very Satisfied,Very Satisfied,Very Satisfied,Very Satisfied,Very Satisfied,Very Satisfied,Very Satisfied,Very Satisfied,No,,,,,,Neutral,Satisfied,Neutral,Neutral,Very Satisfied, ,No,,,,,Lack of Awareness: I was unaware of the engagement activities taking place during this time period.;Schedule conflicts: The timing of the activities did not align with my work schedule or personal commitments.;,No,,,,,Lack of Awareness: I was unaware of the engagement activities taking place during this time period.;Schedule conflicts: The timing of the activities did not alingn with my work schedule or personal commitments.;,No,,,,No,,,,,,Brands Not Attractive Enough: The brands offering discounts or perks don't appeal to my preferences or needs.;No Immediate Need: I don't have a current need for the products or services offered through the discounts and perks.;, ,No,"Work Priorities: My primary responsibilities take precedence, and I don’t have the time or energy to get involved in the courses.;No Recognition or Incentives: I believe there’s no tangible reward for completing the course.;Lack of Communication: I was not aware of this benefit, so I was unable to participate.;",,,,,No,,,,,Lack of Communication: I was not aware of the internal courses available.;Difficult Enrollment Process: I find signing up for the course is complicated;, ,Satisfied,Satisfied,Satisfied,Satisfied,Satisfied,Satisfied,Satisfied,Satisfied,Satisfied,Satisfied,Satisfied,Satisfied, 
65,8/17/2026 15:30,8/17/2026 16:57,anonymous,,Team Alejandra Choriego,,,,,,,,,,,,,,,,,,,,,,,,No,,,,,No,,,,,all good,Satisfied,Very Satisfied,Very Satisfied,Very Satisfied,Very Satisfied,Very Satisfied,Very Satisfied,Very Satisfied,Very Satisfied,all good,Haven't used this service,Haven't used this service,Haven't used this service,Haven't used this service,Haven't used this service,NA,Very Satisfied,Neutral,Very Satisfied,Very Satisfied,Very Satisfied,Very Satisfied,Very Satisfied,Very Satisfied,Very Satisfied,Very Satisfied,Very Satisfied,Very Satisfied,Very Satisfied,Very Satisfied,Very Satisfied,Very Satisfied,Very Satisfied,Very Satisfied,Very Satisfied,Very Satisfied,Very Satisfied,Very Satisfied,Very Satisfied,Very Satisfied,Very Satisfied,Very Satisfied,Very Satisfied,Very Satisfied,No,,,,,,Very Satisfied,Very Satisfied,Very Satisfied,Very Satisfied,Very Satisfied,all good ,No,,,,,Schedule conflicts: The timing of the activities did not align with my work schedule or personal commitments.;Transportation difficulties:  I had trouble finding reliable transportation during the event.;Workload and priorities: I had heavy workloads or pressing deadlines that prevented me from participating.;,No,,,,,"Schedule conflicts: The timing of the activities did not alingn with my work schedule or personal commitments.;Workload and priorities: I had heavy workloads or pressing deadlines that prevented me from participating.;Transportation difficulties:  I had trouble finding reliable transportation during the event."";",Yes,Satisfied,Satisfied,Satisfied,No,,,,,,No Immediate Need: I don't have a current need for the products or services offered through the discounts and perks.;Forgetfulness: I simply forgot about the available discounts and perks.;,don't have any in mind,No,"Work Priorities: My primary responsibilities take precedence, and I don’t have the time or energy to get involved in the courses.;Lack of Interest: I don’t find the course engaging or relevant to my role.;",,,,,No,,,,,"Work Priorities: My primary responsibilities take precedence, and I don’t have the time or energy to get involved in the courses.;",All good,Very Satisfied,Very Satisfied,Very Satisfied,Very Satisfied,Very Satisfied,Very Satisfied,Very Satisfied,Very Satisfied,Very Satisfied,Very Satisfied,Very Satisfied,Very Satisfied,I'm okay
66,8/17/2026 17:19,8/17/2026 17:22,anonymous,,Team Jorge,,,,,,,,,,,,,,,,,,,,,,,,No,,,,,Yes,Neutral,Neutral,Neutral,Neutral,N/A,Strongly Dissatisfied,Satisfied,Satisfied,Neutral,Neutral,Satisfied,Neutral,Satisfied,Satisfied,N/A,Very Satisfied,Very Satisfied,Very Satisfied,Very Satisfied,Very Satisfied,N/A,Satisfied,Dissatisfied,Satisfied,Satisfied,Satisfied,Satisfied,Satisfied,Satisfied,Satisfied,Satisfied,Satisfied,Satisfied,Satisfied,Satisfied,Satisfied,Satisfied,Satisfied,Satisfied,Satisfied,Satisfied,Satisfied,Very Satisfied,Very Satisfied,Very Satisfied,Very Satisfied,Very Satisfied,Very Satisfied,Very Satisfied,No,,,,,,Satisfied,Satisfied,Satisfied,Neutral,Very Satisfied,N/A,No,,,,,Schedule conflicts: The timing of the activities did not align with my work schedule or personal commitments.;Workload and priorities: I had heavy workloads or pressing deadlines that prevented me from participating.;Lack of Awareness: I was unaware of the engagement activities taking place during this time period.;,No,,,,,Schedule conflicts: The timing of the activities did not alingn with my work schedule or personal commitments.;Workload and priorities: I had heavy workloads or pressing deadlines that prevented me from participating.;Lack of Awareness: I was unaware of the engagement activities taking place during this time period.;,No,,,,No,,,,,,Brands Not Attractive Enough: The brands offering discounts or perks don't appeal to my preferences or needs.;No Immediate Need: I don't have a current need for the products or services offered through the discounts and perks.;Forgetfulness: I simply forgot about the available discounts and perks.;,n/a,No,"Lack of Interest: I don’t find the course engaging or relevant to my role.;No Recognition or Incentives: I believe there’s no tangible reward for completing the course.;Work Priorities: My primary responsibilities take precedence, and I don’t have the time or energy to get involved in the courses.;",,,,,No,,,,,"Work Priorities: My primary responsibilities take precedence, and I don’t have the time or energy to get involved in the courses.;Difficult Enrollment Process: I find signing up for the course is complicated;Lack of Communication: I was not aware of the internal courses available.;",N/A,Neutral,Neutral,Neutral,Neutral,Satisfied,Neutral,Satisfied,Satisfied,Neutral,Neutral,Neutral,Neutral,n/a
67,8/17/2026 17:06,8/17/2026 17:35,anonymous,,Team Benjamin,,,,,,,,,,,,,,,,,,,,,,,,No,,,,,No,,,,,"Continue promoting internal job opportunities by aligning them with employees’ skills, qualifications, and educational backgrounds.",Very Satisfied,Very Satisfied,Very Satisfied,Very Satisfied,Very Satisfied,Very Satisfied,Very Satisfied,Very Satisfied,Very Satisfied,Continue providing efficient and effective support to ensure employees receive timely assistance.,Haven't used this service,Haven't used this service,Haven't used this service,Haven't used this service,Haven't used this service,Haven't used this service,Neutral,Neutral,Very Satisfied,Very Satisfied,Very Satisfied,Satisfied,Satisfied,Satisfied,Satisfied,Neutral,Satisfied,Satisfied,Neutral,Satisfied,Satisfied,Satisfied,Satisfied,Satisfied,Satisfied,Satisfied,Satisfied,Very Satisfied,Very Satisfied,Very Satisfied,Very Satisfied,Very Satisfied,Very Satisfied,Haven't used this service,No,,,,,,Haven't used this service,Neutral,Neutral,Haven't used this service,Very Satisfied,Provide clear and timely information regarding payments to ensure employees fully understand payment details and processes.,Yes,Very Satisfied,Very Satisfied,Very Satisfied,Very Satisfied,,No,,,,,"Schedule conflicts: The timing of the activities did not alingn with my work schedule or personal commitments.;Transportation difficulties:  I had trouble finding reliable transportation during the event."";",No,,,,Yes,Satisfied,Satisfied,Very Satisfied,Satisfied,Very Satisfied,,Continue creating alliances with businesses.,No,"Work Priorities: My primary responsibilities take precedence, and I don’t have the time or energy to get involved in the courses.;",,,,,Yes,Very Satisfied,Very Satisfied,Very Satisfied,Very Satisfied,,"Continue promoting employee skills development through ongoing learning, training, and professional growth opportunities.",Haven't used this service,Haven't used this service,Haven't used this service,Haven't used this service,Haven't used this service,Haven't used this service,Haven't used this service,Haven't used this service,Haven't used this service,Haven't used this service,Haven't used this service,Haven't used this service,Provide clear and timely information to ensure employees fully understand the processes.
68,8/17/2026 14:34,8/17/2026 18:03,anonymous,,"Management Team (BI, Commercial, Finance, HR, IT, MKT, Ops)",,,,,,,,,,,,,,,,,,,Very Satisfied,Very Satisfied,Very Satisfied,Very Satisfied,N/A,No,,,,,Yes,Dissatisfied,Dissatisfied,Dissatisfied,Dissatisfied,"No dan feedback, no responden los tickets hasta dentro de mucho tiempo",Very Satisfied,Very Satisfied,Very Satisfied,Very Satisfied,Very Satisfied,Very Satisfied,Very Satisfied,Very Satisfied,Very Satisfied,n/a,Very Satisfied,Very Satisfied,Very Satisfied,Very Satisfied,Very Satisfied,no,Satisfied,Satisfied,Very Satisfied,Very Satisfied,Very Satisfied,Very Satisfied,Very Satisfied,Very Satisfied,Very Satisfied,Very Satisfied,Very Satisfied,Very Satisfied,Very Satisfied,Very Satisfied,Very Satisfied,Very Satisfied,Very Satisfied,Very Satisfied,Very Satisfied,Very Satisfied,Very Satisfied,Very Satisfied,Very Satisfied,Very Satisfied,Very Satisfied,Very Satisfied,Very Satisfied,Very Satisfied,No,,,,,,Very Satisfied,Very Satisfied,Very Satisfied,Very Satisfied,Very Satisfied,n/a,Yes,Very Satisfied,Very Satisfied,Very Satisfied,Very Satisfied,,Yes,Very Satisfied,Very Satisfied,Very Satisfied,Very Satisfied,,No,,,,No,,,,,,No Immediate Need: I don't have a current need for the products or services offered through the discounts and perks.;,n/a,No,"Work Priorities: My primary responsibilities take precedence, and I don’t have the time or energy to get involved in the courses.;",,,,,No,,,,,"Work Priorities: My primary responsibilities take precedence, and I don’t have the time or energy to get involved in the courses.;",n/a,Very Satisfied,Very Satisfied,Very Satisfied,Very Satisfied,Very Satisfied,Very Satisfied,Very Satisfied,Very Satisfied,Very Satisfied,Very Satisfied,Very Satisfied,Very Satisfied,n/a
69,8/17/2026 19:04,8/17/2026 19:21,anonymous,,Team Jorge,,,,,,,,,,,,,,,,,,,,,,,,No,,,,,No,,,,,No comments,Satisfied,Very Satisfied,Very Satisfied,Very Satisfied,Very Satisfied,Very Satisfied,Very Satisfied,Very Satisfied,Very Satisfied,No comments,Haven't used this service,Haven't used this service,Haven't used this service,Haven't used this service,Haven't used this service,No comments ,Satisfied,Neutral,Satisfied,Satisfied,Satisfied,Very Satisfied,Very Satisfied,Very Satisfied,Very Satisfied,Very Satisfied,Very Satisfied,Very Satisfied,Very Satisfied,Satisfied,Very Satisfied,Very Satisfied,Very Satisfied,Very Satisfied,Very Satisfied,Very Satisfied,Very Satisfied,Very Satisfied,Very Satisfied,Very Satisfied,Very Satisfied,Very Satisfied,Very Satisfied,Very Satisfied,No,,,,,,Very Satisfied,Very Satisfied,Very Satisfied,Very Satisfied,Very Satisfied,No comments,No,,,,,Schedule conflicts: The timing of the activities did not align with my work schedule or personal commitments.;,No,,,,,"Transportation difficulties:  I had trouble finding reliable transportation during the event."";Schedule conflicts: The timing of the activities did not alingn with my work schedule or personal commitments.;",Yes,Neutral,Neutral,Neutral,No,,,,,,No Immediate Need: I don't have a current need for the products or services offered through the discounts and perks.;,no comments,No,"Work Priorities: My primary responsibilities take precedence, and I don’t have the time or energy to get involved in the courses.;",,,,,No,,,,,"Work Priorities: My primary responsibilities take precedence, and I don’t have the time or energy to get involved in the courses.;",no comments,Very Satisfied,Very Satisfied,Very Satisfied,Very Satisfied,Very Satisfied,Very Satisfied,Very Satisfied,Very Satisfied,Very Satisfied,Very Satisfied,Very Satisfied,Very Satisfied,no comments
70,8/18/2026 7:01,8/18/2026 7:37,anonymous,,Team Mayra,,,,,,,,,,,,,,,,,,,,,,,,No,,,,,No,,,,,They should give the opportunity to train people who do not yet have specific experience in the area but do have years of experience working in the field. ,Satisfied,Satisfied,Very Satisfied,Very Satisfied,Very Satisfied,Very Satisfied,Very Satisfied,Very Satisfied,Very Satisfied,They should maintain the provided equipment periodically to avoid more serious problems with the equipment. ,Very Satisfied,Very Satisfied,Very Satisfied,Very Satisfied,Haven't used this service,"No, I do not. ",Satisfied,Neutral,Very Satisfied,Satisfied,Satisfied,Very Satisfied,Very Satisfied,Very Satisfied,Very Satisfied,Very Satisfied,Very Satisfied,Very Satisfied,Very Satisfied,Very Satisfied,Very Satisfied,Very Satisfied,Satisfied,Neutral,Satisfied,Very Satisfied,Satisfied,Very Satisfied,Very Satisfied,Very Satisfied,Very Satisfied,Very Satisfied,Very Satisfied,Very Satisfied,No,,,,,,Very Satisfied,Satisfied,Very Satisfied,Haven't used this service,Very Satisfied,N/A,Yes,Satisfied,Very Satisfied,Very Satisfied,Very Satisfied,,Yes,Satisfied,Very Satisfied,Very Satisfied,Very Satisfied,,Yes,Neutral,Neutral,Neutral,No,,,,,,Lack of Interest: The discounts and perks do not align with my personal interests or preferences.;Brands Not Attractive Enough: The brands offering discounts or perks don't appeal to my preferences or needs.;No Immediate Need: I don't have a current need for the products or services offered through the discounts and perks.;,"They should give more recognition when an employee is celebrating their anniversary with the company. We, as employees, want to feel more motivated to stay. ",Yes,,Very Satisfied,Very Satisfied,Very Satisfied,Very Satisfied,Yes,Very Satisfied,Very Satisfied,Very Satisfied,Very Satisfied,,N/A,Haven't used this service,Haven't used this service,Haven't used this service,Haven't used this service,Very Satisfied,Very Satisfied,Very Satisfied,Very Satisfied,Very Satisfied,Very Satisfied,Very Satisfied,Very Satisfied,N/A
71,8/18/2026 7:33,8/18/2026 7:40,anonymous,,Team Alejandra Helena,,,,,,,,,,,,,,,,,,,,,,,,No,,,,,No,,,,,.,Neutral,Very Satisfied,Very Satisfied,Very Satisfied,Neutral,Very Satisfied,Very Satisfied,Very Satisfied,Very Satisfied,.,Haven't used this service,Haven't used this service,Haven't used this service,Haven't used this service,Haven't used this service,.,Satisfied,Satisfied,Satisfied,Satisfied,Satisfied,Very Satisfied,Very Satisfied,Very Satisfied,Very Satisfied,Very Satisfied,Very Satisfied,Very Satisfied,Very Satisfied,Very Satisfied,Very Satisfied,Very Satisfied,Very Satisfied,Very Satisfied,Very Satisfied,Very Satisfied,Very Satisfied,Very Satisfied,Very Satisfied,Very Satisfied,Very Satisfied,Very Satisfied,Very Satisfied,Very Satisfied,No,,,,,,Very Satisfied,Very Satisfied,Very Satisfied,Very Satisfied,Very Satisfied,.,No,,,,,Lack of interest: The engagement activities did not appeal to my personal interes or preferences.;,No,,,,,Lack of interest: The engagement activities did not appeal to my personal interes or preferences.;,No,,,,No,,,,,,No Immediate Need: I don't have a current need for the products or services offered through the discounts and perks.;Brands Not Attractive Enough: The brands offering discounts or perks don't appeal to my preferences or needs.;Lack of Interest: The discounts and perks do not align with my personal interests or preferences.;,.,No,"Lack of Interest: I don’t find the course engaging or relevant to my role.;Work Priorities: My primary responsibilities take precedence, and I don’t have the time or energy to get involved in the courses.;",,,,,No,,,,,"Lack of Interest: I don’t find the course engaging or relevant to my role.;Work Priorities: My primary responsibilities take precedence, and I don’t have the time or energy to get involved in the courses.;",.,Haven't used this service,Haven't used this service,Haven't used this service,Haven't used this service,Haven't used this service,Haven't used this service,Haven't used this service,Haven't used this service,Haven't used this service,Haven't used this service,Haven't used this service,Haven't used this service,.
72,8/18/2026 8:06,8/18/2026 8:15,anonymous,,Team Jorge,,,,,,,,,,,,,,,,,,,,,,,,No,,,,,No,,,,,Continue doing the promotion at uam.,Dissatisfied,Very Satisfied,Very Satisfied,Very Satisfied,Very Satisfied,Very Satisfied,Very Satisfied,Very Satisfied,Very Satisfied,We should have the pcs changed to powerful ones or at least with more ram.,Haven't used this service,Haven't used this service,Haven't used this service,Haven't used this service,Haven't used this service,no,Very Satisfied,Very Satisfied,Very Satisfied,Very Satisfied,Very Satisfied,Very Satisfied,Very Satisfied,Very Satisfied,Very Satisfied,Very Satisfied,Very Satisfied,Very Satisfied,Very Satisfied,Very Satisfied,Very Satisfied,Very Satisfied,Very Satisfied,Very Satisfied,Very Satisfied,Very Satisfied,Very Satisfied,Very Satisfied,Very Satisfied,Very Satisfied,Very Satisfied,Very Satisfied,Very Satisfied,Very Satisfied,No,,,,,,Satisfied,Very Satisfied,Satisfied,Very Satisfied,Very Satisfied,no ideas,No,,,,,Schedule conflicts: The timing of the activities did not align with my work schedule or personal commitments.;Transportation difficulties:  I had trouble finding reliable transportation during the event.;Workload and priorities: I had heavy workloads or pressing deadlines that prevented me from participating.;,Yes,Very Satisfied,Very Satisfied,Very Satisfied,Very Satisfied,,No,,,,No,,,,,,Lack of Knowledge: I was unaware of the discounts available with these stakeholders.;Forgetfulness: I simply forgot about the available discounts and perks.;,No idea,Yes,,Very Satisfied,Very Satisfied,Very Satisfied,Very Satisfied,Yes,Satisfied,Satisfied,Satisfied,Satisfied,,Continue providing courses.,Haven't used this service,Haven't used this service,Haven't used this service,Haven't used this service,Haven't used this service,Haven't used this service,Haven't used this service,Haven't used this service,Haven't used this service,Haven't used this service,Haven't used this service,Haven't used this service,No ideas
73,8/18/2026 7:19,8/18/2026 8:21,anonymous,,Team Mayra,,,,,,,,,,,,,,,,,,,,,,,,No,,,,,No,,,,,No coments,Strongly Dissatisfied,Very Satisfied,Very Satisfied,Very Satisfied,Neutral,Satisfied,Neutral,Satisfied,Very Satisfied,"installing better batteries in the laptops, having more mouses and headsets.",Haven't used this service,Haven't used this service,Haven't used this service,Haven't used this service,Haven't used this service,I haven't used it.,Neutral,Very Dissatisfied,Satisfied,Neutral,Very Satisfied,Very Satisfied,Satisfied,Satisfied,Satisfied,Satisfied,Satisfied,Satisfied,Neutral,Satisfied,Neutral,Neutral,Neutral,Satisfied,Satisfied,Very Satisfied,Very Satisfied,Neutral,Satisfied,Very Satisfied,Haven't used this service,Very Satisfied,Very Satisfied,Very Satisfied,No,,,,,,Very Satisfied,Very Satisfied,Very Satisfied,Haven't used this service,Very Satisfied,No comment,No,,,,,Schedule conflicts: The timing of the activities did not align with my work schedule or personal commitments.;,Yes,Satisfied,Satisfied,Dissatisfied,Neutral,,No,,,,Yes,Satisfied,Satisfied,Satisfied,Satisfied,Satisfied,,No comments,No,"Lack of Communication: I was not aware of this benefit, so I was unable to participate.;",,,,,Yes,Satisfied,Satisfied,Satisfied,Satisfied,,No comment,Very Satisfied,Very Satisfied,Very Satisfied,Very Satisfied,Very Satisfied,Very Satisfied,Very Satisfied,Very Satisfied,Neutral,Neutral,Neutral,Neutral,No comment
74,8/18/2026 8:43,8/18/2026 8:50,anonymous,,Team Harold,,,,,,,,,,,,,,,,,,,,,,,,No,,,,,Yes,Strongly Dissatisfied,Strongly Dissatisfied,Strongly Dissatisfied,Strongly Dissatisfied,NA,Neutral,Very Satisfied,Very Satisfied,Very Satisfied,Very Satisfied,Very Satisfied,Very Satisfied,Very Satisfied,Very Satisfied,Have more batteries replacements,Very Satisfied,Very Satisfied,Neutral,Very Satisfied,Satisfied,"Add some source of floor brakes, because when it rains it tend to be a bit dangerous",Satisfied,Dissatisfied,Very Satisfied,Very Satisfied,Very Satisfied,Very Satisfied,Very Satisfied,Very Satisfied,Very Satisfied,Very Satisfied,Very Satisfied,Very Satisfied,Very Satisfied,Very Satisfied,Very Satisfied,Very Satisfied,Very Satisfied,Very Satisfied,Very Satisfied,Very Satisfied,Very Satisfied,Dissatisfied,Satisfied,Very Satisfied,Very Satisfied,Very Satisfied,Very Satisfied,Very Satisfied,No,,,,,,Very Satisfied,Very Satisfied,Very Satisfied,Very Satisfied,Very Satisfied,NA,Yes,Satisfied,Satisfied,Satisfied,Satisfied,,No,,,,,Schedule conflicts: The timing of the activities did not alingn with my work schedule or personal commitments.;,No,,,,No,,,,,,Forgetfulness: I simply forgot about the available discounts and perks.;,NA,No,"Work Priorities: My primary responsibilities take precedence, and I don’t have the time or energy to get involved in the courses.;",,,,,No,,,,,"Work Priorities: My primary responsibilities take precedence, and I don’t have the time or energy to get involved in the courses.;",NA,Very Satisfied,Very Satisfied,Very Satisfied,Very Satisfied,Very Satisfied,Very Satisfied,Very Satisfied,Very Satisfied,Very Satisfied,Very Satisfied,Very Satisfied,Very Satisfied,NA
75,8/18/2026 8:57,8/18/2026 9:02,anonymous,,Team Harold,,,,,,,,,,,,,,,,,,,,,,,,No,,,,,Yes,Neutral,Satisfied,Satisfied,Satisfied,na,Neutral,Neutral,Neutral,Neutral,Neutral,Neutral,Neutral,Neutral,Neutral,na,Satisfied,Satisfied,Dissatisfied,Dissatisfied,Neutral,habilitar mas areas de parqueo y en las rampas cuando llueve se pone liso,Satisfied,Neutral,Neutral,Dissatisfied,Neutral,Neutral,Satisfied,Satisfied,Satisfied,Satisfied,Satisfied,Satisfied,Satisfied,Satisfied,Satisfied,Satisfied,Satisfied,Satisfied,Satisfied,Satisfied,Satisfied,Very Satisfied,Very Satisfied,Very Satisfied,Very Satisfied,Very Satisfied,Very Satisfied,Very Satisfied,No,,,,,,Neutral,Neutral,Neutral,Satisfied,Satisfied,na,Yes,Satisfied,Satisfied,Satisfied,Satisfied,,Yes,Satisfied,Satisfied,Satisfied,Satisfied,,Yes,Satisfied,Satisfied,Satisfied,No,,,,,,No Immediate Need: I don't have a current need for the products or services offered through the discounts and perks.;,na,No,"Work Priorities: My primary responsibilities take precedence, and I don’t have the time or energy to get involved in the courses.;",,,,,Yes,Neutral,Neutral,Neutral,Neutral,,na,Satisfied,Satisfied,Satisfied,Satisfied,Satisfied,Satisfied,Satisfied,Satisfied,Satisfied,Satisfied,Satisfied,Satisfied,na
76,8/18/2026 8:54,8/18/2026 9:09,anonymous,,Team Harold,,,,,,,,,,,,,,,,,,,,,,,,No,,,,,No,,,,,Stop: Delays in hiring and feedback.  Continue: Delivering a strong candidate experience and partnering closely with hiring managers.,Very Satisfied,Very Satisfied,Very Satisfied,Very Satisfied,Very Satisfied,Very Satisfied,Very Satisfied,Very Satisfied,Very Satisfied,"Start: Providing more self-service resources and proactive communication about system updates.  Continue: Delivering reliable support, maintaining system security, and being responsive to employee needs.",Haven't used this service,Haven't used this service,Haven't used this service,Haven't used this service,Haven't used this service,none,Very Satisfied,Very Satisfied,Very Satisfied,Very Satisfied,Very Satisfied,Very Satisfied,Very Satisfied,Very Satisfied,Very Satisfied,Very Satisfied,Very Satisfied,Very Satisfied,Very Satisfied,Very Satisfied,Very Satisfied,Very Satisfied,Very Satisfied,Very Satisfied,Very Satisfied,Very Satisfied,Very Satisfied,Very Satisfied,Very Satisfied,Very Satisfied,Very Satisfied,Very Satisfied,Very Satisfied,Very Satisfied,No,,,,,,Very Satisfied,Very Satisfied,Very Satisfied,Very Satisfied,Very Satisfied,"Continue: Being responsive, ensuring financial accuracy, and supporting teams with clear guidance.",No,,,,,Schedule conflicts: The timing of the activities did not align with my work schedule or personal commitments.;Transportation difficulties:  I had trouble finding reliable transportation during the event.;,No,,,,,"Transportation difficulties:  I had trouble finding reliable transportation during the event."";Schedule conflicts: The timing of the activities did not alingn with my work schedule or personal commitments.;",No,,,,No,,,,,,No Immediate Need: I don't have a current need for the products or services offered through the discounts and perks.;,"Continue: Fostering an inclusive culture, listening to employee feedback, and supporting professional growth.",No,"Lack of Communication: I was not aware of this benefit, so I was unable to participate.;",,,,,No,,,,,Lack of Communication: I was not aware of the internal courses available.;,Start: Offering more role-specific and practical training that employees can apply immediately.  Stop: Requiring lengthy training sessions that have limited day-to-day relevance.  Continue: Providing accessible learning resources and opportunities for professional growth.,Haven't used this service,Haven't used this service,Haven't used this service,Haven't used this service,Very Satisfied,Very Satisfied,Very Satisfied,Very Satisfied,Very Satisfied,Very Satisfied,Very Satisfied,Very Satisfied,"Continue: Being approachable, supporting employee development, and helping foster a positive work environment."
77,8/18/2026 6:42,8/18/2026 9:10,anonymous,,Team Benjamin,,,,,,,,,,,,,,,,,,,,,,,,No,,,,,No,,,,,n/a,Satisfied,Satisfied,Satisfied,Satisfied,Neutral,Neutral,Satisfied,Satisfied,Satisfied,n/a,Satisfied,Neutral,Dissatisfied,Dissatisfied,Very Dissatisfied,no,Very Dissatisfied,Very Dissatisfied,Satisfied,Satisfied,Satisfied,Satisfied,Satisfied,Satisfied,Satisfied,Satisfied,Satisfied,Satisfied,Satisfied,Satisfied,Satisfied,Satisfied,Satisfied,Satisfied,Satisfied,Satisfied,Satisfied,Satisfied,Satisfied,Satisfied,Haven't used this service,Satisfied,Satisfied,Satisfied,No,,,,,,Haven't used this service,Very Dissatisfied,Haven't used this service,Satisfied,Satisfied,n/a,No,,,,,Workload and priorities: I had heavy workloads or pressing deadlines that prevented me from participating.;Lack of interest: The engagement activities did not appeal to my personal interes or preferences.;,No,,,,,Workload and priorities: I had heavy workloads or pressing deadlines that prevented me from participating.;Lack of interest: The engagement activities did not appeal to my personal interes or preferences.;,No,,,,No,,,,,,Lack of Knowledge: I was unaware of the discounts available with these stakeholders.;,n/a,No,"Work Priorities: My primary responsibilities take precedence, and I don’t have the time or energy to get involved in the courses.;",,,,,No,,,,,"Work Priorities: My primary responsibilities take precedence, and I don’t have the time or energy to get involved in the courses.;",I have less than 6 months working... there should be an option for it,Strongly Dissatisfied,Strongly Dissatisfied,Dissatisfied,Dissatisfied,Haven't used this service,Haven't used this service,Haven't used this service,Haven't used this service,Haven't used this service,Haven't used this service,Haven't used this service,Haven't used this service,add less than 6 months option
78,8/18/2026 9:33,8/18/2026 9:39,anonymous,,Team Harold,,,,,,,,,,,,,,,,,,,,,,,,No,,,,,No,,,,,"announcement,more communication ",Satisfied,Very Satisfied,Very Satisfied,Very Satisfied,Satisfied,Satisfied,Very Satisfied,Very Satisfied,Very Satisfied,so far so good,Haven't used this service,Haven't used this service,Haven't used this service,Haven't used this service,Haven't used this service,no,Very Satisfied,Very Satisfied,Very Satisfied,Very Satisfied,Very Satisfied,Very Satisfied,Very Satisfied,Very Satisfied,Very Satisfied,Very Satisfied,Very Satisfied,Very Satisfied,Very Satisfied,Very Satisfied,Very Satisfied,Very Satisfied,Very Satisfied,Very Satisfied,Very Satisfied,Very Satisfied,Very Satisfied,Very Satisfied,Very Satisfied,Very Satisfied,Very Satisfied,Very Satisfied,Very Satisfied,Very Satisfied,No,,,,,,Haven't used this service,Very Satisfied,Haven't used this service,Very Satisfied,Very Satisfied,todo bien,No,,,,,Schedule conflicts: The timing of the activities did not align with my work schedule or personal commitments.;,No,,,,,Lack of Awareness: I was unaware of the engagement activities taking place during this time period.;Schedule conflicts: The timing of the activities did not alingn with my work schedule or personal commitments.;,No,,,,No,,,,,,Lack of Knowledge: I was unaware of the discounts available with these stakeholders.;No Immediate Need: I don't have a current need for the products or services offered through the discounts and perks.;,more communication ,No,"Lack of Communication: I was not aware of this benefit, so I was unable to participate.;",,,,,No,,,,,Lack of Interest: I don’t find the course engaging or relevant to my role.;,no comments ,Haven't used this service,Haven't used this service,Haven't used this service,Haven't used this service,Very Satisfied,Very Satisfied,Very Satisfied,Very Satisfied,Very Satisfied,Very Satisfied,Very Satisfied,Very Satisfied,no comments 
79,8/18/2026 8:57,8/18/2026 9:55,anonymous,,Team Benjamin,,,,,,,,,,,,,,,,,,,,,,,,No,,,,,No,,,,,no comments,Satisfied,Dissatisfied,Dissatisfied,Dissatisfied,Satisfied,Neutral,Satisfied,Satisfied,Satisfied,They should be more efficient in handling tickets and demonstrate more empathy when assisting ,Satisfied,Satisfied,Satisfied,Satisfied,Satisfied,no,Satisfied,Satisfied,Satisfied,Satisfied,Satisfied,Satisfied,Satisfied,Satisfied,Satisfied,Satisfied,Satisfied,Satisfied,Satisfied,Satisfied,Satisfied,Satisfied,Satisfied,Satisfied,Satisfied,Satisfied,Satisfied,Very Satisfied,Very Satisfied,Very Satisfied,Very Satisfied,Very Satisfied,Very Satisfied,Very Satisfied,No,,,,,,Satisfied,Satisfied,Satisfied,Satisfied,Satisfied,no comments,No,,,,,Schedule conflicts: The timing of the activities did not align with my work schedule or personal commitments.;Lack of interest: The engagement activities did not appeal to my personal interes or preferences.;Workload and priorities: I had heavy workloads or pressing deadlines that prevented me from participating.;,Yes,Satisfied,Satisfied,Satisfied,Satisfied,,No,,,,No,,,,,,Lack of Knowledge: I was unaware of the discounts available with these stakeholders.;No Immediate Need: I don't have a current need for the products or services offered through the discounts and perks.;Forgetfulness: I simply forgot about the available discounts and perks.;, no comments,No,"Lack of Communication: I was not aware of this benefit, so I was unable to participate.;",,,,,No,,,,,Difficult Enrollment Process: I find signing up for the course is complicated;Lack of Communication: I was not aware of the internal courses available.;,clear expectations,Satisfied,Satisfied,Satisfied,Satisfied,Satisfied,Satisfied,Satisfied,Satisfied,Satisfied,Satisfied,Satisfied,Satisfied,no comments
80,8/18/2026 9:38,8/18/2026 10:34,anonymous,,Team Jocelyn,,,,,,,,,,,,,,,,,,,,,,,,No,,,,,No,,,,,n/a,Dissatisfied,Satisfied,Satisfied,Satisfied,Neutral,Satisfied,Satisfied,Satisfied,Satisfied,New laptops would be great,Satisfied,Neutral,Haven't used this service,Haven't used this service,Haven't used this service,n/a,Dissatisfied,Dissatisfied,Satisfied,Dissatisfied,Very Satisfied,Satisfied,Satisfied,Satisfied,Satisfied,Dissatisfied,Satisfied,Satisfied,Satisfied,Satisfied,Satisfied,Satisfied,Satisfied,Very Satisfied,Very Satisfied,Very Satisfied,Very Satisfied,Satisfied,Satisfied,Satisfied,Satisfied,Satisfied,Satisfied,Satisfied,No,,,,,,Very Satisfied,Very Satisfied,Very Satisfied,Very Satisfied,Haven't used this service,n/a,No,,,,,Lack of interest: The engagement activities did not appeal to my personal interes or preferences.;,No,,,,,"Schedule conflicts: The timing of the activities did not alingn with my work schedule or personal commitments.;Transportation difficulties:  I had trouble finding reliable transportation during the event."";",Yes,Satisfied,Satisfied,Satisfied,No,,,,,,Brands Not Attractive Enough: The brands offering discounts or perks don't appeal to my preferences or needs.;,They should include alliances/partnerships with more places outside San Salvador. There are people living in other departments,No,"Lack of Interest: I don’t find the course engaging or relevant to my role.;Work Priorities: My primary responsibilities take precedence, and I don’t have the time or energy to get involved in the courses.;",,,,,Yes,Satisfied,Satisfied,Satisfied,Satisfied,,Maybe more courses about AI applied to our specific work areas/tasks,Satisfied,Satisfied,Satisfied,Satisfied,Satisfied,Satisfied,Satisfied,Satisfied,Haven't used this service,Haven't used this service,Haven't used this service,Haven't used this service,n/a
81,8/18/2026 9:17,8/18/2026 11:15,anonymous,,Team Mayra,,,,,,,,,,,,,,,,,,,,,,,,No,,,,,No,,,,,Llevar un record detallado en una base de datos que indique los aplicantes y los potenciales roles a los que podria considerarse,Very Satisfied,Very Satisfied,Satisfied,Satisfied,Satisfied,Satisfied,Satisfied,Satisfied,Satisfied,"Responder los tickets con updates, para saber el status dela peticion",Very Satisfied,Satisfied,Satisfied,Satisfied,Very Dissatisfied,Quiza dejar spots asignados especificamente al numero del tag asi se sabe que persona se parque ahi,Satisfied,Dissatisfied,Satisfied,Satisfied,Satisfied,Very Satisfied,Very Satisfied,Neutral,Neutral,Satisfied,Satisfied,Satisfied,Satisfied,Satisfied,Satisfied,Satisfied,Satisfied,Satisfied,Satisfied,Very Satisfied,Satisfied,Dissatisfied,Satisfied,Satisfied,Dissatisfied,Very Satisfied,Very Satisfied,Very Satisfied,No,,,,,,Very Satisfied,Very Satisfied,Very Satisfied,Very Satisfied,Very Satisfied,Quiza podrian crear una calculadora para que los empleados la usen y puedan verificar la info en el los recibos,No,,,,,Lack of interest: The engagement activities did not appeal to my personal interes or preferences.;Workload and priorities: I had heavy workloads or pressing deadlines that prevented me from participating.;,Yes,Dissatisfied,Satisfied,Satisfied,Satisfied,,Yes,Satisfied,Satisfied,Satisfied,Yes,Satisfied,Satisfied,Dissatisfied,Satisfied,Satisfied,,"Responder a tiempo, ser claros con los deadlines, estar on top de los temas y no tener que estar esperando resoluciones",No,Lack of Interest: I don’t find the course engaging or relevant to my role.;,,,,,Yes,Satisfied,Dissatisfied,Satisfied,Satisfied,,"tener cursos que apliquen a la carrera, interes o contenido local/empresarial",Neutral,Neutral,Neutral,Neutral,Satisfied,Dissatisfied,Satisfied,Satisfied,Neutral,Dissatisfied,Satisfied,Satisfied,"Involucrar a los tls para que ellos sepan que esta pasando, responder a tiempo, prestar mas atencion a los detalles"
82,8/18/2026 11:25,8/18/2026 11:30,anonymous,,Team Alejandra Choriego,,,,,,,,,,,,,,,,,,,,,,,,No,,,,,No,,,,,No comments,Satisfied,Very Satisfied,Very Satisfied,Very Satisfied,Satisfied,Satisfied,Very Satisfied,Very Satisfied,Very Satisfied,no commenta,Very Satisfied,Neutral,Neutral,Neutral,Very Satisfied,no,Neutral,Satisfied,Satisfied,Neutral,Satisfied,Very Satisfied,Satisfied,Very Satisfied,Very Satisfied,Satisfied,Satisfied,Neutral,Neutral,Neutral,Neutral,Neutral,Neutral,Very Satisfied,Very Satisfied,Neutral,Neutral,Neutral,Neutral,Neutral,Neutral,Neutral,Neutral,Neutral,No,,,,,,Satisfied,Satisfied,Very Satisfied,Very Satisfied,Very Satisfied,no comments,No,,,,,Schedule conflicts: The timing of the activities did not align with my work schedule or personal commitments.;Workload and priorities: I had heavy workloads or pressing deadlines that prevented me from participating.;Lack of interest: The engagement activities did not appeal to my personal interes or preferences.;,No,,,,,Lack of interest: The engagement activities did not appeal to my personal interes or preferences.;Workload and priorities: I had heavy workloads or pressing deadlines that prevented me from participating.;,No,,,,No,,,,,,Brands Not Attractive Enough: The brands offering discounts or perks don't appeal to my preferences or needs.;No Immediate Need: I don't have a current need for the products or services offered through the discounts and perks.;Forgetfulness: I simply forgot about the available discounts and perks.;,no comments,No,"No Recognition or Incentives: I believe there’s no tangible reward for completing the course.;Work Priorities: My primary responsibilities take precedence, and I don’t have the time or energy to get involved in the courses.;",,,,,No,,,,,"Work Priorities: My primary responsibilities take precedence, and I don’t have the time or energy to get involved in the courses.;",no comments,Very Satisfied,Very Satisfied,Very Satisfied,Very Satisfied,Very Satisfied,Very Satisfied,Very Satisfied,Very Satisfied,Neutral,Neutral,Neutral,Neutral,no comment
83,8/18/2026 6:37,8/18/2026 11:33,anonymous,,Team Kirian,,,,,,,,,,,,,,,,,,,,,,,,No,,,,,No,,,,,continue referral program ,Satisfied,Satisfied,Satisfied,Satisfied,Neutral,Satisfied,Neutral,Satisfied,Satisfied,NA,Very Satisfied,Very Satisfied,Satisfied,Very Satisfied,Very Satisfied,"I’d suggest organizing the parking spaces for each team based on their expected attendance. For example, with Kiri’s team, we sometimes receive the benefit of leaving early when we go into the office, but some of the in-office teams can unintentionally interfere with that benefit.  Our team has always been very organized and helpful when it comes to parking. It would be great to keep the spaces organized by team, especially for those who are in the office regularly. That way, it’s easier to identify which cars belong to each team and avoid any confusion or inconvenience.",Satisfied,Dissatisfied,Satisfied,Dissatisfied,Very Satisfied,Very Satisfied,Very Satisfied,Very Satisfied,Very Satisfied,Very Satisfied,Very Satisfied,Very Satisfied,Very Satisfied,Very Satisfied,Very Satisfied,Very Satisfied,Very Satisfied,Very Satisfied,Very Satisfied,Very Satisfied,Very Satisfied,Very Satisfied,Very Satisfied,Very Satisfied,Very Satisfied,Very Satisfied,Haven't used this service,Haven't used this service,No,,,,,,Neutral,Satisfied,Satisfied,Satisfied,Very Satisfied,NA,No,,,,,Schedule conflicts: The timing of the activities did not align with my work schedule or personal commitments.;Transportation difficulties:  I had trouble finding reliable transportation during the event.;,Yes,Satisfied,Satisfied,Satisfied,Satisfied,,No,,,,No,,,,,,Brands Not Attractive Enough: The brands offering discounts or perks don't appeal to my preferences or needs.;Forgetfulness: I simply forgot about the available discounts and perks.;Lack of Knowledge: I was unaware of the discounts available with these stakeholders.;,na,No,Lack of Interest: I don’t find the course engaging or relevant to my role.;,,,,,Yes,Neutral,Neutral,Neutral,Neutral,,NA,Very Satisfied,Very Satisfied,Very Satisfied,Very Satisfied,Very Satisfied,Very Satisfied,Very Satisfied,Very Satisfied,Very Satisfied,Very Satisfied,Very Satisfied,Very Satisfied,na
84,8/18/2026 11:22,8/18/2026 11:34,anonymous,,Team Alejandra Choriego,,,,,,,,,,,,,,,,,,,,,,,,No,,,,,No,,,,,NA,Dissatisfied,Neutral,Satisfied,Satisfied,Very Satisfied,Very Satisfied,Very Satisfied,Very Satisfied,Very Satisfied,Better equipment ,Satisfied,Satisfied,Satisfied,Satisfied,Satisfied,NA,Satisfied,Neutral,Very Satisfied,Very Satisfied,Very Satisfied,Satisfied,Neutral,Satisfied,Satisfied,Satisfied,Neutral,Neutral,Neutral,Dissatisfied,Neutral,Neutral,Neutral,Neutral,Neutral,Satisfied,Satisfied,Satisfied,Very Satisfied,Very Satisfied,Very Satisfied,Very Satisfied,Very Satisfied,Very Satisfied,No,,,,,,Very Satisfied,Very Satisfied,Very Satisfied,Very Satisfied,Very Satisfied,NA,No,,,,,Workload and priorities: I had heavy workloads or pressing deadlines that prevented me from participating.;Schedule conflicts: The timing of the activities did not align with my work schedule or personal commitments.;,No,,,,,"Schedule conflicts: The timing of the activities did not alingn with my work schedule or personal commitments.;Transportation difficulties:  I had trouble finding reliable transportation during the event."";",Yes,Satisfied,Satisfied,Satisfied,No,,,,,,Lack of Knowledge: I was unaware of the discounts available with these stakeholders.;Brands Not Attractive Enough: The brands offering discounts or perks don't appeal to my preferences or needs.;Forgetfulness: I simply forgot about the available discounts and perks.;,More percent of discount ,No,"Work Priorities: My primary responsibilities take precedence, and I don’t have the time or energy to get involved in the courses.;",,,,,No,,,,,"Work Priorities: My primary responsibilities take precedence, and I don’t have the time or energy to get involved in the courses.;",NA,Very Satisfied,Very Satisfied,Very Satisfied,Very Satisfied,Very Satisfied,Very Satisfied,Very Satisfied,Very Satisfied,Very Satisfied,Very Satisfied,Very Satisfied,Very Satisfied,NA
85,8/18/2026 12:53,8/18/2026 12:57,anonymous,,Team Mayra,,,,,,,,,,,,,,,,,,,,,,,,No,,,,,No,,,,,N/A,Satisfied,Satisfied,Satisfied,Satisfied,Satisfied,Satisfied,Satisfied,Satisfied,Satisfied,N/A,Very Satisfied,Very Satisfied,Very Satisfied,Very Satisfied,Very Satisfied,N/A,Neutral,Neutral,Neutral,Neutral,Very Satisfied,Very Satisfied,Very Satisfied,Very Satisfied,Very Satisfied,Very Satisfied,Very Satisfied,Very Satisfied,Very Satisfied,Very Satisfied,Very Satisfied,Very Satisfied,Very Satisfied,Very Satisfied,Dissatisfied,Very Satisfied,Very Satisfied,Satisfied,Satisfied,Satisfied,Satisfied,Satisfied,Satisfied,Satisfied,No,,,,,,Satisfied,Satisfied,Satisfied,Satisfied,Satisfied,N/A,No,,,,,Schedule conflicts: The timing of the activities did not align with my work schedule or personal commitments.;Workload and priorities: I had heavy workloads or pressing deadlines that prevented me from participating.;Lack of interest: The engagement activities did not appeal to my personal interes or preferences.;,No,,,,,Lack of Awareness: I was unaware of the engagement activities taking place during this time period.;Schedule conflicts: The timing of the activities did not alingn with my work schedule or personal commitments.;Lack of interest: The engagement activities did not appeal to my personal interes or preferences.;,No,,,,No,,,,,,No Immediate Need: I don't have a current need for the products or services offered through the discounts and perks.;,N/A,No,"Lack of Communication: I was not aware of this benefit, so I was unable to participate.;",,,,,Yes,Neutral,Neutral,Neutral,Neutral,,N/A,Very Satisfied,Very Satisfied,Very Satisfied,Very Satisfied,Very Satisfied,Very Satisfied,Very Satisfied,Very Satisfied,Very Satisfied,Very Satisfied,Very Satisfied,Very Satisfied,N/A
86,8/18/2026 14:24,8/18/2026 14:29,anonymous,,Team Jorge,,,,,,,,,,,,,,,,,,,,,,,,No,,,,,No,,,,,N/A,Neutral,Satisfied,Very Satisfied,Very Satisfied,Satisfied,Very Satisfied,Very Satisfied,Very Satisfied,Very Satisfied,N/A,Haven't used this service,Haven't used this service,Haven't used this service,Haven't used this service,Haven't used this service,N/A,Very Satisfied,Very Satisfied,Very Satisfied,Very Satisfied,Very Satisfied,Very Satisfied,Very Satisfied,Very Satisfied,Very Satisfied,Very Satisfied,Very Satisfied,Very Satisfied,Very Satisfied,Very Satisfied,Very Satisfied,Very Satisfied,Very Satisfied,Very Satisfied,Very Satisfied,Very Satisfied,Very Satisfied,Haven't used this service,Haven't used this service,Haven't used this service,Haven't used this service,Haven't used this service,Haven't used this service,Haven't used this service,No,,,,,,Satisfied,Satisfied,Satisfied,Satisfied,Satisfied,N/A,No,,,,,Lack of interest: The engagement activities did not appeal to my personal interes or preferences.;,Yes,Very Satisfied,Very Satisfied,Very Satisfied,Very Satisfied,,Yes,Very Satisfied,Very Satisfied,Very Satisfied,No,,,,,,Forgetfulness: I simply forgot about the available discounts and perks.;No Immediate Need: I don't have a current need for the products or services offered through the discounts and perks.;,N/A,No,Lack of Interest: I don’t find the course engaging or relevant to my role.;,,,,,No,,,,,Lack of Interest: I don’t find the course engaging or relevant to my role.;,N/A,Haven't used this service,Haven't used this service,Haven't used this service,Haven't used this service,Very Satisfied,Very Satisfied,Very Satisfied,Very Satisfied,Very Satisfied,Very Satisfied,Very Satisfied,Very Satisfied,N/A
87,8/18/2026 14:47,8/18/2026 14:52,anonymous,,Team Jorge,,,,,,,,,,,,,,,,,,,,,,,,No,,,,,No,,,,,NA,Neutral,Satisfied,Very Satisfied,Very Satisfied,Very Satisfied,Very Satisfied,Very Satisfied,Very Satisfied,Very Satisfied,improve the equipment and give ergonomic equipment,Very Satisfied,Very Satisfied,Very Satisfied,Very Satisfied,Very Satisfied,NA,Satisfied,Satisfied,Satisfied,Satisfied,Satisfied,Satisfied,Satisfied,Satisfied,Satisfied,Satisfied,Satisfied,Satisfied,Satisfied,Satisfied,Satisfied,Satisfied,Satisfied,Satisfied,Satisfied,Satisfied,Satisfied,Very Satisfied,Very Satisfied,Very Satisfied,Very Satisfied,Very Satisfied,Very Satisfied,Very Satisfied,No,,,,,,Very Satisfied,Satisfied,Very Satisfied,Very Satisfied,Very Satisfied,NA,No,,,,,Lack of Awareness: I was unaware of the engagement activities taking place during this time period.;Schedule conflicts: The timing of the activities did not align with my work schedule or personal commitments.;,No,,,,,"Lack of Awareness: I was unaware of the engagement activities taking place during this time period.;Schedule conflicts: The timing of the activities did not alingn with my work schedule or personal commitments.;Transportation difficulties:  I had trouble finding reliable transportation during the event."";",No,,,,No,,,,,,Lack of Knowledge: I was unaware of the discounts available with these stakeholders.;,Give llao llao disccount,No,"Work Priorities: My primary responsibilities take precedence, and I don’t have the time or energy to get involved in the courses.;",,,,,No,,,,,"Work Priorities: My primary responsibilities take precedence, and I don’t have the time or energy to get involved in the courses.;",NA,Very Satisfied,Satisfied,Satisfied,Very Satisfied,Very Satisfied,Very Satisfied,Very Satisfied,Very Satisfied,Very Satisfied,Very Satisfied,Very Satisfied,Very Satisfied,NA
88,8/18/2026 7:21,8/18/2026 15:41,anonymous,,"Management Team (BI, Commercial, Finance, HR, IT, MKT, Ops)",,,,,,,,,,,,,,,,,,,Very Satisfied,Very Satisfied,Very Satisfied,Very Satisfied,Recepcion de solicitudes en dia especificos,No,,,,,No,,,,,Evaluaciones internas para promociones de puestos,Very Satisfied,Very Satisfied,Very Satisfied,Very Satisfied,Very Satisfied,Very Satisfied,Very Satisfied,Very Satisfied,Satisfied,Siempre haya alguien temprano ,Neutral,Neutral,Neutral,Neutral,Neutral,"Creo que estan bien identificados, solo que no uso el parqueo",Very Satisfied,Very Satisfied,Satisfied,Very Satisfied,Very Satisfied,Very Satisfied,Very Satisfied,Very Satisfied,Very Satisfied,Very Satisfied,Very Satisfied,Very Satisfied,Very Satisfied,Very Satisfied,Very Satisfied,Very Satisfied,Very Satisfied,Very Satisfied,Very Satisfied,Very Satisfied,Very Satisfied,Very Satisfied,Very Satisfied,Very Satisfied,Very Satisfied,Very Satisfied,Very Satisfied,Very Satisfied,Yes,Very Satisfied,Very Satisfied,Very Satisfied,Very Satisfied,No tengo sugerencia,Very Satisfied,Very Satisfied,Very Satisfied,Very Satisfied,Very Satisfied,No tengo sugerencia,Yes,Very Satisfied,Very Satisfied,Very Satisfied,Very Satisfied,,Yes,Very Satisfied,Very Satisfied,Very Satisfied,Very Satisfied,,No,,,,No,,,,,,Lack of Interest: The discounts and perks do not align with my personal interests or preferences.;Brands Not Attractive Enough: The brands offering discounts or perks don't appeal to my preferences or needs.;No Immediate Need: I don't have a current need for the products or services offered through the discounts and perks.;,Crear mas dinamicas y premiar a los empleados por su record,No,"Work Priorities: My primary responsibilities take precedence, and I don’t have the time or energy to get involved in the courses.;",,,,,No,,,,,Difficult Enrollment Process: I find signing up for the course is complicated;,Los cursos deberian estar relacionados a los puestos ,Very Satisfied,Very Satisfied,Satisfied,Satisfied,Very Satisfied,Very Satisfied,Very Satisfied,Very Satisfied,Haven't used this service,Haven't used this service,Haven't used this service,Haven't used this service,Promociones y aumentos 
89,8/18/2026 9:54,8/18/2026 16:02,anonymous,,Team Alejandra Helena,,,,,,,,,,,,,,,,,,,,,,,,No,,,,,No,,,,,N/A,Satisfied,Very Satisfied,Satisfied,Very Satisfied,Neutral,Neutral,Neutral,Neutral,Neutral,n/a,Very Satisfied,Neutral,Very Dissatisfied,Neutral,Neutral,N/A,Very Dissatisfied,Very Dissatisfied,Dissatisfied,Very Dissatisfied,Very Satisfied,Very Satisfied,Dissatisfied,Satisfied,Satisfied,Satisfied,Satisfied,Satisfied,Satisfied,Satisfied,Satisfied,Satisfied,Satisfied,Satisfied,Satisfied,Satisfied,Satisfied,Satisfied,Satisfied,Satisfied,Satisfied,Satisfied,Satisfied,Satisfied,No,,,,,,Satisfied,Satisfied,Satisfied,Satisfied,Satisfied,N/A,No,,,,,Lack of interest: The engagement activities did not appeal to my personal interes or preferences.;Transportation difficulties:  I had trouble finding reliable transportation during the event.;,No,,,,,"Lack of interest: The engagement activities did not appeal to my personal interes or preferences.;Transportation difficulties:  I had trouble finding reliable transportation during the event."";",Yes,Neutral,Neutral,Neutral,No,,,,,,No Immediate Need: I don't have a current need for the products or services offered through the discounts and perks.;,"nothing useful in Santa Ana, at least for me, but it's ok",No,Lack of Interest: I don’t find the course engaging or relevant to my role.;,,,,,No,,,,,Lack of Interest: I don’t find the course engaging or relevant to my role.;,N/A,Satisfied,Satisfied,Satisfied,Satisfied,Satisfied,Satisfied,Satisfied,Satisfied,Satisfied,Satisfied,Satisfied,Satisfied,N/a
90,8/18/2026 15:59,8/18/2026 16:04,anonymous,,Team Kirian,,,,,,,,,,,,,,,,,,,,,,,,No,,,,,No,,,,,No comments ,Neutral,Very Satisfied,Very Satisfied,Very Satisfied,Neutral,Very Satisfied,Very Satisfied,Very Satisfied,Very Satisfied,They should be given more spare equipment because most of the time they CANT do their job because they don't have the necessary tools/equipment to work with,Neutral,Neutral,Neutral,Neutral,Neutral,No comments ,Satisfied,Dissatisfied,Very Satisfied,Very Satisfied,Very Satisfied,Satisfied,Satisfied,Satisfied,Satisfied,Satisfied,Satisfied,Satisfied,Satisfied,Satisfied,Very Satisfied,Very Satisfied,Very Satisfied,Very Satisfied,Very Satisfied,Very Satisfied,Very Satisfied,Very Satisfied,Very Satisfied,Haven't used this service,Haven't used this service,Haven't used this service,Haven't used this service,Haven't used this service,No,,,,,,Very Satisfied,Very Satisfied,Satisfied,Satisfied,Very Satisfied,all good,No,,,,,Workload and priorities: I had heavy workloads or pressing deadlines that prevented me from participating.;Lack of interest: The engagement activities did not appeal to my personal interes or preferences.;Schedule conflicts: The timing of the activities did not align with my work schedule or personal commitments.;,Yes,Satisfied,Satisfied,Satisfied,Satisfied,,No,,,,Yes,Satisfied,Satisfied,Satisfied,Satisfied,Satisfied,,no comments ,No,"Lack of Interest: I don’t find the course engaging or relevant to my role.;Work Priorities: My primary responsibilities take precedence, and I don’t have the time or energy to get involved in the courses.;Lack of Communication: I was not aware of this benefit, so I was unable to participate.;",,,,,No,,,,,"Work Priorities: My primary responsibilities take precedence, and I don’t have the time or energy to get involved in the courses.;Lack of Interest: I don’t find the course engaging or relevant to my role.;Difficult Enrollment Process: I find signing up for the course is complicated;",no comments ,Very Satisfied,Very Satisfied,Very Satisfied,Very Satisfied,Satisfied,Satisfied,Satisfied,Satisfied,Very Satisfied,Very Satisfied,Very Satisfied,Very Satisfied,no comments 
91,8/18/2026 15:49,8/18/2026 16:06,anonymous,,Team Alejandra Helena,,,,,,,,,,,,,,,,,,,,,,,,No,,,,,No,,,,,n/a,Dissatisfied,Satisfied,Satisfied,Satisfied,Dissatisfied,Neutral,Neutral,Neutral,Strongly Dissatisfied,"Add spotify and Brave to the list of productive apps on Desktime. Better yet, stop using DeskTime... More frequent computer maintenance.",Very Dissatisfied,Very Dissatisfied,Very Dissatisfied,Very Dissatisfied,Very Dissatisfied," Stop going to the office. Nothing there is well-built—not the parking lot, the elevators, or the emergency stairwells. It costs us more just to get there, we’re less productive, and it’s uncomfortable; you can’t even keep it clean—it always smells bad. Neither the chairs nor the air conditioners work.",Very Dissatisfied,Very Dissatisfied,Very Dissatisfied,Very Dissatisfied,Very Dissatisfied,Very Dissatisfied,Very Dissatisfied,Very Dissatisfied,Very Dissatisfied,Very Dissatisfied,Very Dissatisfied,Very Dissatisfied,Very Dissatisfied,Very Dissatisfied,Very Dissatisfied,Very Dissatisfied,Very Dissatisfied,Very Dissatisfied,Very Dissatisfied,Very Dissatisfied,Very Dissatisfied,Very Dissatisfied,Very Dissatisfied,Very Dissatisfied,Very Dissatisfied,Very Dissatisfied,Very Dissatisfied,Very Dissatisfied,No,,,,,,Very Dissatisfied,Very Dissatisfied,Very Dissatisfied,Very Dissatisfied,Very Dissatisfied,"Be more transparent with payroll calculations; when it suits you, you use the base salary plus the bonus, but when it doesn't, you take the bonus away.  And when asked, they can neither explain the situation properly nor do they feel any shame about it.",Yes,Satisfied,Satisfied,Satisfied,Satisfied,,Yes,Dissatisfied,Dissatisfied,Dissatisfied,Dissatisfied,,Yes,Strongly Dissatisfied,Strongly Dissatisfied,Strongly Dissatisfied,Yes,Dissatisfied,Dissatisfied,Dissatisfied,Dissatisfied,Dissatisfied,,"Stop looking for discounts that only HR people use. Feature companies we actually use. Bring back the MVP gift cards; we don't like the lunches—the commute costs more than the meal is worth, and it's just not good. Your events are bad; you should give out bonuses or gift cards instead of wasting money on nonsense that nobody likes or finds motivating.",No,"Lack of Interest: I don’t find the course engaging or relevant to my role.;Lack of Communication: I was not aware of this benefit, so I was unable to participate.;",,,,,No,,,,,Lack of Interest: I don’t find the course engaging or relevant to my role.;Difficult Enrollment Process: I find signing up for the course is complicated;,The schedules for the courses that are actually interesting are terrible. They should schedule them during work hours or make them more accessible.,Dissatisfied,Dissatisfied,Dissatisfied,Dissatisfied,Dissatisfied,Dissatisfied,Dissatisfied,Dissatisfied,Dissatisfied,Dissatisfied,Dissatisfied,Dissatisfied," Always slow, always unfriendly. They get paid a lot for how poorly they work, and they only look out for their own convenience."
92,8/18/2026 16:49,8/18/2026 17:02,anonymous,,Team Jorge,,,,,,,,,,,,,,,,,,,,,,,,No,,,,,No,,,,,I'll love more activities whenever we have office visits ,Satisfied,Satisfied,Neutral,Neutral,Satisfied,Satisfied,Satisfied,Satisfied,Satisfied,direct channel for IT,Haven't used this service,Haven't used this service,Haven't used this service,Haven't used this service,Haven't used this service,N/A,Satisfied,Neutral,Satisfied,Dissatisfied,Satisfied,Satisfied,Satisfied,Neutral,Neutral,Satisfied,Satisfied,Satisfied,Satisfied,Dissatisfied,Satisfied,Satisfied,Satisfied,Satisfied,Satisfied,Satisfied,Satisfied,Very Satisfied,Very Satisfied,Very Satisfied,Very Satisfied,Very Satisfied,Very Satisfied,Very Satisfied,No,,,,,,Satisfied,Satisfied,Satisfied,Satisfied,Satisfied,N/A,No,,,,,Lack of Awareness: I was unaware of the engagement activities taking place during this time period.;Transportation difficulties:  I had trouble finding reliable transportation during the event.;Workload and priorities: I had heavy workloads or pressing deadlines that prevented me from participating.;,No,,,,,"Lack of Awareness: I was unaware of the engagement activities taking place during this time period.;Transportation difficulties:  I had trouble finding reliable transportation during the event."";Workload and priorities: I had heavy workloads or pressing deadlines that prevented me from participating.;",No,,,,No,,,,,,Forgetfulness: I simply forgot about the available discounts and perks.;Brands Not Attractive Enough: The brands offering discounts or perks don't appeal to my preferences or needs.;Lack of Knowledge: I was unaware of the discounts available with these stakeholders.;,"I would love to know how can be employee of the month, requirments etc. More information about it",No,"Work Priorities: My primary responsibilities take precedence, and I don’t have the time or energy to get involved in the courses.;Lack of Communication: I was not aware of this benefit, so I was unable to participate.;No Recognition or Incentives: I believe there’s no tangible reward for completing the course.;",,,,,No,,,,,Lack of Interest: I don’t find the course engaging or relevant to my role.;Difficult Enrollment Process: I find signing up for the course is complicated;Lack of Communication: I was not aware of the internal courses available.;,Advice in advance ,Satisfied,Satisfied,Satisfied,Satisfied,Haven't used this service,Haven't used this service,Haven't used this service,Haven't used this service,Haven't used this service,Haven't used this service,Haven't used this service,Haven't used this service,N/A
93,8/18/2026 7:17,8/19/2026 7:16,anonymous,,"Management Team (BI, Commercial, Finance, HR, IT, MKT, Ops)",,,,,,,,,,,,,,,,,,,Haven't used this service,Haven't used this service,Very Satisfied,Very Satisfied,Seguir asi siendo muy amable,No,,,,,No,,,,,"Dar a conocer mejor las ofertas, mas visibles para poder referir",Very Satisfied,Very Satisfied,Very Satisfied,Very Satisfied,Very Satisfied,Very Satisfied,Very Satisfied,Very Satisfied,Very Satisfied,Seguir dando las respuestas a la brevedad,Very Satisfied,Very Satisfied,Very Satisfied,Very Satisfied,Neutral,No,Satisfied,Satisfied,Very Satisfied,Very Satisfied,Very Satisfied,Very Satisfied,Satisfied,Very Satisfied,Very Satisfied,Very Satisfied,Very Satisfied,Very Satisfied,Very Satisfied,Very Satisfied,Very Satisfied,Very Satisfied,Very Satisfied,Very Satisfied,Very Satisfied,Very Satisfied,Very Satisfied,Very Satisfied,Very Satisfied,Very Satisfied,Haven't used this service,Very Satisfied,Very Satisfied,Very Satisfied,No,,,,,,Very Satisfied,Very Satisfied,Very Satisfied,Very Satisfied,Very Satisfied,Seguir haciendo un buen trabajo,Yes,Satisfied,Satisfied,Satisfied,Satisfied,,No,,,,,Schedule conflicts: The timing of the activities did not alingn with my work schedule or personal commitments.;,No,,,,No,,,,,,Brands Not Attractive Enough: The brands offering discounts or perks don't appeal to my preferences or needs.;,Conseguir mejores marcas o agregar GYM mas accesible ,No,Lack of Interest: I don’t find the course engaging or relevant to my role.;,,,,,No,,,,,Lack of Interest: I don’t find the course engaging or relevant to my role.;,Quizas mejorar los cursos buscar alternativas mas atractivas,Very Satisfied,Very Satisfied,Very Satisfied,Very Satisfied,Very Satisfied,Very Satisfied,Very Satisfied,Very Satisfied,Very Satisfied,Very Satisfied,Very Satisfied,Very Satisfied,Seguir haciendo un buen trabajo
94,8/19/2026 7:16,8/19/2026 7:22,anonymous,,Team Jorge,,,,,,,,,,,,,,,,,,,,,,,,No,,,,,No,,,,,.,Very Satisfied,Very Satisfied,Very Satisfied,Neutral,Very Satisfied,Very Satisfied,Very Satisfied,Neutral,Neutral,.,Neutral,Neutral,Neutral,Neutral,Neutral,.,Neutral,Very Dissatisfied,Neutral,Neutral,Neutral,Neutral,Neutral,Neutral,Neutral,Neutral,Neutral,Neutral,Neutral,Neutral,Neutral,Neutral,Neutral,Satisfied,Satisfied,Neutral,Satisfied,Very Dissatisfied,Neutral,Neutral,Neutral,Neutral,Neutral,Neutral,No,,,,,,Neutral,Neutral,Neutral,Neutral,Very Satisfied,.,Yes,Strongly Dissatisfied,Strongly Dissatisfied,Neutral,Strongly Dissatisfied,,No,,,,,Lack of Awareness: I was unaware of the engagement activities taking place during this time period.;Schedule conflicts: The timing of the activities did not alingn with my work schedule or personal commitments.;,No,,,,No,,,,,,Lack of Knowledge: I was unaware of the discounts available with these stakeholders.;Forgetfulness: I simply forgot about the available discounts and perks.;,.,No,"No Recognition or Incentives: I believe there’s no tangible reward for completing the course.;Lack of Communication: I was not aware of this benefit, so I was unable to participate.;",,,,,No,,,,,Lack of Interest: I don’t find the course engaging or relevant to my role.;Lack of Communication: I was not aware of the internal courses available.;,.,Neutral,Neutral,Neutral,Neutral,Neutral,Neutral,Neutral,Neutral,Neutral,Neutral,Neutral,Neutral,.
95,8/19/2026 8:21,8/19/2026 8:31,anonymous,,Team Harold,,,,,,,,,,,,,,,,,,,,,,,,No,,,,,No,,,,,Keep doing the same,Neutral,Very Satisfied,Very Satisfied,Very Satisfied,Satisfied,Very Satisfied,Very Satisfied,Very Satisfied,Very Satisfied,na,Haven't used this service,Haven't used this service,Haven't used this service,Haven't used this service,Haven't used this service,no,Satisfied,Dissatisfied,Satisfied,Neutral,Very Satisfied,Very Satisfied,Very Satisfied,Neutral,Very Satisfied,Very Satisfied,Very Satisfied,Neutral,Neutral,Satisfied,Satisfied,Satisfied,Neutral,Satisfied,Satisfied,Very Satisfied,Very Satisfied,Dissatisfied,Satisfied,Satisfied,Satisfied,Satisfied,Satisfied,Satisfied,No,,,,,,Haven't used this service,Very Satisfied,Haven't used this service,Very Satisfied,Very Satisfied,na,No,,,,,Schedule conflicts: The timing of the activities did not align with my work schedule or personal commitments.;,Yes,Satisfied,Satisfied,Satisfied,Satisfied,,No,,,,Yes,Neutral,Neutral,Satisfied,Satisfied,Neutral,,I don't know if in the website all perks are updated,Yes,,Satisfied,Satisfied,Satisfied,Satisfied,No,,,,,"Work Priorities: My primary responsibilities take precedence, and I don’t have the time or energy to get involved in the courses.;",na,Haven't used this service,Haven't used this service,Haven't used this service,Haven't used this service,Very Satisfied,Very Satisfied,Very Satisfied,Very Satisfied,Very Satisfied,Very Satisfied,Very Satisfied,Very Satisfied,na
96,8/19/2026 9:18,8/19/2026 9:26,anonymous,,Team Alejandra Choriego,,,,,,,,,,,,,,,,,,,,,,,,No,,,,,No,,,,,n/a,Neutral,Dissatisfied,Dissatisfied,Neutral,Satisfied,Neutral,Neutral,Neutral,Satisfied,Actually prepare for any type of issue we may have with the hardware or software. They need to have some type of experience. 99% of the time I fix my own my issues.,Satisfied,Satisfied,Satisfied,Satisfied,Satisfied,n/a,Satisfied,Satisfied,Satisfied,Satisfied,Satisfied,Satisfied,Satisfied,Satisfied,Satisfied,Satisfied,Satisfied,Satisfied,Satisfied,Satisfied,Satisfied,Satisfied,Satisfied,Satisfied,Satisfied,Satisfied,Satisfied,Very Satisfied,Very Satisfied,Very Satisfied,Very Satisfied,Very Satisfied,Very Satisfied,Very Satisfied,No,,,,,,Satisfied,Satisfied,Satisfied,Satisfied,Very Satisfied,n/a,No,,,,,Lack of interest: The engagement activities did not appeal to my personal interes or preferences.;,No,,,,,Lack of interest: The engagement activities did not appeal to my personal interes or preferences.;,No,,,,No,,,,,,Lack of Knowledge: I was unaware of the discounts available with these stakeholders.;Forgetfulness: I simply forgot about the available discounts and perks.;,Send more reminders about the available discounts.,No,"Work Priorities: My primary responsibilities take precedence, and I don’t have the time or energy to get involved in the courses.;",,,,,Yes,Neutral,Strongly Dissatisfied,Neutral,Neutral,,n/a,Satisfied,Satisfied,Satisfied,Satisfied,Satisfied,Satisfied,Satisfied,Satisfied,Neutral,Neutral,Neutral,Neutral,n/a
97,8/19/2026 11:02,8/19/2026 11:12,anonymous,,Team Vilma,,,,,,,,,,,,,,,,,,,,,,,,No,,,,,No,,,,,NA,Satisfied,Very Satisfied,Very Satisfied,Satisfied,Satisfied,Satisfied,Satisfied,Satisfied,Satisfied,NA,Haven't used this service,Haven't used this service,Haven't used this service,Haven't used this service,Haven't used this service,no,Satisfied,Neutral,Neutral,Neutral,Very Satisfied,Very Satisfied,Satisfied,Satisfied,Satisfied,Satisfied,Satisfied,Satisfied,Satisfied,Satisfied,Satisfied,Satisfied,Satisfied,Satisfied,Satisfied,Very Satisfied,Satisfied,Neutral,Neutral,Neutral,Neutral,Neutral,Neutral,Neutral,Yes,Neutral,Neutral,Neutral,Neutral,NA,Satisfied,Satisfied,Satisfied,Satisfied,Satisfied,na,No,,,,,Lack of Awareness: I was unaware of the engagement activities taking place during this time period.;Schedule conflicts: The timing of the activities did not align with my work schedule or personal commitments.;,Yes,Satisfied,Satisfied,Satisfied,Satisfied,,No,,,,No,,,,,,Lack of Knowledge: I was unaware of the discounts available with these stakeholders.;Brands Not Attractive Enough: The brands offering discounts or perks don't appeal to my preferences or needs.;No Immediate Need: I don't have a current need for the products or services offered through the discounts and perks.;,na,No,"Work Priorities: My primary responsibilities take precedence, and I don’t have the time or energy to get involved in the courses.;",,,,,No,,,,,"Work Priorities: My primary responsibilities take precedence, and I don’t have the time or energy to get involved in the courses.;",na,Very Satisfied,Very Satisfied,Very Satisfied,Very Satisfied,Satisfied,Satisfied,Satisfied,Satisfied,Haven't used this service,Haven't used this service,Haven't used this service,Haven't used this service,na
98,8/19/2026 12:18,8/19/2026 12:24,anonymous,,Team Creative,,,,,,,,,,,,,,,,,,,,,,,,No,,,,,No,,,,,aumento salarial,Very Satisfied,Very Satisfied,Very Satisfied,Very Satisfied,Very Satisfied,Very Satisfied,Very Satisfied,Very Satisfied,Very Satisfied,_,Very Satisfied,Very Satisfied,Very Satisfied,Very Satisfied,Neutral,ofrecer servicio de carwash,Very Satisfied,Very Satisfied,Very Satisfied,Very Satisfied,Very Satisfied,Very Satisfied,Very Satisfied,Very Satisfied,Very Satisfied,Very Satisfied,Very Satisfied,Very Satisfied,Very Satisfied,Very Satisfied,Very Satisfied,Very Satisfied,Very Satisfied,Very Satisfied,Very Satisfied,Very Satisfied,Very Satisfied,Very Satisfied,Very Satisfied,Very Satisfied,Very Satisfied,Very Satisfied,Very Satisfied,Very Satisfied,No,,,,,,Very Satisfied,Very Satisfied,Very Satisfied,Very Satisfied,Very Satisfied, ,Yes,Very Satisfied,Very Satisfied,Very Satisfied,Very Satisfied,,Yes,Very Satisfied,Very Satisfied,Very Satisfied,Very Satisfied,,No,,,,Yes,Satisfied,Very Satisfied,Satisfied,Very Satisfied,Satisfied,, ,No,"Work Priorities: My primary responsibilities take precedence, and I don’t have the time or energy to get involved in the courses.;",,,,,No,,,,,"Work Priorities: My primary responsibilities take precedence, and I don’t have the time or energy to get involved in the courses.;", ,Very Satisfied,Very Satisfied,Very Satisfied,Very Satisfied,Very Satisfied,Very Satisfied,Very Satisfied,Very Satisfied,Very Satisfied,Very Satisfied,Very Satisfied,Very Satisfied, 
99,8/19/2026 14:37,8/19/2026 16:00,anonymous,,Team Harold,,,,,,,,,,,,,,,,,,,,,,,,No,,,,,Yes,Satisfied,Satisfied,Dissatisfied,Neutral,Be more clear on media about not having hybrid positions.,Dissatisfied,Satisfied,Satisfied,Satisfied,Satisfied,Satisfied,Satisfied,Satisfied,Satisfied,periodical checks on the equipment ,Satisfied,Satisfied,Dissatisfied,Dissatisfied,Dissatisfied,more spaces,Satisfied,Dissatisfied,Satisfied,Satisfied,Satisfied,Satisfied,Satisfied,Satisfied,Satisfied,Satisfied,Satisfied,Very Satisfied,Very Satisfied,Very Satisfied,Very Satisfied,Very Satisfied,Very Satisfied,Very Satisfied,Very Satisfied,Very Satisfied,Very Satisfied,Dissatisfied,Haven't used this service,Haven't used this service,Neutral,Haven't used this service,Haven't used this service,Haven't used this service,No,,,,,,Very Satisfied,Very Satisfied,Very Satisfied,Haven't used this service,Very Satisfied,na,No,,,,,Schedule conflicts: The timing of the activities did not align with my work schedule or personal commitments.;Workload and priorities: I had heavy workloads or pressing deadlines that prevented me from participating.;,Yes,Satisfied,Satisfied,Satisfied,Satisfied,,Yes,Satisfied,Satisfied,Satisfied,No,,,,,,No Immediate Need: I don't have a current need for the products or services offered through the discounts and perks.;,na,Yes,,Very Satisfied,Very Satisfied,Very Satisfied,Very Satisfied,No,,,,,"Work Priorities: My primary responsibilities take precedence, and I don’t have the time or energy to get involved in the courses.;",na,Very Satisfied,Very Satisfied,Very Satisfied,Very Satisfied,Very Satisfied,Very Satisfied,Very Satisfied,Very Satisfied,Haven't used this service,Satisfied,Satisfied,Satisfied,na
100,8/19/2026 19:32,8/19/2026 19:48,anonymous,,Team Alejandra Choriego,,,,,,,,,,,,,,,,,,,,,,,,No,,,,,No,,,,,"i think having a better idea of what these type of team does and how they were selected to be part of that team and where to find the information for instance of this team and any other teams related (team creative, etc)",Dissatisfied,Neutral,Satisfied,Neutral,Satisfied,Satisfied,Satisfied,Satisfied,Neutral,"keep responding faster, maybe they should create workarounds when if a person is no longer working on the company and someone else got assigned their client and its needed previous information, previous access or something related that previous VA had access and is no longer available for obvious reasons, then they should come up with workaround that actually helps new VA ",Haven't used this service,Haven't used this service,Haven't used this service,Haven't used this service,Haven't used this service,na,Very Satisfied,Satisfied,Very Satisfied,Very Satisfied,Very Satisfied,Satisfied,Satisfied,Neutral,Satisfied,Satisfied,Satisfied,Very Satisfied,Very Satisfied,Very Satisfied,Neutral,Neutral,Neutral,Neutral,Very Satisfied,Satisfied,Neutral,Very Satisfied,Very Satisfied,Very Satisfied,Very Satisfied,Very Satisfied,Very Satisfied,Very Satisfied,No,,,,,,Dissatisfied,Neutral,Neutral,Neutral,Very Satisfied,na,No,,,,,Schedule conflicts: The timing of the activities did not align with my work schedule or personal commitments.;Lack of Awareness: I was unaware of the engagement activities taking place during this time period.;,No,,,,,Lack of Awareness: I was unaware of the engagement activities taking place during this time period.;,No,,,,No,,,,,,Forgetfulness: I simply forgot about the available discounts and perks.;,na,Yes,,Satisfied,Satisfied,Satisfied,Very Satisfied,No,,,,,Lack of Communication: I was not aware of the internal courses available.;,"start sending at least to uam emails what courses they have, for how long the courses are available to get sign in to those, i wasnt even aware this was an actual team who takes care  about this internal courses, I was aware about Incaf ones but not internally (aside Go Skills but that one is just if we ask for a specific course not something they highly promote) ",Very Satisfied,Very Satisfied,Very Satisfied,Very Satisfied,Neutral,Neutral,Neutral,Neutral,Haven't used this service,Haven't used this service,Haven't used this service,Haven't used this service,na
101,8/20/2026 9:12,8/20/2026 9:17,anonymous,,Team Jocelyn,,,,,,,,,,,,,,,,,,,,,,,,No,,,,,No,,,,,Ongoing evaluation of compensation readiness,Neutral,Very Satisfied,Very Satisfied,Very Satisfied,Very Satisfied,Very Satisfied,Very Satisfied,Very Satisfied,Very Satisfied,N/A,Haven't used this service,Haven't used this service,Haven't used this service,Haven't used this service,Haven't used this service,n/a,Very Satisfied,Very Satisfied,Very Satisfied,Very Satisfied,Very Satisfied,Very Satisfied,Very Satisfied,Very Satisfied,Very Satisfied,Very Satisfied,Very Satisfied,Very Satisfied,Very Satisfied,Very Satisfied,Very Satisfied,Very Satisfied,Very Satisfied,Very Satisfied,Very Satisfied,Very Satisfied,Very Satisfied,Very Satisfied,Very Satisfied,Very Satisfied,Very Satisfied,Very Satisfied,Very Satisfied,Very Satisfied,No,,,,,,Very Satisfied,Very Satisfied,Very Satisfied,Very Satisfied,Very Satisfied,n/a,No,,,,,Lack of interest: The engagement activities did not appeal to my personal interes or preferences.;,Yes,Very Satisfied,Very Satisfied,Very Satisfied,Very Satisfied,,No,,,,No,,,,,,No Immediate Need: I don't have a current need for the products or services offered through the discounts and perks.;Forgetfulness: I simply forgot about the available discounts and perks.;,n/a,No,"Lack of Communication: I was not aware of this benefit, so I was unable to participate.;",,,,,No,,,,,Lack of Interest: I don’t find the course engaging or relevant to my role.;,n/a,Haven't used this service,Haven't used this service,Haven't used this service,Haven't used this service,Satisfied,Satisfied,Satisfied,Satisfied,Satisfied,Satisfied,Satisfied,Satisfied,n/a
102,8/20/2026 7:11,8/20/2026 9:53,anonymous,,Team Benjamin,,,,,,,,,,,,,,,,,,,,,,,,No,,,,,No,,,,,N/A,Neutral,Very Satisfied,Satisfied,Satisfied,Satisfied,Very Satisfied,Satisfied,Satisfied,Very Satisfied,Quizas avisar que ya vieron tu ticket pero que estan ocupados y que en x cantidad de tiempo seremos atendidos. ,Very Satisfied,Very Satisfied,Very Satisfied,Very Satisfied,Very Dissatisfied,N/A,Very Satisfied,Satisfied,Very Satisfied,Satisfied,Very Satisfied,Very Satisfied,Very Satisfied,Very Satisfied,Very Satisfied,Very Satisfied,Very Satisfied,Very Satisfied,Satisfied,Very Satisfied,Very Satisfied,Very Satisfied,Very Satisfied,Very Satisfied,Very Satisfied,Very Satisfied,Very Satisfied,Very Satisfied,Very Satisfied,Very Satisfied,Very Satisfied,Very Satisfied,Very Satisfied,Very Satisfied,No,,,,,,Very Satisfied,Satisfied,Satisfied,Satisfied,Very Satisfied,N/A,No,,,,,Schedule conflicts: The timing of the activities did not align with my work schedule or personal commitments.;Workload and priorities: I had heavy workloads or pressing deadlines that prevented me from participating.;,Yes,Very Satisfied,Very Satisfied,Very Satisfied,Very Satisfied,,Yes,Very Satisfied,Very Satisfied,Very Satisfied,No,,,,,,Brands Not Attractive Enough: The brands offering discounts or perks don't appeal to my preferences or needs.;Forgetfulness: I simply forgot about the available discounts and perks.;,"Hacer mas after office, quizas hacer partnerships con otros establecimientos ",No,"Work Priorities: My primary responsibilities take precedence, and I don’t have the time or energy to get involved in the courses.;",,,,,Yes,Very Satisfied,Satisfied,Very Satisfied,Very Satisfied,,N/A,Haven't used this service,Haven't used this service,Haven't used this service,Haven't used this service,Very Satisfied,Very Satisfied,Very Satisfied,Very Satisfied,Very Satisfied,Very Satisfied,Very Satisfied,Very Satisfied,N/A
103,8/20/2026 10:09,8/20/2026 10:16,anónimo,,Team Steffany,,,,,,,,,,,,,,,,,,,,,,,,No,,,,,No,,,,,all good,Satisfied,Satisfied,Satisfied,Satisfied,Satisfied,Satisfied,Satisfied,Satisfied,Satisfied,all good,Haven't used this service,Haven't used this service,Haven't used this service,Haven't used this service,Haven't used this service,n/a,Satisfied,Neutral,Satisfied,Satisfied,Satisfied,Satisfied,Satisfied,Satisfied,Satisfied,Satisfied,Satisfied,Satisfied,Satisfied,Satisfied,Satisfied,Satisfied,Satisfied,Satisfied,Satisfied,Satisfied,Satisfied,Satisfied,Satisfied,Satisfied,Satisfied,Satisfied,Satisfied,Satisfied,No,,,,,,Satisfied,Satisfied,Satisfied,Satisfied,Satisfied,all good,No,,,,,Lack of Awareness: I was unaware of the engagement activities taking place during this time period.;Schedule conflicts: The timing of the activities did not align with my work schedule or personal commitments.,Yes,Satisfied,Satisfied,Satisfied,Satisfied,,No,,,,No,,,,,,Lack of Knowledge: I was unaware of the discounts available with these stakeholders.;Forgetfulness: I simply forgot about the available discounts and perks.,all good,No,"Lack of Communication: I was not aware of this benefit, so I was unable to participate.",,,,,No,,,,,Lack of Communication: I was not aware of the internal courses available.,.,Satisfied,Satisfied,Satisfied,Satisfied,Very Satisfied,Very Satisfied,Very Satisfied,Very Satisfied,Very Satisfied,Very Satisfied,Very Satisfied,Very Satisfied,all good
104,8/20/2026 7:07,8/20/2026 11:20,anónimo,,Team Benjamin,,,,,,,,,,,,,,,,,,,,,,,,No,,,,,No,,,,,N/A,Satisfied,Satisfied,Neutral,Satisfied,Neutral,Satisfied,Satisfied,Satisfied,Satisfied,N/A,Very Satisfied,Very Satisfied,Dissatisfied,Satisfied,Neutral,N/A,Neutral,Dissatisfied,Very Satisfied,Satisfied,Very Satisfied,Very Satisfied,Satisfied,Very Satisfied,Satisfied,Satisfied,Satisfied,Satisfied,Neutral,Satisfied,Satisfied,Satisfied,Satisfied,Satisfied,Satisfied,Very Satisfied,Satisfied,Satisfied,Satisfied,Very Satisfied,Satisfied,Very Satisfied,Very Satisfied,Haven't used this service,No,,,,,,Satisfied,Satisfied,Dissatisfied,Neutral,Very Satisfied,n/a,No,,,,,Lack of Awareness: I was unaware of the engagement activities taking place during this time period.;Lack of interest: The engagement activities did not appeal to my personal interes or preferences.;Schedule conflicts: The timing of the activities did not align with my work schedule or personal commitments.,No,,,,,"Transportation difficulties:  I had trouble finding reliable transportation during the event."";Lack of interest: The engagement activities did not appeal to my personal interes or preferences.;Schedule conflicts: The timing of the activities did not alingn with my work schedule or personal commitments.",Yes,Satisfied,Neutral,Neutral,No,,,,,,Brands Not Attractive Enough: The brands offering discounts or perks don't appeal to my preferences or needs.;No Immediate Need: I don't have a current need for the products or services offered through the discounts and perks.;Forgetfulness: I simply forgot about the available discounts and perks.,n/a,No,"Lack of Communication: I was not aware of this benefit, so I was unable to participate.;Lack of Interest: I don’t find the course engaging or relevant to my role.;No Recognition or Incentives: I believe there’s no tangible reward for completing the course.",,,,,Yes,Neutral,Neutral,Satisfied,Neutral,,n/a,Haven't used this service,Haven't used this service,Haven't used this service,Haven't used this service,Satisfied,Satisfied,Satisfied,Satisfied,Satisfied,Satisfied,Satisfied,Satisfied,n/a
105,8/20/2026 11:05,8/20/2026 11:30,anónimo,,"Management Team (BI, Commercial, Finance, HR, IT, MKT, Ops)",,,,,,,,,,,,,,,,,,,Haven't used this service,Haven't used this service,Haven't used this service,Haven't used this service,N/A,No,,,,,No,,,,,N/A,Very Satisfied,Very Satisfied,Very Satisfied,Very Satisfied,Very Satisfied,Very Satisfied,Very Satisfied,Very Satisfied,Very Satisfied,-,Very Satisfied,Very Satisfied,Neutral,Neutral,Neutral,-,Neutral,Dissatisfied,Neutral,Neutral,Satisfied,Neutral,Satisfied,Satisfied,Satisfied,Satisfied,Satisfied,Satisfied,Satisfied,Satisfied,Satisfied,Satisfied,Satisfied,Satisfied,Satisfied,Satisfied,Satisfied,Neutral,Neutral,Satisfied,Neutral,Satisfied,Satisfied,Satisfied,No,,,,,,Very Satisfied,Very Satisfied,Very Satisfied,Very Satisfied,Very Satisfied,-,Yes,Very Satisfied,Very Satisfied,Very Satisfied,Very Satisfied,,Yes,Very Satisfied,Very Satisfied,Very Satisfied,Very Satisfied,,No,,,,Yes,Very Satisfied,Very Satisfied,Very Satisfied,Very Satisfied,Very Satisfied,,-,No,Lack of Interest: I don’t find the course engaging or relevant to my role.;No Recognition or Incentives: I believe there’s no tangible reward for completing the course.,,,,,No,,,,,Lack of Interest: I don’t find the course engaging or relevant to my role.,-,Satisfied,Satisfied,Satisfied,Satisfied,Haven't used this service,Haven't used this service,Haven't used this service,Haven't used this service,Haven't used this service,Haven't used this service,Haven't used this service,Haven't used this service,-
106,8/21/2026 10:40,8/21/2026 10:47,anónimo,,Team Vilma,,,,,,,,,,,,,,,,,,,,,,,,No,,,,,No,,,,,-,Very Satisfied,Very Satisfied,Very Satisfied,Very Satisfied,Very Satisfied,Very Satisfied,Very Satisfied,Very Satisfied,Very Satisfied,-,Haven't used this service,Haven't used this service,Haven't used this service,Haven't used this service,Haven't used this service,-,Very Satisfied,Neutral,Very Satisfied,Very Satisfied,Very Satisfied,Very Satisfied,Satisfied,Very Satisfied,Very Satisfied,Very Satisfied,Very Satisfied,Very Satisfied,Very Satisfied,Very Satisfied,Very Satisfied,Very Satisfied,Very Satisfied,Very Satisfied,Very Satisfied,Very Satisfied,Very Satisfied,Very Satisfied,Very Satisfied,Very Satisfied,Very Satisfied,Very Satisfied,Very Satisfied,Very Satisfied,No,,,,,,Very Satisfied,Very Satisfied,Very Satisfied,Very Satisfied,Very Satisfied,-,No,,,,,Schedule conflicts: The timing of the activities did not align with my work schedule or personal commitments.;Lack of interest: The engagement activities did not appeal to my personal interes or preferences.,No,,,,,Lack of interest: The engagement activities did not appeal to my personal interes or preferences.;Schedule conflicts: The timing of the activities did not alingn with my work schedule or personal commitments.,No,,,,Yes,Very Satisfied,Very Satisfied,Neutral,Neutral,Very Satisfied,,-,No,Lack of Interest: I don’t find the course engaging or relevant to my role.,,,,,No,,,,,"Lack of Interest: I don’t find the course engaging or relevant to my role.;Work Priorities: My primary responsibilities take precedence, and I don’t have the time or energy to get involved in the courses.;Difficult Enrollment Process: I find signing up for the course is complicated",-,Very Satisfied,Very Satisfied,Very Satisfied,Very Satisfied,Very Satisfied,Very Satisfied,Very Satisfied,Very Satisfied,Haven't used this service,Haven't used this service,Haven't used this service,Haven't used this service,-
107,8/21/2026 10:40,8/21/2026 10:48,anónimo,,Team Vilma,,,,,,,,,,,,,,,,,,,,,,,,No,,,,,No,,,,,continue,Very Satisfied,Very Satisfied,Very Satisfied,Very Satisfied,Very Satisfied,Very Satisfied,Very Satisfied,Very Satisfied,Very Satisfied,continue,Very Satisfied,Very Satisfied,Very Satisfied,Very Satisfied,Very Satisfied,no,Satisfied,Satisfied,Satisfied,Satisfied,Satisfied,Satisfied,Satisfied,Satisfied,Satisfied,Satisfied,Satisfied,Satisfied,Satisfied,Satisfied,Satisfied,Satisfied,Satisfied,Satisfied,Satisfied,Satisfied,Satisfied,Very Satisfied,Very Satisfied,Very Satisfied,Very Satisfied,Very Satisfied,Very Satisfied,Very Satisfied,No,,,,,,Haven't used this service,Haven't used this service,Haven't used this service,Very Satisfied,Very Satisfied,continue,Yes,Very Satisfied,Very Satisfied,Very Satisfied,Very Satisfied,,No,,,,,Workload and priorities: I had heavy workloads or pressing deadlines that prevented me from participating.,No,,,,No,,,,,,Forgetfulness: I simply forgot about the available discounts and perks.,continue,No,"Work Priorities: My primary responsibilities take precedence, and I don’t have the time or energy to get involved in the courses.",,,,,Yes,Very Satisfied,Very Satisfied,Very Satisfied,Very Satisfied,,continue,Haven't used this service,Haven't used this service,Haven't used this service,Haven't used this service,Very Satisfied,Very Satisfied,Very Satisfied,Very Satisfied,Haven't used this service,Haven't used this service,Haven't used this service,Haven't used this service,continue
108,8/21/2026 11:06,8/21/2026 11:23,anónimo,,Team Harold,,,,,,,,,,,,,,,,,,,,,,,,No,,,,,No,,,,,.,Neutral,Neutral,Neutral,Neutral,Neutral,Very Satisfied,Satisfied,Satisfied,Neutral,.,Neutral,Neutral,Neutral,Neutral,Neutral,.,Very Satisfied,Very Satisfied,Very Satisfied,Very Satisfied,Very Satisfied,Very Satisfied,Very Satisfied,Very Satisfied,Very Satisfied,Very Satisfied,Very Satisfied,Very Satisfied,Very Satisfied,Very Satisfied,Very Satisfied,Very Satisfied,Very Satisfied,Very Satisfied,Very Satisfied,Very Satisfied,Very Satisfied,Haven't used this service,Haven't used this service,Haven't used this service,Haven't used this service,Haven't used this service,Haven't used this service,Haven't used this service,No,,,,,,Neutral,Neutral,Neutral,Neutral,Neutral,.,No,,,,,Lack of interest: The engagement activities did not appeal to my personal interes or preferences.,No,,,,,Lack of interest: The engagement activities did not appeal to my personal interes or preferences.,Yes,Satisfied,Satisfied,Satisfied,No,,,,,,Forgetfulness: I simply forgot about the available discounts and perks.,.,No,"Lack of Communication: I was not aware of this benefit, so I was unable to participate.",,,,,No,,,,,Lack of Communication: I was not aware of the internal courses available.,.,Very Satisfied,Very Satisfied,Very Satisfied,Very Satisfied,Very Satisfied,Very Satisfied,Very Satisfied,Very Satisfied,Very Satisfied,Very Satisfied,Very Satisfied,Very Satisfied,.
109,8/21/2026 11:06,8/21/2026 11:27,anónimo,,Team Harold,,,,,,,,,,,,,,,,,,,,,,,,No,,,,,No,,,,,Continuous Skill Training & Growth Workshops: Offer more skill-building courses and workshops so employees can sharpen their capabilities and unlock better internal growth opportunities.  Proactive Internal Hiring: Active sourcing within current teams for open roles before looking externally.,Satisfied,Very Satisfied,Very Satisfied,Very Satisfied,Satisfied,Satisfied,Satisfied,Satisfied,Satisfied,Continue doing as they have,Satisfied,Satisfied,Satisfied,Satisfied,Satisfied,no,Satisfied,Dissatisfied,Satisfied,Very Satisfied,Very Satisfied,Very Satisfied,Very Satisfied,Very Satisfied,Very Satisfied,Very Satisfied,Very Satisfied,Very Satisfied,Very Satisfied,Very Satisfied,Very Satisfied,Very Satisfied,Very Satisfied,Very Satisfied,Very Satisfied,Very Satisfied,Very Satisfied,Satisfied,Very Satisfied,Very Satisfied,Very Satisfied,Very Satisfied,Very Satisfied,Very Satisfied,No,,,,,,Satisfied,Satisfied,Satisfied,Satisfied,Satisfied,continue as they have,No,,,,,Schedule conflicts: The timing of the activities did not align with my work schedule or personal commitments.,Yes,Satisfied,Satisfied,Satisfied,Satisfied,,Yes,Very Satisfied,Very Satisfied,Very Satisfied,No,,,,,,No Immediate Need: I don't have a current need for the products or services offered through the discounts and perks.,continue as they have,No,"Lack of Communication: I was not aware of this benefit, so I was unable to participate.",,,,,No,,,,,Lack of Communication: I was not aware of the internal courses available.,communicate it more often when a course is comming,Satisfied,Satisfied,Satisfied,Satisfied,Satisfied,Satisfied,Satisfied,Satisfied,Satisfied,Satisfied,Satisfied,Satisfied,continue as it is
110,8/21/2026 11:24,8/21/2026 11:33,anónimo,,Team Steffany,,,,,,,,,,,,,,,,,,,,,,,,No,,,,,Yes,Satisfied,Very Satisfied,Very Satisfied,Very Satisfied,Maybe to implement referral levels where you can get prizes if you reach certain amount of referrals.,Very Satisfied,Very Satisfied,Very Satisfied,Very Satisfied,Very Satisfied,Very Satisfied,Very Satisfied,Very Satisfied,Very Satisfied,todo bien,Haven't used this service,Haven't used this service,Haven't used this service,Haven't used this service,Haven't used this service,n/a,Satisfied,Satisfied,Very Satisfied,Very Satisfied,Very Satisfied,Very Satisfied,Very Satisfied,Very Satisfied,Very Satisfied,Very Satisfied,Very Satisfied,Very Satisfied,Very Satisfied,Very Satisfied,Very Satisfied,Very Satisfied,Very Satisfied,Very Satisfied,Satisfied,Satisfied,Very Satisfied,Very Satisfied,Very Satisfied,Very Satisfied,Very Satisfied,Very Satisfied,Very Satisfied,Very Satisfied,No,,,,,,Satisfied,Satisfied,Satisfied,Satisfied,Very Satisfied,n\a,No,,,,,Lack of interest: The engagement activities did not appeal to my personal interes or preferences.,No,,,,,Lack of interest: The engagement activities did not appeal to my personal interes or preferences.,No,,,,No,,,,,,No Immediate Need: I don't have a current need for the products or services offered through the discounts and perks.,n/a,No,Lack of Interest: I don’t find the course engaging or relevant to my role.,,,,,No,,,,,Lack of Interest: I don’t find the course engaging or relevant to my role.,n/a,Very Satisfied,Very Satisfied,Very Satisfied,Very Satisfied,Very Satisfied,Very Satisfied,Very Satisfied,Very Satisfied,Haven't used this service,Haven't used this service,Haven't used this service,Haven't used this service,n/a
111,8/21/2026 11:55,8/21/2026 12:10,anónimo,,"Management Team (BI, Commercial, Finance, HR, IT, MKT, Ops)",,,,,,,,,,,,,,,,,,,Satisfied,Satisfied,Dissatisfied,Satisfied,NA,No,,,,,Yes,Dissatisfied,Dissatisfied,Dissatisfied,Strongly Dissatisfied,"My referrals reached out to let me know they felt disrespected. Apparently, the interviewer was eating, yawning, and seemed completely disengaged during the conversation. I find this behavior entirely unacceptable and respectful towards the applicants.",Dissatisfied,Satisfied,Satisfied,Very Satisfied,Satisfied,Satisfied,Satisfied,Satisfied,Strongly Dissatisfied,"The office internet connection is extremely poor and weak; calls drop constantly, which prevents us from carrying out our daily activities efficiently.",Very Satisfied,Very Dissatisfied,Very Dissatisfied,Very Dissatisfied,Very Dissatisfied,"It would be ideal to include the vehicle owner's name, phone number, and team on the parking tag to make it easier to contact them. I have had to wait up to 30 minutes for someone to move their car, which is an excessive amount of time.",Satisfied,Dissatisfied,Satisfied,Very Dissatisfied,Very Dissatisfied,Very Satisfied,Very Satisfied,Very Satisfied,Very Satisfied,Very Dissatisfied,Satisfied,Satisfied,Dissatisfied,Satisfied,Satisfied,Satisfied,Satisfied,Satisfied,Very Satisfied,Very Satisfied,Very Satisfied,Dissatisfied,Very Satisfied,Very Satisfied,Very Satisfied,Very Satisfied,Very Satisfied,Very Satisfied,No,,,,,,Very Satisfied,Satisfied,Satisfied,Very Satisfied,Very Satisfied,"Our pay stubs need to show a proper breakdown of our earnings. Currently, Rebu only displays a single total, making it hard to see what portion corresponds to base pay, bonuses, or other items.",No,,,,,Schedule conflicts: The timing of the activities did not align with my work schedule or personal commitments.;Transportation difficulties:  I had trouble finding reliable transportation during the event.;Lack of interest: The engagement activities did not appeal to my personal interes or preferences.,Yes,Very Satisfied,Very Satisfied,Very Satisfied,Very Satisfied,,No,,,,No,,,,,,Brands Not Attractive Enough: The brands offering discounts or perks don't appeal to my preferences or needs.;No Immediate Need: I don't have a current need for the products or services offered through the discounts and perks.;Forgetfulness: I simply forgot about the available discounts and perks.,"Better organization is needed. My birthday was in May, and three months later, I have yet to receive my coffee voucher. We shouldn't have to constantly follow up on vouchers and recognition—there needs to be a proper process in place so these aren't overlooked.",No,"Work Priorities: My primary responsibilities take precedence, and I don’t have the time or energy to get involved in the courses.;Lack of Interest: I don’t find the course engaging or relevant to my role.;No Recognition or Incentives: I believe there’s no tangible reward for completing the course.",,,,,Yes,Satisfied,Satisfied,Satisfied,Satisfied,,"It makes no sense to have us complete every leadership course under the sun without a clear purpose. It feels like throwing ingredients into a bowl and hoping something sticks. We need targeted, meaningful courses assigned to us, especially considering that we don't have endless time in our day to watch videos.",Haven't used this service,Haven't used this service,Haven't used this service,Haven't used this service,Satisfied,Satisfied,Satisfied,Satisfied,Haven't used this service,Haven't used this service,Haven't used this service,Haven't used this service,"It would be helpful to have view-only access to the absence reporting log. After submitting a form entry, we have no way to verify if it went through or check if any details are missing."
112,8/21/2026 12:45,8/21/2026 12:56,anónimo,,Team Harold,,,,,,,,,,,,,,,,,,,,,,,,No,,,,,No,,,,,na,Neutral,Very Satisfied,Neutral,Neutral,Satisfied,Satisfied,Satisfied,Satisfied,Satisfied,na,Very Satisfied,Very Satisfied,Very Satisfied,Very Satisfied,Very Satisfied,na,Satisfied,Satisfied,Satisfied,Satisfied,Satisfied,Satisfied,Satisfied,Satisfied,Satisfied,Satisfied,Satisfied,Satisfied,Satisfied,Satisfied,Satisfied,Satisfied,Satisfied,Satisfied,Satisfied,Satisfied,Satisfied,Very Satisfied,Very Satisfied,Very Satisfied,Very Satisfied,Very Satisfied,Very Satisfied,Very Satisfied,No,,,,,,Satisfied,Satisfied,Satisfied,Satisfied,Satisfied,na,No,,,,,Schedule conflicts: The timing of the activities did not align with my work schedule or personal commitments.;Transportation difficulties:  I had trouble finding reliable transportation during the event.;Lack of interest: The engagement activities did not appeal to my personal interes or preferences.,No,,,,,Lack of interest: The engagement activities did not appeal to my personal interes or preferences.,No,,,,No,,,,,,Lack of Interest: The discounts and perks do not align with my personal interests or preferences.;No Immediate Need: I don't have a current need for the products or services offered through the discounts and perks.;Forgetfulness: I simply forgot about the available discounts and perks.,na,No,"Work Priorities: My primary responsibilities take precedence, and I don’t have the time or energy to get involved in the courses.;Lack of Interest: I don’t find the course engaging or relevant to my role.;No Recognition or Incentives: I believe there’s no tangible reward for completing the course.",,,,,No,,,,,"Work Priorities: My primary responsibilities take precedence, and I don’t have the time or energy to get involved in the courses.;Lack of Interest: I don’t find the course engaging or relevant to my role.;Lack of Communication: I was not aware of the internal courses available.",na,Very Satisfied,Very Satisfied,Very Satisfied,Very Satisfied,Very Satisfied,Very Satisfied,Very Satisfied,Very Satisfied,Very Satisfied,Very Satisfied,Very Satisfied,Very Satisfied,na
113,8/21/2026 14:24,8/21/2026 14:39,anónimo,,Team Harold,,,,,,,,,,,,,,,,,,,,,,,,No,,,,,Yes,Neutral,Neutral,Satisfied,Neutral,"He tenido algunas situaciones en las que he referido personas, han agendado su llamada pero ellos manifiestan en varias ocasiones que no les han llamado. Y creo que la manera de referir por medio de tickets esta bien, pero tal vez podria actualizarse con mayor frecuencia para ir llevando el rastro de referidos de manera mas practica o que pudieramos buscar a x referido y ver en que parte del proceso va",Very Satisfied,Very Satisfied,Very Satisfied,Very Satisfied,Very Satisfied,Very Satisfied,Very Satisfied,Very Satisfied,Very Satisfied,Mantengan el buen trabajo chicos,Haven't used this service,Haven't used this service,Haven't used this service,Haven't used this service,Haven't used this service,NA,Very Satisfied,Very Dissatisfied,Very Satisfied,Very Satisfied,Very Satisfied,Very Satisfied,Very Satisfied,Very Satisfied,Very Satisfied,Very Satisfied,Very Satisfied,Very Satisfied,Very Satisfied,Very Satisfied,Very Satisfied,Very Satisfied,Very Satisfied,Very Satisfied,Very Satisfied,Very Satisfied,Very Satisfied,Haven't used this service,Haven't used this service,Haven't used this service,Haven't used this service,Haven't used this service,Haven't used this service,Haven't used this service,No,,,,,,Very Satisfied,Very Satisfied,Very Satisfied,Very Satisfied,Very Satisfied,"No tengo comentarios, siempre me ayudan y me brindan informacion oportuna :)",No,,,,,Schedule conflicts: The timing of the activities did not align with my work schedule or personal commitments.;Transportation difficulties:  I had trouble finding reliable transportation during the event.;Workload and priorities: I had heavy workloads or pressing deadlines that prevented me from participating.,Yes,Very Satisfied,Very Satisfied,Very Satisfied,Very Satisfied,,Yes,Very Satisfied,Very Satisfied,Very Satisfied,No,,,,,,Lack of Knowledge: I was unaware of the discounts available with these stakeholders.;No Immediate Need: I don't have a current need for the products or services offered through the discounts and perks.;Forgetfulness: I simply forgot about the available discounts and perks.,Keep the good work!,No,"Lack of Interest: I don’t find the course engaging or relevant to my role.;Work Priorities: My primary responsibilities take precedence, and I don’t have the time or energy to get involved in the courses.",,,,,No,,,,,"Work Priorities: My primary responsibilities take precedence, and I don’t have the time or energy to get involved in the courses.;Lack of Interest: I don’t find the course engaging or relevant to my role.",NA,Very Satisfied,Very Satisfied,Very Satisfied,Very Satisfied,Very Satisfied,Very Satisfied,Very Satisfied,Very Satisfied,Very Satisfied,Very Satisfied,Very Satisfied,Very Satisfied,"Gracias por siempre darme su apoyo especialmente con documentos y tambien con mis vacaciones, en serio lo aprecio mucho"
114,8/21/2026 14:19,8/21/2026 14:50,anónimo,,Team Jocelyn,,,,,,,,,,,,,,,,,,,,,,,,No,,,,,No,,,,,N/A,Very Satisfied,Very Satisfied,Very Satisfied,Very Satisfied,Very Satisfied,Very Satisfied,Very Satisfied,Very Satisfied,Very Satisfied,N/A,Haven't used this service,Haven't used this service,Haven't used this service,Haven't used this service,Haven't used this service,N/A,Very Satisfied,Satisfied,Very Satisfied,Satisfied,Very Satisfied,Very Satisfied,Very Satisfied,Very Satisfied,Very Satisfied,Very Satisfied,Very Satisfied,Very Satisfied,Very Satisfied,Very Satisfied,Very Satisfied,Very Satisfied,Very Satisfied,Very Satisfied,Very Satisfied,Very Satisfied,Very Satisfied,Very Satisfied,Very Satisfied,Very Satisfied,Haven't used this service,Very Satisfied,Very Satisfied,Very Satisfied,No,,,,,,Very Satisfied,Very Satisfied,Very Satisfied,Very Satisfied,Very Satisfied,N/A,No,,,,,Lack of interest: The engagement activities did not appeal to my personal interes or preferences.;Schedule conflicts: The timing of the activities did not align with my work schedule or personal commitments.,No,,,,,"Transportation difficulties:  I had trouble finding reliable transportation during the event."";Lack of interest: The engagement activities did not appeal to my personal interes or preferences.",Yes,Very Satisfied,Very Satisfied,Very Satisfied,No,,,,,,Forgetfulness: I simply forgot about the available discounts and perks.;No Immediate Need: I don't have a current need for the products or services offered through the discounts and perks.,N/A,No,Lack of Interest: I don’t find the course engaging or relevant to my role.,,,,,Yes,Very Satisfied,Very Satisfied,Very Satisfied,Very Satisfied,,N/A,Very Satisfied,Very Satisfied,Very Satisfied,Very Satisfied,Very Satisfied,Very Satisfied,Very Satisfied,Very Satisfied,Very Satisfied,Very Satisfied,Very Satisfied,Very Satisfied,N/A
115,8/24/2026 10:44,8/24/2026 10:51,anónimo,,Team Harold,,,,,,,,,,,,,,,,,,,,,,,,No,,,,,No,,,,,"I don't know who they are, there's no knowledge about who the teams in conformed of. ",Satisfied,Very Satisfied,Very Satisfied,Haven't used this service,Satisfied,Very Satisfied,Very Satisfied,Haven't used this service,Very Satisfied,N/A,Haven't used this service,Haven't used this service,Haven't used this service,Haven't used this service,Haven't used this service,N/A,Very Satisfied,Neutral,Very Satisfied,Very Satisfied,Very Satisfied,Very Satisfied,Very Satisfied,Very Satisfied,Very Satisfied,Very Satisfied,Very Satisfied,Very Satisfied,Very Satisfied,Very Satisfied,Very Satisfied,Very Satisfied,Very Satisfied,Very Satisfied,Very Satisfied,Very Satisfied,Very Satisfied,Very Satisfied,Very Satisfied,Very Satisfied,Very Satisfied,Very Satisfied,Very Satisfied,Very Satisfied,No,,,,,,Very Satisfied,Very Satisfied,Haven't used this service,Haven't used this service,Neutral,n/a,No,,,,,Workload and priorities: I had heavy workloads or pressing deadlines that prevented me from participating.;Lack of interest: The engagement activities did not appeal to my personal interes or preferences.,Yes,Very Satisfied,Very Satisfied,Very Satisfied,Very Satisfied,,Yes,Very Satisfied,Very Satisfied,Very Satisfied,No,,,,,,No Immediate Need: I don't have a current need for the products or services offered through the discounts and perks.;Brands Not Attractive Enough: The brands offering discounts or perks don't appeal to my preferences or needs.,N/A,Yes,,Very Satisfied,Very Satisfied,Very Satisfied,Very Satisfied,No,,,,,"Work Priorities: My primary responsibilities take precedence, and I don’t have the time or energy to get involved in the courses.",n/a,Haven't used this service,Haven't used this service,Haven't used this service,Haven't used this service,Haven't used this service,Haven't used this service,Very Satisfied,Haven't used this service,Very Satisfied,Very Satisfied,Very Satisfied,Very Satisfied,n/a
116,8/24/2026 15:21,8/24/2026 15:30,anónimo,,Team ALDO - Axel,,,,,,,,,,,,,,,,,,,,,,,,Yes,Satisfied,Very Satisfied,Very Satisfied,Satisfied,No,,,,,N/A,Satisfied,Very Satisfied,Satisfied,Very Satisfied,Satisfied,Very Satisfied,Very Satisfied,Very Satisfied,Very Satisfied,N/A,Very Satisfied,Haven't used this service,Haven't used this service,Haven't used this service,Haven't used this service,N/A,Very Satisfied,Satisfied,Neutral,Very Satisfied,Very Satisfied,Very Satisfied,Very Satisfied,Very Satisfied,Very Satisfied,Very Satisfied,Very Satisfied,Satisfied,Satisfied,Very Satisfied,Very Satisfied,Very Satisfied,Very Satisfied,Very Satisfied,Neutral,Very Satisfied,Very Satisfied,Very Satisfied,Very Satisfied,Very Satisfied,Very Satisfied,Very Satisfied,Very Satisfied,Very Satisfied,No,,,,,,Very Satisfied,Very Satisfied,Very Satisfied,Very Satisfied,Very Satisfied,N/A,No,,,,,Transportation difficulties:  I had trouble finding reliable transportation during the event.;Workload and priorities: I had heavy workloads or pressing deadlines that prevented me from participating.;Schedule conflicts: The timing of the activities did not align with my work schedule or personal commitments.,No,,,,,"Schedule conflicts: The timing of the activities did not alingn with my work schedule or personal commitments.;Transportation difficulties:  I had trouble finding reliable transportation during the event."";Workload and priorities: I had heavy workloads or pressing deadlines that prevented me from participating.",Yes,Satisfied,Satisfied,Very Satisfied,No,,,,,,Forgetfulness: I simply forgot about the available discounts and perks.;No Immediate Need: I don't have a current need for the products or services offered through the discounts and perks.;Brands Not Attractive Enough: The brands offering discounts or perks don't appeal to my preferences or needs.,n/a,No,"Work Priorities: My primary responsibilities take precedence, and I don’t have the time or energy to get involved in the courses.;Lack of Interest: I don’t find the course engaging or relevant to my role.;Lack of Communication: I was not aware of this benefit, so I was unable to participate.",,,,,No,,,,,"Work Priorities: My primary responsibilities take precedence, and I don’t have the time or energy to get involved in the courses.;Lack of Communication: I was not aware of the internal courses available.;Lack of Interest: I don’t find the course engaging or relevant to my role.",n/a,Very Satisfied,Very Satisfied,Very Satisfied,Very Satisfied,Very Satisfied,Very Satisfied,Very Satisfied,Very Satisfied,Very Satisfied,Very Satisfied,Very Satisfied,Very Satisfied,n/a
117,8/24/2026 15:27,8/24/2026 15:39,anónimo,,Team ALDO - Axel,,,,,,,,,,,,,,,,,,,,,,,,Yes,Very Satisfied,Very Satisfied,Very Satisfied,Very Satisfied,No,,,,,continue with after office,Neutral,Haven't used this service,Haven't used this service,Haven't used this service,Very Satisfied,Very Satisfied,Very Satisfied,Very Satisfied,Very Satisfied,continue the same ,Very Satisfied,Very Satisfied,Very Satisfied,Very Satisfied,Very Satisfied,no,Very Satisfied,Neutral,Very Satisfied,Very Satisfied,Very Satisfied,Very Satisfied,Very Satisfied,Satisfied,Very Satisfied,Dissatisfied,Very Satisfied,Very Satisfied,Very Satisfied,Very Satisfied,Satisfied,Satisfied,Very Satisfied,Very Satisfied,Very Satisfied,Very Satisfied,Very Satisfied,Very Satisfied,Very Satisfied,Very Satisfied,Very Satisfied,Very Satisfied,Very Satisfied,Very Satisfied,No,,,,,,Very Satisfied,Very Satisfied,Very Satisfied,Very Satisfied,Very Satisfied,continue ,Yes,Very Satisfied,Very Satisfied,Very Satisfied,Very Satisfied,,Yes,Very Satisfied,Very Satisfied,Very Satisfied,Very Satisfied,,No,,,,No,,,,,,Lack of Knowledge: I was unaware of the discounts available with these stakeholders.;Brands Not Attractive Enough: The brands offering discounts or perks don't appeal to my preferences or needs.;Forgetfulness: I simply forgot about the available discounts and perks.,More information on how to take advantage of those perks ,No,"Lack of Communication: I was not aware of this benefit, so I was unable to participate.;No Recognition or Incentives: I believe there’s no tangible reward for completing the course.",,,,,No,,,,,Lack of Communication: I was not aware of the internal courses available.,provide more info ,Very Satisfied,Very Satisfied,Very Satisfied,Very Satisfied,Very Satisfied,Very Satisfied,Very Satisfied,Very Satisfied,Haven't used this service,Haven't used this service,Haven't used this service,Haven't used this service,keep it like that 
118,8/24/2026 15:41,8/24/2026 15:45,anónimo,,Team Jocelyn,,,,,,,,,,,,,,,,,,,,,,,,No,,,,,No,,,,,NA,Satisfied,Satisfied,Satisfied,Satisfied,Satisfied,Satisfied,Satisfied,Satisfied,Satisfied,NA,Very Satisfied,Satisfied,Satisfied,Satisfied,Satisfied,No,Very Satisfied,Satisfied,Dissatisfied,Dissatisfied,Very Satisfied,Very Satisfied,Very Satisfied,Very Satisfied,Very Satisfied,Very Satisfied,Very Satisfied,Very Satisfied,Very Satisfied,Satisfied,Very Satisfied,Very Satisfied,Very Satisfied,Very Satisfied,Very Satisfied,Very Satisfied,Very Satisfied,Very Satisfied,Very Satisfied,Neutral,Very Satisfied,Very Satisfied,Very Satisfied,Very Satisfied,No,,,,,,Very Satisfied,Very Satisfied,Very Satisfied,Very Satisfied,Very Satisfied,NA,No,,,,,Lack of Awareness: I was unaware of the engagement activities taking place during this time period.;Schedule conflicts: The timing of the activities did not align with my work schedule or personal commitments.;Workload and priorities: I had heavy workloads or pressing deadlines that prevented me from participating.,No,,,,,Lack of Awareness: I was unaware of the engagement activities taking place during this time period.;Schedule conflicts: The timing of the activities did not alingn with my work schedule or personal commitments.;Workload and priorities: I had heavy workloads or pressing deadlines that prevented me from participating.,No,,,,No,,,,,,Brands Not Attractive Enough: The brands offering discounts or perks don't appeal to my preferences or needs.;No Immediate Need: I don't have a current need for the products or services offered through the discounts and perks.,NA,No,"Lack of Communication: I was not aware of this benefit, so I was unable to participate.",,,,,No,,,,,"Work Priorities: My primary responsibilities take precedence, and I don’t have the time or energy to get involved in the courses.",NA,Very Satisfied,Very Satisfied,Very Satisfied,Very Satisfied,Haven't used this service,Haven't used this service,Haven't used this service,Haven't used this service,Haven't used this service,Haven't used this service,Haven't used this service,Haven't used this service,NA
119,8/24/2026 15:42,8/24/2026 15:49,anónimo,,Team Vilma,,,,,,,,,,,,,,,,,,,,,,,,No,,,,,No,,,,,Continue with holidays celebrations,Very Satisfied,Very Satisfied,Very Satisfied,Very Satisfied,Very Satisfied,Very Satisfied,Very Satisfied,Very Satisfied,Very Satisfied,"Keep the time for response, very effective",Very Satisfied,Very Satisfied,Very Satisfied,Very Satisfied,Very Satisfied,-,Satisfied,Neutral,Satisfied,Satisfied,Satisfied,Satisfied,Satisfied,Satisfied,Satisfied,Satisfied,Satisfied,Satisfied,Satisfied,Satisfied,Satisfied,Satisfied,Satisfied,Satisfied,Satisfied,Satisfied,Satisfied,Satisfied,Very Satisfied,Very Satisfied,Very Satisfied,Very Satisfied,Very Satisfied,Very Satisfied,No,,,,,,Very Satisfied,Very Satisfied,Very Satisfied,Very Satisfied,Very Satisfied,-,No,,,,,Schedule conflicts: The timing of the activities did not align with my work schedule or personal commitments.,No,,,,,Schedule conflicts: The timing of the activities did not alingn with my work schedule or personal commitments.,No,,,,No,,,,,,Forgetfulness: I simply forgot about the available discounts and perks.,-,No,"Work Priorities: My primary responsibilities take precedence, and I don’t have the time or energy to get involved in the courses.",,,,,Yes,Satisfied,Satisfied,Satisfied,Satisfied,,-,Very Satisfied,Very Satisfied,Very Satisfied,Very Satisfied,Very Satisfied,Very Satisfied,Very Satisfied,Very Satisfied,Very Satisfied,Very Satisfied,Very Satisfied,Very Satisfied,-
120,8/24/2026 15:36,8/24/2026 15:50,anónimo,,Team Benjamin,,,,,,,,,,,,,,,,,,,,,,,,No,,,,,No,,,,,"leave a 5 to 10 min gap between interviews (and any other scheduled meeting) as sometime it may extend and overlap with the next,",Very Satisfied,Very Satisfied,Very Satisfied,Very Satisfied,Satisfied,Satisfied,Satisfied,Satisfied,Satisfied,N/A,Very Satisfied,Dissatisfied,Dissatisfied,Very Dissatisfied,Very Dissatisfied,no,Dissatisfied,Dissatisfied,Very Satisfied,Dissatisfied,Very Satisfied,Very Satisfied,Neutral,Satisfied,Satisfied,Dissatisfied,Neutral,Neutral,Neutral,Neutral,Neutral,Neutral,Neutral,Neutral,Neutral,Neutral,Neutral,Dissatisfied,Neutral,Very Satisfied,Neutral,Very Satisfied,Very Satisfied,Very Satisfied,No,,,,,,Satisfied,Satisfied,Satisfied,Satisfied,Satisfied,na,No,,,,,Lack of interest: The engagement activities did not appeal to my personal interes or preferences.,No,,,,,Schedule conflicts: The timing of the activities did not alingn with my work schedule or personal commitments.,Yes,Neutral,Neutral,Neutral,No,,,,,,No Immediate Need: I don't have a current need for the products or services offered through the discounts and perks.,na,No,"Work Priorities: My primary responsibilities take precedence, and I don’t have the time or energy to get involved in the courses.",,,,,No,,,,,"Work Priorities: My primary responsibilities take precedence, and I don’t have the time or energy to get involved in the courses.",na,Neutral,Neutral,Neutral,Neutral,Neutral,Neutral,Neutral,Neutral,Neutral,Neutral,Neutral,Neutral,na
121,8/24/2026 15:43,8/24/2026 15:59,anónimo,,Team Jocelyn,,,,,,,,,,,,,,,,,,,,,,,,No,,,,,No,,,,,They should let us add the candidates for the referrals instead of the applicants adding our ID. Or have it both ways ,Dissatisfied,Very Satisfied,Very Satisfied,Satisfied,Neutral,Neutral,Neutral,Neutral,Neutral,na,Neutral,Satisfied,Very Dissatisfied,Very Dissatisfied,Very Dissatisfied,There need to be better communication or organzation on who should park in front of another car. The CC people shouldn't be parking in front of other cards. ,Very Dissatisfied,Dissatisfied,Very Satisfied,Dissatisfied,Very Satisfied,Very Satisfied,Neutral,Very Satisfied,Neutral,Very Satisfied,Very Satisfied,Very Satisfied,Very Satisfied,Neutral,Neutral,Dissatisfied,Satisfied,Satisfied,Very Satisfied,Very Satisfied,Very Satisfied,Very Satisfied,Very Satisfied,Very Satisfied,Very Satisfied,Very Satisfied,Very Satisfied,Very Satisfied,No,,,,,,Very Satisfied,Satisfied,Dissatisfied,Neutral,Very Satisfied,Payment can arrive always at the same time,No,,,,,Lack of Awareness: I was unaware of the engagement activities taking place during this time period.;Transportation difficulties:  I had trouble finding reliable transportation during the event.;Workload and priorities: I had heavy workloads or pressing deadlines that prevented me from participating.,No,,,,,Schedule conflicts: The timing of the activities did not alingn with my work schedule or personal commitments.,No,,,,No,,,,,,Lack of Knowledge: I was unaware of the discounts available with these stakeholders.,na,No,"Lack of Communication: I was not aware of this benefit, so I was unable to participate.",,,,,Yes,Very Satisfied,Very Satisfied,Very Satisfied,Very Satisfied,,na,Haven't used this service,Haven't used this service,Haven't used this service,Haven't used this service,Haven't used this service,Haven't used this service,Haven't used this service,Haven't used this service,Haven't used this service,Haven't used this service,Haven't used this service,Haven't used this service,na
122,8/24/2026 15:30,8/24/2026 16:22,anónimo,,Team ALDO - Melvin,,,,,,,,,,,,,,,,,,,,,,,,No,,,,,No,,,,,They are doing an amazing job,Very Satisfied,Very Satisfied,Satisfied,Very Satisfied,Satisfied,Very Satisfied,Satisfied,Satisfied,Very Satisfied,They are doing a great job ,Haven't used this service,Haven't used this service,Haven't used this service,Haven't used this service,Haven't used this service,NA,Very Satisfied,Very Satisfied,Very Satisfied,Very Satisfied,Very Satisfied,Very Satisfied,Very Satisfied,Very Satisfied,Very Satisfied,Very Satisfied,Very Satisfied,Very Satisfied,Very Satisfied,Very Satisfied,Very Satisfied,Very Satisfied,Very Satisfied,Very Satisfied,Very Satisfied,Very Satisfied,Very Satisfied,Haven't used this service,Haven't used this service,Haven't used this service,Haven't used this service,Haven't used this service,Haven't used this service,Haven't used this service,Yes,Very Satisfied,Very Satisfied,Very Satisfied,Very Satisfied,NA,Satisfied,Satisfied,Satisfied,Satisfied,Satisfied,NA,Yes,Satisfied,Satisfied,Satisfied,Satisfied,,No,,,,,"Transportation difficulties:  I had trouble finding reliable transportation during the event.""",No,,,,No,,,,,,No Immediate Need: I don't have a current need for the products or services offered through the discounts and perks.;Forgetfulness: I simply forgot about the available discounts and perks.,NA,No,"Work Priorities: My primary responsibilities take precedence, and I don’t have the time or energy to get involved in the courses.",,,,,Yes,Satisfied,Satisfied,Satisfied,Satisfied,,NA,Very Satisfied,Very Satisfied,Very Satisfied,Very Satisfied,Very Satisfied,Very Satisfied,Very Satisfied,Very Satisfied,Very Satisfied,Very Satisfied,Very Satisfied,Very Satisfied,NA
123,8/24/2026 16:17,8/24/2026 16:34,anónimo,,Team ALDO - Melvin,,,,,,,,,,,,,,,,,,,,,,,,No,,,,,No,,,,,.,Satisfied,Very Satisfied,Very Satisfied,Very Satisfied,Very Satisfied,Very Satisfied,Very Satisfied,Very Satisfied,Very Satisfied,.,Very Satisfied,Very Satisfied,Satisfied,Satisfied,Satisfied,.,Neutral,Neutral,Satisfied,Very Satisfied,Very Satisfied,Very Satisfied,Very Satisfied,Very Satisfied,Very Satisfied,Very Satisfied,Very Satisfied,Very Satisfied,Very Satisfied,Satisfied,Very Satisfied,Very Satisfied,Very Satisfied,Very Satisfied,Very Satisfied,Very Satisfied,Very Satisfied,Very Satisfied,Very Satisfied,Very Satisfied,Very Satisfied,Very Satisfied,Very Satisfied,Very Satisfied,No,,,,,,Very Satisfied,Satisfied,Very Satisfied,Very Satisfied,Very Satisfied,.,No,,,,,Schedule conflicts: The timing of the activities did not align with my work schedule or personal commitments.;Lack of Awareness: I was unaware of the engagement activities taking place during this time period.,Yes,Satisfied,Very Satisfied,Very Satisfied,Very Satisfied,,No,,,,No,,,,,,Lack of Knowledge: I was unaware of the discounts available with these stakeholders.,.,No,"Lack of Communication: I was not aware of this benefit, so I was unable to participate.",,,,,No,,,,,Lack of Communication: I was not aware of the internal courses available.,.,Very Satisfied,Very Satisfied,Very Satisfied,Very Satisfied,Very Satisfied,Very Satisfied,Very Satisfied,Very Satisfied,Haven't used this service,Haven't used this service,Haven't used this service,Haven't used this service,.
124,8/24/2026 16:24,8/24/2026 16:36,anónimo,,Team Jocelyn,,,,,,,,,,,,,,,,,,,,,,,,No,,,,,No,,,,,.,Dissatisfied,Neutral,Neutral,Neutral,Neutral,Neutral,Neutral,Neutral,Neutral,.,Haven't used this service,Haven't used this service,Haven't used this service,Haven't used this service,Haven't used this service,.,Dissatisfied,Very Dissatisfied,Satisfied,Dissatisfied,Neutral,Satisfied,Neutral,Neutral,Neutral,Satisfied,Satisfied,Satisfied,Satisfied,Dissatisfied,Neutral,Neutral,Neutral,Satisfied,Satisfied,Satisfied,Satisfied,Very Dissatisfied,Neutral,Neutral,Haven't used this service,Neutral,Haven't used this service,Haven't used this service,No,,,,,,Dissatisfied,Neutral,Dissatisfied,Neutral,Satisfied,.,No,,,,,Lack of interest: The engagement activities did not appeal to my personal interes or preferences.,No,,,,,Lack of interest: The engagement activities did not appeal to my personal interes or preferences.,No,,,,No,,,,,,Brands Not Attractive Enough: The brands offering discounts or perks don't appeal to my preferences or needs.,.,No,No Recognition or Incentives: I believe there’s no tangible reward for completing the course.,,,,,No,,,,,Lack of Interest: I don’t find the course engaging or relevant to my role.,.,Satisfied,Satisfied,Satisfied,Satisfied,Satisfied,Satisfied,Satisfied,Satisfied,Neutral,Neutral,Neutral,Neutral,.
125,8/24/2026 16:42,8/24/2026 16:56,anónimo,,Team Jocelyn,,,,,,,,,,,,,,,,,,,,,,,,No,,,,,No,,,,,No comments,Very Satisfied,Very Satisfied,Very Satisfied,Very Satisfied,Satisfied,Very Satisfied,Very Satisfied,Very Satisfied,Satisfied,No comments,Neutral,Satisfied,Satisfied,Satisfied,Satisfied,No,Satisfied,Dissatisfied,Satisfied,Neutral,Very Satisfied,Satisfied,Neutral,Satisfied,Satisfied,Satisfied,Satisfied,Satisfied,Satisfied,Neutral,Very Satisfied,Very Satisfied,Very Satisfied,Very Satisfied,Very Satisfied,Very Satisfied,Satisfied,Neutral,Satisfied,Very Satisfied,Haven't used this service,Very Satisfied,Haven't used this service,Haven't used this service,No,,,,,,Very Satisfied,Very Satisfied,Very Satisfied,Haven't used this service,Very Satisfied,No comments,No,,,,,Schedule conflicts: The timing of the activities did not align with my work schedule or personal commitments.;Transportation difficulties:  I had trouble finding reliable transportation during the event.,Yes,Satisfied,Satisfied,Satisfied,Satisfied,,No,,,,No,,,,,,No Immediate Need: I don't have a current need for the products or services offered through the discounts and perks.;Brands Not Attractive Enough: The brands offering discounts or perks don't appeal to my preferences or needs.,No comments,No,"Lack of Communication: I was not aware of this benefit, so I was unable to participate.",,,,,No,,,,,Lack of Communication: I was not aware of the internal courses available.,No comments,Haven't used this service,Haven't used this service,Haven't used this service,Haven't used this service,Very Satisfied,Very Satisfied,Very Satisfied,Very Satisfied,Haven't used this service,Haven't used this service,Haven't used this service,Haven't used this service,No comments
126,8/24/2026 16:49,8/24/2026 17:00,anónimo,,Team ALDO - Melvin,,,,,,,,,,,,,,,,,,,,,,,,No,,,,,No,,,,,More communication,Neutral,Very Satisfied,Very Satisfied,Very Satisfied,Very Satisfied,Very Satisfied,Very Satisfied,Very Satisfied,Satisfied,Everything is awesome ,Haven't used this service,Haven't used this service,Haven't used this service,Haven't used this service,Haven't used this service,Chill rooms or smoking places or any place to rest on lunch or brake ,Dissatisfied,Dissatisfied,Neutral,Very Satisfied,Very Satisfied,Satisfied,Dissatisfied,Dissatisfied,Dissatisfied,Very Satisfied,Satisfied,Very Satisfied,Dissatisfied,Satisfied,Satisfied,Satisfied,Dissatisfied,Satisfied,Dissatisfied,Satisfied,Very Satisfied,Very Satisfied,Very Satisfied,Very Satisfied,Very Satisfied,Very Satisfied,Very Satisfied,Very Satisfied,Yes,Very Satisfied,Satisfied,Neutral,Neutral,"Better work spots for everybody, bigger to fit personal belongings, more space. Desk at best. More resting places. A place where you can relax and enjoy the time spent at the company ",Very Satisfied,Very Satisfied,Very Satisfied,Very Satisfied,Very Satisfied,Everything is awesome,No,,,,,Lack of Awareness: I was unaware of the engagement activities taking place during this time period.,No,,,,,Lack of Awareness: I was unaware of the engagement activities taking place during this time period.,No,,,,No,,,,,,No Immediate Need: I don't have a current need for the products or services offered through the discounts and perks.;Forgetfulness: I simply forgot about the available discounts and perks.,More discounts or studies help ,No,"Lack of Communication: I was not aware of this benefit, so I was unable to participate.",,,,,No,,,,,Lack of Communication: I was not aware of the internal courses available.,More programs and more visibility,Very Satisfied,Very Satisfied,Very Satisfied,Very Satisfied,Very Satisfied,Very Satisfied,Very Satisfied,Very Satisfied,Very Satisfied,Very Satisfied,Very Satisfied,Very Satisfied,Everything is awesome
127,8/24/2026 17:07,8/24/2026 17:08,anónimo,,Team Vilma,,,,,,,,,,,,,,,,,,,,,,,,No,,,,,No,,,,,"I think they should continue the good work, as it seems to be reflected in the performance of the new hires.",Very Satisfied,Very Satisfied,Very Satisfied,Very Satisfied,Very Satisfied,Very Satisfied,Very Satisfied,Very Satisfied,Very Satisfied,They should keep doing the good work.,Very Satisfied,Very Satisfied,Neutral,Neutral,Neutral,More motorcycle parking spaces.,Very Satisfied,Neutral,Neutral,Very Satisfied,Very Satisfied,Very Satisfied,Very Satisfied,Very Satisfied,Very Satisfied,Very Satisfied,Very Satisfied,Very Satisfied,Very Satisfied,Very Satisfied,Very Satisfied,Very Satisfied,Very Satisfied,Very Satisfied,Very Satisfied,Very Satisfied,Very Satisfied,Very Satisfied,Very Satisfied,Very Satisfied,Very Satisfied,Very Satisfied,Very Satisfied,Very Satisfied,No,,,,,,Very Satisfied,Very Satisfied,Very Satisfied,Very Satisfied,Very Satisfied,None,No,,,,,Schedule conflicts: The timing of the activities did not align with my work schedule or personal commitments.,Yes,Satisfied,Satisfied,Satisfied,Satisfied,,No,,,,No,,,,,,Lack of Interest: The discounts and perks do not align with my personal interests or preferences.;Brands Not Attractive Enough: The brands offering discounts or perks don't appeal to my preferences or needs.,None,No,"Work Priorities: My primary responsibilities take precedence, and I don’t have the time or energy to get involved in the courses.",,,,,No,,,,,"Work Priorities: My primary responsibilities take precedence, and I don’t have the time or energy to get involved in the courses.",Not coments,Very Satisfied,Very Satisfied,Very Satisfied,Very Satisfied,Very Satisfied,Very Satisfied,Very Satisfied,Very Satisfied,Haven't used this service,Haven't used this service,Haven't used this service,Haven't used this service,not comments
128,8/25/2026 7:38,8/25/2026 7:59,anónimo,,Team ALDO - Axel,,,,,,,,,,,,,,,,,,,,,,,,Yes,Satisfied,Satisfied,Very Satisfied,Very Satisfied,No,,,,,Doing a great job,Neutral,Very Satisfied,Satisfied,Satisfied,Neutral,Neutral,Satisfied,Satisfied,Very Satisfied,Some equipments are old or has problem with the battery.,Very Satisfied,Satisfied,Dissatisfied,Neutral,Satisfied,The spaces could be need to be separated by teams.,Very Satisfied,Neutral,Satisfied,Satisfied,Satisfied,Very Satisfied,Satisfied,Satisfied,Neutral,Satisfied,Satisfied,Very Satisfied,Very Satisfied,Satisfied,Satisfied,Satisfied,Satisfied,Satisfied,Neutral,Satisfied,Satisfied,Very Satisfied,Very Satisfied,Very Satisfied,Very Satisfied,Very Satisfied,Very Satisfied,Very Satisfied,Yes,Satisfied,Satisfied,Neutral,Satisfied,about the kitchenette windows is the only thing there that needs more attention and be cleaner often,Satisfied,Satisfied,Satisfied,Very Satisfied,Very Satisfied,"Keep paying on time, we appreciate it.",Yes,Satisfied,Satisfied,Satisfied,Satisfied,,Yes,Satisfied,Satisfied,Satisfied,Very Satisfied,,No,,,,Yes,Neutral,Neutral,Neutral,Neutral,Dissatisfied,,Keba's discount was applied but at the same time they charge me a different tax.,No,Lack of Interest: I don’t find the course engaging or relevant to my role.,,,,,No,,,,,Lack of Interest: I don’t find the course engaging or relevant to my role.,Keep the courses availables,Very Satisfied,Very Satisfied,Very Satisfied,Satisfied,Very Satisfied,Very Satisfied,Very Satisfied,Satisfied,Satisfied,Satisfied,Satisfied,Satisfied,Keep doing a great job
129,8/25/2026 8:04,8/25/2026 8:09,anónimo,,Team Steffany,,,,,,,,,,,,,,,,,,,,,,,,No,,,,,No,,,,,Not sure,Dissatisfied,Dissatisfied,Dissatisfied,Dissatisfied,Satisfied,Satisfied,Satisfied,Satisfied,Satisfied,"Please buy a good-quality battery, because the last one only lasted about an hour. Also, please try to make sure that the meeting in Teams can be recorded.",Very Satisfied,Very Satisfied,Very Satisfied,Very Satisfied,Very Satisfied,None,Very Satisfied,Satisfied,Very Satisfied,Very Satisfied,Very Satisfied,Very Satisfied,Very Satisfied,Very Satisfied,Very Satisfied,Very Satisfied,Very Satisfied,Very Satisfied,Very Satisfied,Very Satisfied,Very Satisfied,Very Satisfied,Very Satisfied,Very Satisfied,Very Satisfied,Very Satisfied,Very Satisfied,Haven't used this service,Haven't used this service,Haven't used this service,Haven't used this service,Haven't used this service,Haven't used this service,Haven't used this service,No,,,,,,Very Satisfied,Very Satisfied,Very Satisfied,Very Satisfied,Very Satisfied,All good,No,,,,,Transportation difficulties:  I had trouble finding reliable transportation during the event.,No,,,,,Lack of interest: The engagement activities did not appeal to my personal interes or preferences.,No,,,,No,,,,,,No Immediate Need: I don't have a current need for the products or services offered through the discounts and perks.,None,No,Lack of Interest: I don’t find the course engaging or relevant to my role.,,,,,No,,,,,Lack of Communication: I was not aware of the internal courses available.;Lack of Interest: I don’t find the course engaging or relevant to my role.,None,Very Satisfied,Very Satisfied,Very Satisfied,Very Satisfied,Very Satisfied,Very Satisfied,Very Satisfied,Very Satisfied,Very Satisfied,Very Satisfied,Very Satisfied,Very Satisfied,All good
130,8/25/2026 8:08,8/25/2026 8:12,anónimo,,Team Steffany,,,,,,,,,,,,,,,,,,,,,,,,No,,,,,No,,,,,job fairs,Very Satisfied,Very Satisfied,Haven't used this service,Haven't used this service,Haven't used this service,Haven't used this service,Haven't used this service,Haven't used this service,Haven't used this service,none,Haven't used this service,Haven't used this service,Neutral,Very Satisfied,Neutral,build more parking spots,Very Satisfied,Very Satisfied,Very Satisfied,Very Satisfied,Very Satisfied,Very Satisfied,Very Satisfied,Very Satisfied,Very Satisfied,Very Satisfied,Very Satisfied,Very Satisfied,Very Satisfied,Very Satisfied,Very Satisfied,Very Satisfied,Very Satisfied,Very Satisfied,Very Satisfied,Very Satisfied,Very Satisfied,Haven't used this service,Haven't used this service,Haven't used this service,Haven't used this service,Haven't used this service,Haven't used this service,Haven't used this service,No,,,,,,Haven't used this service,Haven't used this service,Haven't used this service,Haven't used this service,Haven't used this service,all good,No,,,,,Lack of Awareness: I was unaware of the engagement activities taking place during this time period.,No,,,,,"Lack of Awareness: I was unaware of the engagement activities taking place during this time period.;Schedule conflicts: The timing of the activities did not alingn with my work schedule or personal commitments.;Transportation difficulties:  I had trouble finding reliable transportation during the event.""",No,,,,No,,,,,,No Immediate Need: I don't have a current need for the products or services offered through the discounts and perks.,nothing,No,"Work Priorities: My primary responsibilities take precedence, and I don’t have the time or energy to get involved in the courses.",,,,,No,,,,,"Work Priorities: My primary responsibilities take precedence, and I don’t have the time or energy to get involved in the courses.;Lack of Interest: I don’t find the course engaging or relevant to my role.",none,Haven't used this service,Haven't used this service,Haven't used this service,Haven't used this service,Haven't used this service,Haven't used this service,Haven't used this service,Haven't used this service,Haven't used this service,Haven't used this service,Haven't used this service,Haven't used this service,none
131,8/25/2026 8:13,8/25/2026 8:22,anónimo,,Team Steffany,,,,,,,,,,,,,,,,,,,,,,,,No,,,,,No,,,,,Review their talent.,Dissatisfied,Satisfied,Satisfied,Satisfied,Satisfied,Satisfied,Satisfied,Satisfied,Satisfied,I think they are working good now.,Haven't used this service,Haven't used this service,Haven't used this service,Haven't used this service,Haven't used this service,Don't use this service.,Satisfied,Neutral,Satisfied,Satisfied,Neutral,Satisfied,Very Satisfied,Very Satisfied,Dissatisfied,Satisfied,Very Satisfied,Very Satisfied,Very Satisfied,Very Satisfied,Very Satisfied,Very Satisfied,Very Satisfied,Very Satisfied,Very Satisfied,Very Satisfied,Very Satisfied,Very Satisfied,Dissatisfied,Very Satisfied,Very Satisfied,Very Satisfied,Very Satisfied,Very Satisfied,No,,,,,,Haven't used this service,Neutral,Neutral,Haven't used this service,Very Satisfied,Don't use the service.,No,,,,,Workload and priorities: I had heavy workloads or pressing deadlines that prevented me from participating.,No,,,,,"Schedule conflicts: The timing of the activities did not alingn with my work schedule or personal commitments.;Transportation difficulties:  I had trouble finding reliable transportation during the event.""",No,,,,No,,,,,,Brands Not Attractive Enough: The brands offering discounts or perks don't appeal to my preferences or needs.;Forgetfulness: I simply forgot about the available discounts and perks.,Don't have any recomendations.,No,"Lack of Communication: I was not aware of this benefit, so I was unable to participate.",,,,,Yes,Satisfied,Satisfied,Satisfied,Satisfied,,Don't have any recommendation.,Dissatisfied,Dissatisfied,Dissatisfied,Dissatisfied,Neutral,Neutral,Neutral,Neutral,Haven't used this service,Haven't used this service,Haven't used this service,Haven't used this service,Don't have any recommendation.
132,8/25/2026 8:14,8/25/2026 8:22,anónimo,,Team Kirian,,,,,,,,,,,,,,,,,,,,,,,,No,,,,,No,,,,,I have been on maternity,Haven't used this service,Haven't used this service,Satisfied,Satisfied,Very Satisfied,Very Satisfied,Very Satisfied,Very Satisfied,Haven't used this service,NA,Satisfied,Satisfied,Satisfied,Satisfied,Neutral,NA,Satisfied,Satisfied,Satisfied,Satisfied,Satisfied,Satisfied,Satisfied,Satisfied,Satisfied,Satisfied,Satisfied,Satisfied,Satisfied,Satisfied,Satisfied,Satisfied,Satisfied,Satisfied,Satisfied,Satisfied,Satisfied,Very Satisfied,Very Satisfied,Very Satisfied,Very Satisfied,Very Satisfied,Very Satisfied,Very Satisfied,No,,,,,,Very Satisfied,Very Satisfied,Very Satisfied,Very Satisfied,Very Satisfied,NA,No,,,,,Lack of interest: The engagement activities did not appeal to my personal interes or preferences.;Lack of Awareness: I was unaware of the engagement activities taking place during this time period.;Schedule conflicts: The timing of the activities did not align with my work schedule or personal commitments.,No,,,,,Schedule conflicts: The timing of the activities did not alingn with my work schedule or personal commitments.;Lack of Awareness: I was unaware of the engagement activities taking place during this time period.;Lack of interest: The engagement activities did not appeal to my personal interes or preferences.,No,,,,No,,,,,,Lack of Knowledge: I was unaware of the discounts available with these stakeholders.;No Immediate Need: I don't have a current need for the products or services offered through the discounts and perks.;Forgetfulness: I simply forgot about the available discounts and perks.,NA,No,"Lack of Interest: I don’t find the course engaging or relevant to my role.;Lack of Communication: I was not aware of this benefit, so I was unable to participate.;Work Priorities: My primary responsibilities take precedence, and I don’t have the time or energy to get involved in the courses.",,,,,No,,,,,"Lack of Interest: I don’t find the course engaging or relevant to my role.;Work Priorities: My primary responsibilities take precedence, and I don’t have the time or energy to get involved in the courses.",NA,Very Satisfied,Very Satisfied,Neutral,Very Satisfied,Very Satisfied,Very Satisfied,Very Satisfied,Very Satisfied,Very Satisfied,Very Satisfied,Very Satisfied,Very Satisfied,"El proceso de maternidad fue un poco confuso pero tambien tuvo que ver con el gobierno, no es solo culpa de HR."
133,8/25/2026 8:04,8/25/2026 8:23,anónimo,,Team Steffany,,,,,,,,,,,,,,,,,,,,,,,,No,,,,,Yes,Dissatisfied,Dissatisfied,Dissatisfied,Dissatisfied,"He referido a dos personas y de ninguna de ellas recibi informacion de procesos. A estas alturas, a una de ellas aun no se si la contrataron o no. Asi que deberian de comunicarse mejor.",Very Satisfied,Very Satisfied,Very Satisfied,Very Satisfied,Very Satisfied,Very Satisfied,Very Satisfied,Very Satisfied,Very Satisfied,Todo lo esta haciendo bien,Very Satisfied,Very Satisfied,Very Satisfied,Very Satisfied,Very Satisfied,No,Very Satisfied,Dissatisfied,Very Satisfied,Very Satisfied,Very Satisfied,Very Satisfied,Very Satisfied,Very Satisfied,Very Satisfied,Very Satisfied,Very Satisfied,Very Satisfied,Very Satisfied,Very Satisfied,Very Satisfied,Very Satisfied,Very Satisfied,Very Satisfied,Very Satisfied,Very Satisfied,Very Satisfied,Very Satisfied,Very Satisfied,Very Satisfied,Haven't used this service,Very Satisfied,Very Satisfied,Very Satisfied,No,,,,,,Very Satisfied,Very Satisfied,Very Satisfied,Very Satisfied,Very Satisfied,"Un aspecto que considero que podrían mejorar es la gestión de los pagos cuando ocurre algún error. Por ejemplo, si por error del coach no se incluye un bono y recibimos un pago incompleto, considero que la diferencia debería pagarse lo antes posible, en lugar de tener que esperar hasta la siguiente quincena. Cada persona organiza sus gastos y presupuesto en función del pago que espera recibir, por lo que un error ajeno a nosotros puede generar un desajuste financiero. Sería de mucha ayuda que, en estos casos, se pudiera procesar el monto pendiente de forma inmediata una vez identificado el error.",No,,,,,Workload and priorities: I had heavy workloads or pressing deadlines that prevented me from participating.,No,,,,,Lack of interest: The engagement activities did not appeal to my personal interes or preferences.,No,,,,Yes,Satisfied,Satisfied,Satisfied,Satisfied,Satisfied,,Creo que todo lo estan haciendo bien,No,"Work Priorities: My primary responsibilities take precedence, and I don’t have the time or energy to get involved in the courses.",,,,,No,,,,,"Work Priorities: My primary responsibilities take precedence, and I don’t have the time or energy to get involved in the courses.",Creo que todo bien,Haven't used this service,Haven't used this service,Haven't used this service,Haven't used this service,Haven't used this service,Haven't used this service,Haven't used this service,Haven't used this service,Haven't used this service,Haven't used this service,Haven't used this service,Haven't used this service,Creo que todo bien
134,8/25/2026 8:09,8/25/2026 8:26,anónimo,,Team Steffany,,,,,,,,,,,,,,,,,,,,,,,,No,,,,,No,,,,,NA,Dissatisfied,Very Satisfied,Very Satisfied,Very Satisfied,Neutral,Very Satisfied,Very Satisfied,Very Satisfied,Very Satisfied,NA,Very Satisfied,Very Satisfied,Neutral,Very Satisfied,Very Satisfied,NA,Satisfied,Satisfied,Satisfied,Satisfied,Satisfied,Satisfied,Satisfied,Satisfied,Satisfied,Satisfied,Satisfied,Satisfied,Satisfied,Satisfied,Satisfied,Satisfied,Satisfied,Satisfied,Satisfied,Satisfied,Satisfied,Very Satisfied,Very Satisfied,Very Satisfied,Very Satisfied,Very Satisfied,Very Satisfied,Very Satisfied,No,,,,,,Satisfied,Satisfied,Satisfied,Satisfied,Satisfied,NA,No,,,,,Schedule conflicts: The timing of the activities did not align with my work schedule or personal commitments.,Yes,Satisfied,Satisfied,Satisfied,Satisfied,,Yes,Satisfied,Neutral,Satisfied,No,,,,,,Brands Not Attractive Enough: The brands offering discounts or perks don't appeal to my preferences or needs.,NA,No,"Work Priorities: My primary responsibilities take precedence, and I don’t have the time or energy to get involved in the courses.",,,,,Yes,Neutral,Satisfied,Satisfied,Satisfied,,NA,Satisfied,Satisfied,Satisfied,Satisfied,Very Satisfied,Very Satisfied,Very Satisfied,Very Satisfied,Neutral,Neutral,Neutral,Neutral,NA
135,8/25/2026 8:24,8/25/2026 8:30,anónimo,,Team Kirian,,,,,,,,,,,,,,,,,,,,,,,,Yes,Satisfied,Satisfied,Satisfied,Satisfied,No,,,,,n/a,Very Satisfied,Very Satisfied,Very Satisfied,Very Satisfied,Very Satisfied,Very Satisfied,Very Satisfied,Very Satisfied,Very Satisfied,na,Very Satisfied,Very Satisfied,Neutral,Very Satisfied,Satisfied,na,Neutral,Neutral,Satisfied,Very Satisfied,Very Satisfied,Very Satisfied,Very Satisfied,Very Satisfied,Very Satisfied,Very Satisfied,Very Satisfied,Very Satisfied,Very Satisfied,Very Satisfied,Very Satisfied,Very Satisfied,Very Satisfied,Very Satisfied,Very Satisfied,Very Satisfied,Very Satisfied,Very Satisfied,Very Satisfied,Very Satisfied,Very Satisfied,Very Satisfied,Very Satisfied,Very Satisfied,No,,,,,,Very Satisfied,Very Satisfied,Very Satisfied,Very Satisfied,Very Satisfied,na,No,,,,,Lack of Awareness: I was unaware of the engagement activities taking place during this time period.;Workload and priorities: I had heavy workloads or pressing deadlines that prevented me from participating.,Yes,Very Satisfied,Very Satisfied,Very Satisfied,Very Satisfied,,No,,,,No,,,,,,Lack of Knowledge: I was unaware of the discounts available with these stakeholders.;No Immediate Need: I don't have a current need for the products or services offered through the discounts and perks.;Forgetfulness: I simply forgot about the available discounts and perks.,na,No,"Work Priorities: My primary responsibilities take precedence, and I don’t have the time or energy to get involved in the courses.",,,,,No,,,,,"Work Priorities: My primary responsibilities take precedence, and I don’t have the time or energy to get involved in the courses.",na,Very Satisfied,Very Satisfied,Very Satisfied,Very Satisfied,Very Satisfied,Very Satisfied,Very Satisfied,Very Satisfied,Haven't used this service,Haven't used this service,Haven't used this service,Haven't used this service,na
136,8/25/2026 8:24,8/25/2026 8:31,anónimo,,Team Steffany,,,,,,,,,,,,,,,,,,,,,,,,No,,,,,No,,,,,Being clear about the expectations for earning a promotion,Haven't used this service,Haven't used this service,Haven't used this service,Haven't used this service,Very Satisfied,Very Satisfied,Very Satisfied,Very Satisfied,Very Satisfied,.,Haven't used this service,Haven't used this service,Haven't used this service,Haven't used this service,Haven't used this service,.,Satisfied,Satisfied,Satisfied,Neutral,Satisfied,Very Satisfied,Very Satisfied,Very Satisfied,Very Satisfied,Very Satisfied,Very Satisfied,Very Satisfied,Very Satisfied,Very Satisfied,Very Satisfied,Very Satisfied,Very Satisfied,Very Satisfied,Very Satisfied,Very Satisfied,Very Satisfied,Haven't used this service,Haven't used this service,Haven't used this service,Haven't used this service,Haven't used this service,Haven't used this service,Haven't used this service,No,,,,,,Very Satisfied,Very Satisfied,Very Satisfied,Haven't used this service,Very Satisfied,.,No,,,,,Schedule conflicts: The timing of the activities did not align with my work schedule or personal commitments.,No,,,,,Schedule conflicts: The timing of the activities did not alingn with my work schedule or personal commitments.,No,,,,No,,,,,,No Immediate Need: I don't have a current need for the products or services offered through the discounts and perks.;Forgetfulness: I simply forgot about the available discounts and perks.,.,No,Lack of Interest: I don’t find the course engaging or relevant to my role.,,,,,No,,,,,Lack of Communication: I was not aware of the internal courses available.,.,Very Satisfied,Very Satisfied,Very Satisfied,Haven't used this service,Very Satisfied,Very Satisfied,Very Satisfied,Very Satisfied,Very Satisfied,Very Satisfied,Very Satisfied,Very Satisfied,.
137,8/25/2026 8:11,8/25/2026 8:31,anónimo,,Team Steffany,,,,,,,,,,,,,,,,,,,,,,,,No,,,,,No,,,,,all good,Neutral,Satisfied,Very Satisfied,Satisfied,Satisfied,Satisfied,Satisfied,Satisfied,Satisfied,I think IT should check that the equipment and accessories are in good condition.,Neutral,Neutral,Neutral,Neutral,Neutral,N/A,Dissatisfied,Satisfied,Neutral,Dissatisfied,Satisfied,Satisfied,Satisfied,Satisfied,Satisfied,Satisfied,Satisfied,Neutral,Neutral,Neutral,Neutral,Neutral,Neutral,Satisfied,Satisfied,Satisfied,Satisfied,Satisfied,Satisfied,Satisfied,Satisfied,Satisfied,Satisfied,Satisfied,No,,,,,,Neutral,Neutral,Satisfied,Satisfied,Satisfied,all good,No,,,,,Schedule conflicts: The timing of the activities did not align with my work schedule or personal commitments.,No,,,,,Schedule conflicts: The timing of the activities did not alingn with my work schedule or personal commitments.,No,,,,No,,,,,,Brands Not Attractive Enough: The brands offering discounts or perks don't appeal to my preferences or needs.;No Immediate Need: I don't have a current need for the products or services offered through the discounts and perks.,"Since most of our work schedule is remote, I think People Experience should explore more perks and discounts, such as offers on PedidosYa, Uber Eats, or delivery services from local establishments.",No,Lack of Interest: I don’t find the course engaging or relevant to my role.,,,,,No,,,,,"Work Priorities: My primary responsibilities take precedence, and I don’t have the time or energy to get involved in the courses.;Lack of Communication: I was not aware of the internal courses available.",All good,Satisfied,Satisfied,Satisfied,Satisfied,Neutral,Neutral,Neutral,Neutral,Neutral,Neutral,Neutral,Neutral,all good
138,8/25/2026 8:27,8/25/2026 8:39,anónimo,,Team Kirian,,,,,,,,,,,,,,,,,,,,,,,,No,,,,,No,,,,,.,Strongly Dissatisfied,Dissatisfied,Neutral,Neutral,Dissatisfied,Dissatisfied,Neutral,Neutral,Satisfied,.,Neutral,Dissatisfied,Dissatisfied,Dissatisfied,Neutral,.,Very Dissatisfied,Very Dissatisfied,Satisfied,Neutral,Very Satisfied,Very Satisfied,Very Satisfied,Very Satisfied,Very Satisfied,Very Satisfied,Very Satisfied,Satisfied,Satisfied,Satisfied,Satisfied,Satisfied,Satisfied,Satisfied,Satisfied,Satisfied,Satisfied,Dissatisfied,Satisfied,Satisfied,Satisfied,Satisfied,Satisfied,Satisfied,No,,,,,,Satisfied,Neutral,Satisfied,Satisfied,Satisfied,.,No,,,,,Lack of interest: The engagement activities did not appeal to my personal interes or preferences.;Workload and priorities: I had heavy workloads or pressing deadlines that prevented me from participating.,No,,,,,Lack of interest: The engagement activities did not appeal to my personal interes or preferences.,No,,,,No,,,,,,Brands Not Attractive Enough: The brands offering discounts or perks don't appeal to my preferences or needs.,.,No,"Work Priorities: My primary responsibilities take precedence, and I don’t have the time or energy to get involved in the courses.",,,,,No,,,,,"Work Priorities: My primary responsibilities take precedence, and I don’t have the time or energy to get involved in the courses.",.,Satisfied,Satisfied,Satisfied,Satisfied,Neutral,Neutral,Neutral,Neutral,Neutral,Neutral,Neutral,Neutral,.
139,8/25/2026 8:28,8/25/2026 8:39,anónimo,,Team Steffany,,,,,,,,,,,,,,,,,,,,,,,,No,,,,,No,,,,,none,Dissatisfied,Satisfied,Satisfied,Satisfied,Satisfied,Satisfied,Satisfied,Satisfied,Dissatisfied,none,Satisfied,Satisfied,Satisfied,Satisfied,Dissatisfied,Provide access on time.,Satisfied,Dissatisfied,Neutral,Satisfied,Satisfied,Satisfied,Satisfied,Satisfied,Satisfied,Satisfied,Satisfied,Satisfied,Satisfied,Satisfied,Satisfied,Satisfied,Satisfied,Satisfied,Satisfied,Satisfied,Satisfied,Dissatisfied,Satisfied,Satisfied,Satisfied,Satisfied,Satisfied,Satisfied,No,,,,,,Satisfied,Satisfied,Satisfied,Satisfied,Satisfied,none,Yes,Satisfied,Satisfied,Satisfied,Satisfied,,No,,,,,Schedule conflicts: The timing of the activities did not alingn with my work schedule or personal commitments.,No,,,,Yes,Very Satisfied,Very Satisfied,Very Satisfied,Very Satisfied,Very Satisfied,,none,No,"Lack of Communication: I was not aware of this benefit, so I was unable to participate.",,,,,No,,,,,Lack of Communication: I was not aware of the internal courses available.,none,Very Satisfied,Very Satisfied,Very Satisfied,Very Satisfied,Satisfied,Satisfied,Satisfied,Satisfied,Satisfied,Satisfied,Satisfied,Satisfied,none
140,8/25/2026 8:05,8/25/2026 8:39,anónimo,,Team Steffany,,,,,,,,,,,,,,,,,,,,,,,,No,,,,,No,,,,,continue,Satisfied,Satisfied,Satisfied,Satisfied,Satisfied,Satisfied,Satisfied,Satisfied,Satisfied,continue,Satisfied,Satisfied,Dissatisfied,Dissatisfied,Neutral,more spaces,Satisfied,Satisfied,Satisfied,Satisfied,Satisfied,Satisfied,Satisfied,Satisfied,Satisfied,Satisfied,Satisfied,Satisfied,Satisfied,Satisfied,Satisfied,Satisfied,Satisfied,Satisfied,Satisfied,Satisfied,Satisfied,Very Satisfied,Very Satisfied,Very Satisfied,Very Satisfied,Very Satisfied,Very Satisfied,Very Satisfied,No,,,,,,Very Satisfied,Very Satisfied,Very Satisfied,Very Satisfied,Very Satisfied,continue,No,,,,,Schedule conflicts: The timing of the activities did not align with my work schedule or personal commitments.,Yes,Satisfied,Satisfied,Satisfied,Satisfied,,No,,,,No,,,,,,No Immediate Need: I don't have a current need for the products or services offered through the discounts and perks.;Forgetfulness: I simply forgot about the available discounts and perks.,continue,No,"Lack of Communication: I was not aware of this benefit, so I was unable to participate.",,,,,Yes,Satisfied,Satisfied,Satisfied,Satisfied,,doing,Very Satisfied,Very Satisfied,Very Satisfied,Very Satisfied,Very Satisfied,Very Satisfied,Very Satisfied,Very Satisfied,Very Satisfied,Very Satisfied,Very Satisfied,Very Satisfied,continue
141,8/25/2026 8:33,8/25/2026 8:42,anónimo,,Team Kirian,,,,,,,,,,,,,,,,,,,,,,,,No,,,,,No,,,,,-,Dissatisfied,Dissatisfied,Dissatisfied,Neutral,Neutral,Neutral,Neutral,Neutral,Satisfied,having good replacements,Neutral,Neutral,Neutral,Neutral,Neutral,-,Neutral,Neutral,Neutral,Neutral,Neutral,Very Satisfied,Very Satisfied,Very Satisfied,Very Satisfied,Very Satisfied,Very Satisfied,Satisfied,Satisfied,Satisfied,Satisfied,Satisfied,Satisfied,Satisfied,Satisfied,Satisfied,Satisfied,Very Satisfied,Very Satisfied,Very Satisfied,Very Satisfied,Very Satisfied,Very Satisfied,Very Satisfied,No,,,,,,Satisfied,Satisfied,Satisfied,Satisfied,Satisfied,-,No,,,,,Schedule conflicts: The timing of the activities did not align with my work schedule or personal commitments.,No,,,,,Schedule conflicts: The timing of the activities did not alingn with my work schedule or personal commitments.,No,,,,Yes,Satisfied,Satisfied,Satisfied,Satisfied,Satisfied,,-,No,"Work Priorities: My primary responsibilities take precedence, and I don’t have the time or energy to get involved in the courses.",,,,,No,,,,,"Work Priorities: My primary responsibilities take precedence, and I don’t have the time or energy to get involved in the courses.",-,Satisfied,Satisfied,Satisfied,Satisfied,Satisfied,Satisfied,Satisfied,Satisfied,Satisfied,Satisfied,Satisfied,Satisfied,-
142,8/25/2026 8:40,8/25/2026 8:50,anónimo,,Team Steffany,,,,,,,,,,,,,,,,,,,,,,,,No,,,,,Yes,Neutral,Neutral,Strongly Dissatisfied,Dissatisfied,takes tooo long,Very Satisfied,Satisfied,Satisfied,Very Satisfied,Very Satisfied,Very Satisfied,Very Satisfied,Very Satisfied,Very Satisfied,good,Very Satisfied,Dissatisfied,Dissatisfied,Dissatisfied,Dissatisfied,no,Neutral,Neutral,Neutral,Neutral,Very Satisfied,Very Satisfied,Very Satisfied,Very Satisfied,Very Satisfied,Very Satisfied,Very Satisfied,Satisfied,Satisfied,Satisfied,Satisfied,Satisfied,Satisfied,Satisfied,Very Satisfied,Very Satisfied,Satisfied,Very Satisfied,Very Satisfied,Very Satisfied,Very Satisfied,Very Satisfied,Very Satisfied,Very Satisfied,No,,,,,,Very Dissatisfied,Very Dissatisfied,Very Dissatisfied,Very Dissatisfied,Satisfied,.,No,,,,,Schedule conflicts: The timing of the activities did not align with my work schedule or personal commitments.;Transportation difficulties:  I had trouble finding reliable transportation during the event.;Workload and priorities: I had heavy workloads or pressing deadlines that prevented me from participating.,No,,,,,"Transportation difficulties:  I had trouble finding reliable transportation during the event."";Workload and priorities: I had heavy workloads or pressing deadlines that prevented me from participating.",No,,,,Yes,Satisfied,Satisfied,Satisfied,Satisfied,Satisfied,,good,No,"No Recognition or Incentives: I believe there’s no tangible reward for completing the course.;Lack of Communication: I was not aware of this benefit, so I was unable to participate.",,,,,No,,,,,Difficult Enrollment Process: I find signing up for the course is complicated;Lack of Communication: I was not aware of the internal courses available.,"a website, a pdf or some place were to find the courses available, i want to roll in but dont know which courses are available",Haven't used this service,Haven't used this service,Haven't used this service,Haven't used this service,Haven't used this service,Haven't used this service,Haven't used this service,Haven't used this service,Haven't used this service,Haven't used this service,Haven't used this service,Haven't used this service,.
143,8/25/2026 8:31,8/25/2026 8:51,anónimo,,Team ALDO - Axel,,,,,,,,,,,,,,,,,,,,,,,,No,,,,,Yes,Very Satisfied,Very Satisfied,Very Satisfied,Very Satisfied,"I recommended it to a friend and the communication was clear. I myself participated in the process for a new position, but I never received any feedback to understand why I didn't get it.",Very Satisfied,Satisfied,Very Satisfied,Very Satisfied,Very Satisfied,Very Satisfied,Very Satisfied,Very Satisfied,Satisfied,"So far, I have generally had a good experience.",Haven't used this service,Haven't used this service,Haven't used this service,Haven't used this service,Haven't used this service,Haven't used this service,Very Satisfied,Satisfied,Very Satisfied,Very Satisfied,Very Satisfied,Very Satisfied,Satisfied,Satisfied,Satisfied,Very Satisfied,Very Satisfied,Very Satisfied,Satisfied,Very Satisfied,Very Satisfied,Satisfied,Very Satisfied,Satisfied,Very Satisfied,Very Satisfied,Satisfied,Very Satisfied,Very Satisfied,Haven't used this service,Very Satisfied,Haven't used this service,Very Satisfied,Haven't used this service,Yes,Satisfied,Satisfied,Neutral,Satisfied,"I don't really use it very often, but it's small.",Very Satisfied,Very Satisfied,Very Satisfied,Very Satisfied,Very Satisfied,"I like the breakdowns and receiving the receipt, so I can understand what I'm getting paid for.",Yes,Very Satisfied,Very Satisfied,Very Satisfied,Very Satisfied,,No,,,,,"Schedule conflicts: The timing of the activities did not alingn with my work schedule or personal commitments.;Transportation difficulties:  I had trouble finding reliable transportation during the event.""",Yes,Satisfied,Satisfied,Satisfied,No,,,,,,Brands Not Attractive Enough: The brands offering discounts or perks don't appeal to my preferences or needs.;No Immediate Need: I don't have a current need for the products or services offered through the discounts and perks.,I think regarding recognition for achieving goals—such as gift cards or small incentives—it encourages you to keep putting in the effort.,No,"Work Priorities: My primary responsibilities take precedence, and I don’t have the time or energy to get involved in the courses.",,,,,No,,,,,"Work Priorities: My primary responsibilities take precedence, and I don’t have the time or energy to get involved in the courses.",I like that there are courses for learning new skills that help you better integrate into the work environment.,Very Satisfied,Very Satisfied,Very Satisfied,Very Satisfied,Very Satisfied,Very Satisfied,Very Satisfied,Very Satisfied,Very Satisfied,Very Satisfied,Very Satisfied,Very Satisfied,I appreciate that they have been flexible when I’ve needed time off.
144,8/25/2026 8:26,8/25/2026 8:57,anónimo,,Team Steffany,,,,,,,,,,,,,,,,,,,,,,,,No,,,,,No,,,,,I think is fine so far,Neutral,Satisfied,Very Satisfied,Satisfied,Neutral,Neutral,Neutral,Neutral,Neutral,"could be more efficient, I'm satisfied but the policy of submitting a ticket anticipated",Very Satisfied,Very Satisfied,Very Satisfied,Very Satisfied,Dissatisfied,I completed the form of parking thing but I have no access to the chat so I would like to since if I have to move or something I can be informed right away without waiting for someone else to look for me...,Satisfied,Neutral,Satisfied,Neutral,Satisfied,Satisfied,Satisfied,Satisfied,Satisfied,Satisfied,Satisfied,Satisfied,Satisfied,Satisfied,Satisfied,Satisfied,Satisfied,Satisfied,Dissatisfied,Satisfied,Satisfied,Very Satisfied,Very Satisfied,Very Satisfied,Very Satisfied,Very Satisfied,Very Satisfied,Very Satisfied,No,,,,,,Satisfied,Satisfied,Satisfied,Satisfied,Satisfied,all good,Yes,Satisfied,Satisfied,Satisfied,Satisfied,,Yes,Satisfied,Satisfied,Satisfied,Satisfied,,Yes,Satisfied,Satisfied,Satisfied,Yes,Satisfied,Satisfied,Satisfied,Satisfied,Satisfied,,all good ,No,"Work Priorities: My primary responsibilities take precedence, and I don’t have the time or energy to get involved in the courses.;Lack of Communication: I was not aware of this benefit, so I was unable to participate.;No Recognition or Incentives: I believe there’s no tangible reward for completing the course.",,,,,No,,,,,"Work Priorities: My primary responsibilities take precedence, and I don’t have the time or energy to get involved in the courses.;Difficult Enrollment Process: I find signing up for the course is complicated;Lack of Communication: I was not aware of the internal courses available.",no comments,Satisfied,Satisfied,Satisfied,Satisfied,Satisfied,Satisfied,Satisfied,Satisfied,Satisfied,Satisfied,Satisfied,Satisfied,all good so far
145,8/25/2026 8:55,8/25/2026 9:01,anónimo,,Team Kirian,,,,,,,,,,,,,,,,,,,,,,,,No,,,,,No,,,,,"I think everything they do should continue, the referral bonus also should continue ",Satisfied,Satisfied,Satisfied,Satisfied,Very Satisfied,Very Satisfied,Very Satisfied,Very Satisfied,Satisfied,NA,Satisfied,Satisfied,Neutral,Neutral,Neutral,more parking spaces ,Satisfied,Dissatisfied,Satisfied,Satisfied,Satisfied,Satisfied,Satisfied,Satisfied,Satisfied,Satisfied,Satisfied,Satisfied,Neutral,Satisfied,Satisfied,Satisfied,Satisfied,Satisfied,Satisfied,Satisfied,Satisfied,Neutral,Satisfied,Satisfied,Satisfied,Satisfied,Satisfied,Satisfied,No,,,,,,Very Satisfied,Very Satisfied,Very Satisfied,Very Satisfied,Very Satisfied,NA,No,,,,,Schedule conflicts: The timing of the activities did not align with my work schedule or personal commitments.,Yes,Satisfied,Satisfied,Satisfied,Satisfied,,No,,,,No,,,,,,Brands Not Attractive Enough: The brands offering discounts or perks don't appeal to my preferences or needs.;No Immediate Need: I don't have a current need for the products or services offered through the discounts and perks.,NA,No,"Work Priorities: My primary responsibilities take precedence, and I don’t have the time or energy to get involved in the courses.",,,,,Yes,Satisfied,Satisfied,Satisfied,Satisfied,,NA,Very Satisfied,Very Satisfied,Very Satisfied,Haven't used this service,Very Satisfied,Very Satisfied,Very Satisfied,Very Satisfied,Haven't used this service,Haven't used this service,Haven't used this service,Haven't used this service,NA
146,8/25/2026 8:50,8/25/2026 9:03,anónimo,,Team Alejandra Choriego,,,,,,,,,,,,,,,,,,,,,,,,No,,,,,No,,,,,start,Neutral,Very Satisfied,Very Satisfied,Very Satisfied,Satisfied,Neutral,Neutral,Satisfied,Satisfied,start providing new equipments,Haven't used this service,Haven't used this service,Haven't used this service,Haven't used this service,Haven't used this service,na,Very Satisfied,Very Satisfied,Very Satisfied,Very Satisfied,Very Satisfied,Very Satisfied,Very Satisfied,Very Satisfied,Very Satisfied,Very Satisfied,Very Satisfied,Very Satisfied,Very Satisfied,Very Satisfied,Very Satisfied,Very Satisfied,Very Satisfied,Very Satisfied,Very Satisfied,Very Satisfied,Very Satisfied,Haven't used this service,Haven't used this service,Haven't used this service,Haven't used this service,Haven't used this service,Haven't used this service,Haven't used this service,No,,,,,,Very Satisfied,Very Satisfied,Very Satisfied,Haven't used this service,Haven't used this service,na,No,,,,,Schedule conflicts: The timing of the activities did not align with my work schedule or personal commitments.,No,,,,,Lack of Awareness: I was unaware of the engagement activities taking place during this time period.,No,,,,Yes,Satisfied,Satisfied,Satisfied,Satisfied,Satisfied,,start more iniat,No,"Lack of Communication: I was not aware of this benefit, so I was unable to participate.",,,,,No,,,,,Lack of Communication: I was not aware of the internal courses available.,na,Haven't used this service,Haven't used this service,Haven't used this service,Haven't used this service,Haven't used this service,Haven't used this service,Haven't used this service,Haven't used this service,Haven't used this service,Haven't used this service,Haven't used this service,Haven't used this service,na
147,8/25/2026 9:07,8/25/2026 9:16,anónimo,,Team Steffany,,,,,,,,,,,,,,,,,,,,,,,,No,,,,,No,,,,,-,Very Satisfied,Very Satisfied,Very Satisfied,Haven't used this service,Very Satisfied,Very Satisfied,Very Satisfied,Haven't used this service,Satisfied,monthly equipment checkouts..as the equipment looses quality over time and sometimes the apps used are heavier than the RAM or Processor can handle and equipment over heats,Very Satisfied,Very Satisfied,Satisfied,Very Satisfied,Haven't used this service,-,Neutral,Very Satisfied,Very Satisfied,Very Dissatisfied,Very Satisfied,Very Satisfied,Very Satisfied,Very Satisfied,Very Satisfied,Very Satisfied,Very Satisfied,Satisfied,Satisfied,Very Satisfied,Very Satisfied,Satisfied,Very Satisfied,Very Satisfied,Very Satisfied,Very Satisfied,Neutral,Very Satisfied,Very Satisfied,Very Satisfied,Very Satisfied,Very Satisfied,Very Satisfied,Very Satisfied,No,,,,,,Haven't used this service,Haven't used this service,Haven't used this service,Haven't used this service,Very Satisfied,-,No,,,,,Schedule conflicts: The timing of the activities did not align with my work schedule or personal commitments.;Workload and priorities: I had heavy workloads or pressing deadlines that prevented me from participating.;Lack of Awareness: I was unaware of the engagement activities taking place during this time period.,No,,,,,Workload and priorities: I had heavy workloads or pressing deadlines that prevented me from participating.;Schedule conflicts: The timing of the activities did not alingn with my work schedule or personal commitments.,No,,,,No,,,,,,Lack of Knowledge: I was unaware of the discounts available with these stakeholders.;Brands Not Attractive Enough: The brands offering discounts or perks don't appeal to my preferences or needs.,-to add more perks for foodrestaurants or car services if possible,No,Lack of Interest: I don’t find the course engaging or relevant to my role.,,,,,No,,,,,"Work Priorities: My primary responsibilities take precedence, and I don’t have the time or energy to get involved in the courses.",-,Haven't used this service,Haven't used this service,Haven't used this service,Haven't used this service,Haven't used this service,Haven't used this service,Haven't used this service,Haven't used this service,Haven't used this service,Haven't used this service,Haven't used this service,Haven't used this service,-
148,8/25/2026 9:04,8/25/2026 9:18,anónimo,,Team Steffany,,,,,,,,,,,,,,,,,,,,,,,,No,,,,,No,,,,,continue,Satisfied,Very Satisfied,Satisfied,Neutral,Neutral,Satisfied,Satisfied,Neutral,Satisfied,continue,Haven't used this service,Haven't used this service,Haven't used this service,Haven't used this service,Haven't used this service,No,Neutral,Neutral,Neutral,Neutral,Neutral,Satisfied,Satisfied,Satisfied,Satisfied,Satisfied,Satisfied,Neutral,Neutral,Neutral,Neutral,Neutral,Dissatisfied,Neutral,Satisfied,Very Satisfied,Satisfied,Satisfied,Neutral,Neutral,Neutral,Satisfied,Neutral,Satisfied,No,,,,,,Satisfied,Satisfied,Satisfied,Satisfied,Neutral,continue,No,,,,,Lack of interest: The engagement activities did not appeal to my personal interes or preferences.;Workload and priorities: I had heavy workloads or pressing deadlines that prevented me from participating.;Transportation difficulties:  I had trouble finding reliable transportation during the event.,No,,,,,Lack of interest: The engagement activities did not appeal to my personal interes or preferences.;Workload and priorities: I had heavy workloads or pressing deadlines that prevented me from participating.;Schedule conflicts: The timing of the activities did not alingn with my work schedule or personal commitments.,Yes,Neutral,Dissatisfied,Neutral,No,,,,,,No Immediate Need: I don't have a current need for the products or services offered through the discounts and perks.;Brands Not Attractive Enough: The brands offering discounts or perks don't appeal to my preferences or needs.;Lack of Interest: The discounts and perks do not align with my personal interests or preferences.,continue,No,"No Recognition or Incentives: I believe there’s no tangible reward for completing the course.;Lack of Interest: I don’t find the course engaging or relevant to my role.;Work Priorities: My primary responsibilities take precedence, and I don’t have the time or energy to get involved in the courses.",,,,,No,,,,,"Work Priorities: My primary responsibilities take precedence, and I don’t have the time or energy to get involved in the courses.;Lack of Interest: I don’t find the course engaging or relevant to my role.;Difficult Enrollment Process: I find signing up for the course is complicated",continue,Haven't used this service,Haven't used this service,Haven't used this service,Haven't used this service,Haven't used this service,Haven't used this service,Haven't used this service,Haven't used this service,Haven't used this service,Haven't used this service,Haven't used this service,Haven't used this service,continue
149,8/25/2026 8:58,8/25/2026 9:32,anónimo,,Team Steffany,,,,,,,,,,,,,,,,,,,,,,,,No,,,,,No,,,,,"I think they do a great job. They should continue being responsive, approachable, and supportive throughout the recruitment/referral process, and provide updates or status of applications. ",Very Satisfied,Satisfied,Satisfied,Very Satisfied,Satisfied,Satisfied,Very Satisfied,Very Satisfied,Very Satisfied,"They should continue being responsive and helpful when support is needed, while also improving communication and providing timely updates throughout the ticket resolution process.",Haven't used this service,Haven't used this service,Haven't used this service,Haven't used this service,Haven't used this service,N/A,Very Satisfied,Very Satisfied,Very Satisfied,Very Satisfied,Very Satisfied,Very Satisfied,Very Satisfied,Very Satisfied,Very Satisfied,Very Satisfied,Very Satisfied,Very Satisfied,Very Satisfied,Neutral,Very Satisfied,Very Satisfied,Very Satisfied,Very Satisfied,Very Satisfied,Very Satisfied,Neutral,Satisfied,Very Satisfied,Very Satisfied,Haven't used this service,Very Satisfied,Very Satisfied,Very Satisfied,No,,,,,,Very Satisfied,Very Satisfied,Very Satisfied,Very Satisfied,Very Satisfied,"Continue being helpful and responsive, while maintaining accuracy and transparency when handling financial matters.",No,,,,,Schedule conflicts: The timing of the activities did not align with my work schedule or personal commitments.;Transportation difficulties:  I had trouble finding reliable transportation during the event.,Yes,Very Satisfied,Very Satisfied,Very Satisfied,Very Satisfied,,Yes,Very Satisfied,Very Satisfied,Very Satisfied,No,,,,,,No Immediate Need: I don't have a current need for the products or services offered through the discounts and perks.;Forgetfulness: I simply forgot about the available discounts and perks.,"Continue being approachable, supportive, and focused on creating a positive and inclusive experience for employees.",No,"Work Priorities: My primary responsibilities take precedence, and I don’t have the time or energy to get involved in the courses.",,,,,No,,,,,"Work Priorities: My primary responsibilities take precedence, and I don’t have the time or energy to get involved in the courses.",N/A,Very Satisfied,Very Satisfied,Very Satisfied,Very Satisfied,Very Satisfied,Very Satisfied,Very Satisfied,Very Satisfied,Very Satisfied,Very Satisfied,Very Satisfied,Very Satisfied,N/A
150,8/25/2026 10:07,8/25/2026 10:16,anónimo,,Team Steffany,,,,,,,,,,,,,,,,,,,,,,,,No,,,,,No,,,,,Continue doing activities so we can all participate ,Neutral,Neutral,Satisfied,Neutral,Neutral,Dissatisfied,Satisfied,Neutral,Neutral,They should give us full feedback of our tickets ,Satisfied,Satisfied,Neutral,Neutral,Dissatisfied,NA,Dissatisfied,Dissatisfied,Satisfied,Dissatisfied,Satisfied,Dissatisfied,Satisfied,Satisfied,Satisfied,Dissatisfied,Very Dissatisfied,Satisfied,Dissatisfied,Dissatisfied,Satisfied,Satisfied,Satisfied,Satisfied,Dissatisfied,Satisfied,Neutral,Neutral,Satisfied,Satisfied,Satisfied,Satisfied,Satisfied,Satisfied,No,,,,,,Neutral,Dissatisfied,Neutral,Neutral,Neutral,NA,No,,,,,Schedule conflicts: The timing of the activities did not align with my work schedule or personal commitments.;Transportation difficulties:  I had trouble finding reliable transportation during the event.;Workload and priorities: I had heavy workloads or pressing deadlines that prevented me from participating.,Yes,Satisfied,Satisfied,Satisfied,Satisfied,,Yes,Satisfied,Satisfied,Satisfied,No,,,,,,Brands Not Attractive Enough: The brands offering discounts or perks don't appeal to my preferences or needs.;No Immediate Need: I don't have a current need for the products or services offered through the discounts and perks.;Lack of Knowledge: I was unaware of the discounts available with these stakeholders.,They should send an email with a list of all the brands so we all know which discounts are available. I also suggest offering discounts at coffee shops.,No,"Work Priorities: My primary responsibilities take precedence, and I don’t have the time or energy to get involved in the courses.;No Recognition or Incentives: I believe there’s no tangible reward for completing the course.;Lack of Communication: I was not aware of this benefit, so I was unable to participate.",,,,,No,,,,,"Difficult Enrollment Process: I find signing up for the course is complicated;Work Priorities: My primary responsibilities take precedence, and I don’t have the time or energy to get involved in the courses.;Lack of Communication: I was not aware of the internal courses available.",NA,Dissatisfied,Neutral,Dissatisfied,Dissatisfied,Satisfied,Neutral,Neutral,Neutral,Neutral,Neutral,Neutral,Neutral,NA
151,8/25/2026 9:52,8/25/2026 10:26,anónimo,,Team ALDO - Axel,,,,,,,,,,,,,,,,,,,,,,,,Yes,Neutral,Satisfied,Satisfied,Satisfied,No,,,,,review people who interviewed well but weren't selected for previous position and give them an opportunity for other similar jobs available,Dissatisfied,Satisfied,Satisfied,Satisfied,Satisfied,Very Satisfied,Satisfied,Very Satisfied,Satisfied,give maintenance to laptops frequently,Haven't used this service,Haven't used this service,Haven't used this service,Haven't used this service,Haven't used this service,parking availability tracker,Very Satisfied,Dissatisfied,Very Satisfied,Very Satisfied,Very Satisfied,Satisfied,Satisfied,Neutral,Satisfied,Dissatisfied,Satisfied,Satisfied,Dissatisfied,Satisfied,Satisfied,Dissatisfied,Satisfied,Satisfied,Satisfied,Very Satisfied,Satisfied,Dissatisfied,Satisfied,Satisfied,Satisfied,Satisfied,Satisfied,Satisfied,Yes,Very Satisfied,Very Satisfied,Very Satisfied,Very Satisfied,"provide better chairs, have more comfortable common areas to take breaks",Satisfied,Satisfied,Satisfied,Satisfied,Very Satisfied,financial education sessions,No,,,,,Schedule conflicts: The timing of the activities did not align with my work schedule or personal commitments.;Lack of interest: The engagement activities did not appeal to my personal interes or preferences.;Workload and priorities: I had heavy workloads or pressing deadlines that prevented me from participating.,Yes,Satisfied,Very Satisfied,Satisfied,Satisfied,,No,,,,No,,,,,,Forgetfulness: I simply forgot about the available discounts and perks.;Lack of Knowledge: I was unaware of the discounts available with these stakeholders.,Employe appreciation activities frequently,No,"Lack of Communication: I was not aware of this benefit, so I was unable to participate.;Work Priorities: My primary responsibilities take precedence, and I don’t have the time or energy to get involved in the courses.;No Recognition or Incentives: I believe there’s no tangible reward for completing the course.",,,,,No,,,,,"Lack of Communication: I was not aware of the internal courses available.;Difficult Enrollment Process: I find signing up for the course is complicated;Work Priorities: My primary responsibilities take precedence, and I don’t have the time or energy to get involved in the courses.",you can start making sessions during lunch where someone teaches a useful skill.,Haven't used this service,Haven't used this service,Haven't used this service,Haven't used this service,Very Satisfied,Satisfied,Satisfied,Satisfied,Satisfied,Satisfied,Satisfied,Satisfied,"ask employees regularly about their jobs , how they feel ,wht frutrates them "
152,8/25/2026 10:55,8/25/2026 11:01,anónimo,,Team Harold,,,,,,,,,,,,,,,,,,,,,,,,No,,,,,No,,,,,N/A,Very Satisfied,Very Satisfied,Very Satisfied,Very Satisfied,Very Satisfied,Very Satisfied,Very Satisfied,Very Satisfied,Very Satisfied,N/A,Very Satisfied,Very Satisfied,Very Satisfied,Very Satisfied,Very Satisfied,No,Very Satisfied,Very Satisfied,Very Satisfied,Very Satisfied,Very Satisfied,Very Satisfied,Very Satisfied,Very Satisfied,Very Satisfied,Very Satisfied,Very Satisfied,Very Satisfied,Very Satisfied,Very Satisfied,Very Satisfied,Very Satisfied,Very Satisfied,Very Satisfied,Very Satisfied,Very Satisfied,Very Satisfied,Very Satisfied,Very Satisfied,Very Satisfied,Very Satisfied,Very Satisfied,Very Satisfied,Very Satisfied,No,,,,,,Very Satisfied,Very Satisfied,Very Satisfied,Very Satisfied,Very Satisfied,Continue ,No,,,,,Lack of interest: The engagement activities did not appeal to my personal interes or preferences.,No,,,,,Lack of interest: The engagement activities did not appeal to my personal interes or preferences.,No,,,,Yes,Very Satisfied,Very Satisfied,Very Satisfied,Very Satisfied,Very Satisfied,,N/A,No,"Lack of Communication: I was not aware of this benefit, so I was unable to participate.",,,,,No,,,,,Lack of Communication: I was not aware of the internal courses available.,N/ A,Very Satisfied,Very Satisfied,Very Satisfied,Very Satisfied,Very Satisfied,Very Satisfied,Very Satisfied,Very Satisfied,Very Satisfied,Very Satisfied,Very Satisfied,Very Satisfied,N/A
153,8/25/2026 11:24,8/25/2026 11:29,anónimo,,Team Alejandra Helena,,,,,,,,,,,,,,,,,,,,,,,,No,,,,,No,,,,,n/a,Neutral,Satisfied,Satisfied,Satisfied,Neutral,Satisfied,Satisfied,Satisfied,Dissatisfied,n/a,Neutral,Neutral,Neutral,Neutral,Neutral,n/a,Neutral,Dissatisfied,Dissatisfied,Dissatisfied,Neutral,Neutral,Neutral,Neutral,Neutral,Neutral,Neutral,Satisfied,Satisfied,Satisfied,Satisfied,Satisfied,Satisfied,Satisfied,Satisfied,Satisfied,Satisfied,Neutral,Neutral,Neutral,Neutral,Neutral,Neutral,Neutral,No,,,,,,Neutral,Neutral,Neutral,Neutral,Neutral,n/a,No,,,,,Workload and priorities: I had heavy workloads or pressing deadlines that prevented me from participating.;Lack of interest: The engagement activities did not appeal to my personal interes or preferences.,No,,,,,Lack of interest: The engagement activities did not appeal to my personal interes or preferences.,Yes,Satisfied,Satisfied,Satisfied,No,,,,,,Forgetfulness: I simply forgot about the available discounts and perks.,n/a,No,Lack of Interest: I don’t find the course engaging or relevant to my role.,,,,,No,,,,,Lack of Interest: I don’t find the course engaging or relevant to my role.,n/a,Neutral,Neutral,Neutral,Neutral,Neutral,Neutral,Neutral,Neutral,Neutral,Neutral,Neutral,Neutral,n/a
154,8/25/2026 11:24,8/25/2026 11:31,anónimo,,Team Alejandra Helena,,,,,,,,,,,,,,,,,,,,,,,,No,,,,,No,,,,,I don't have any ideas at this moment.,Satisfied,Very Satisfied,Very Satisfied,Very Satisfied,Very Satisfied,Very Satisfied,Very Satisfied,Very Satisfied,Neutral,-,Very Satisfied,Very Satisfied,Neutral,Very Satisfied,Satisfied,-,Satisfied,Satisfied,Very Satisfied,Very Dissatisfied,Very Satisfied,Very Satisfied,Very Satisfied,Very Satisfied,Very Satisfied,Very Satisfied,Very Satisfied,Very Satisfied,Very Satisfied,Very Satisfied,Very Satisfied,Very Satisfied,Very Satisfied,Very Satisfied,Very Satisfied,Very Satisfied,Very Satisfied,Very Satisfied,Very Satisfied,Very Satisfied,Haven't used this service,Haven't used this service,Haven't used this service,Haven't used this service,No,,,,,,Satisfied,Satisfied,Neutral,Haven't used this service,Very Satisfied,-,No,,,,,Schedule conflicts: The timing of the activities did not align with my work schedule or personal commitments.;Workload and priorities: I had heavy workloads or pressing deadlines that prevented me from participating.;Transportation difficulties:  I had trouble finding reliable transportation during the event.,No,,,,,Lack of interest: The engagement activities did not appeal to my personal interes or preferences.,Yes,Very Satisfied,Very Satisfied,Very Satisfied,No,,,,,,Lack of Knowledge: I was unaware of the discounts available with these stakeholders.;No Immediate Need: I don't have a current need for the products or services offered through the discounts and perks.;Forgetfulness: I simply forgot about the available discounts and perks.,-,No,"Lack of Communication: I was not aware of this benefit, so I was unable to participate.",,,,,No,,,,,"Difficult Enrollment Process: I find signing up for the course is complicated;Work Priorities: My primary responsibilities take precedence, and I don’t have the time or energy to get involved in the courses.",-,Haven't used this service,Haven't used this service,Haven't used this service,Haven't used this service,Haven't used this service,Haven't used this service,Haven't used this service,Haven't used this service,Haven't used this service,Haven't used this service,Haven't used this service,Haven't used this service,-
155,8/25/2026 11:28,8/25/2026 11:31,anónimo,,Management - Ops,No,,,,,,,,,,,,,,,,,,,,,,,,,,,,,,,,,,Neutral,Very Satisfied,Very Satisfied,Very Satisfied,Very Satisfied,Very Satisfied,Very Satisfied,Very Satisfied,Dissatisfied,El internet en la empresa es sumamente lento y dificulta poder realizar las llamadas y el trabajo en general del equipo y tambien del TL. ,Very Satisfied,Very Satisfied,Very Satisfied,Satisfied,Neutral,not at the moment ,Satisfied,Dissatisfied,Satisfied,Dissatisfied,Very Satisfied,Very Satisfied,Very Satisfied,Very Satisfied,Very Satisfied,Neutral,Neutral,Very Satisfied,Very Satisfied,Satisfied,Very Satisfied,Satisfied,Satisfied,Satisfied,Dissatisfied,Satisfied,Satisfied,Dissatisfied,Haven't used this service,Haven't used this service,Very Satisfied,Neutral,Neutral,Neutral,No,,,,,,Very Satisfied,Very Satisfied,Very Satisfied,Very Satisfied,Satisfied,na,Yes,Neutral,Neutral,Satisfied,Satisfied,,Yes,Very Satisfied,Very Satisfied,Very Satisfied,Very Satisfied,,No,,,,Yes,Satisfied,Satisfied,Satisfied,Satisfied,Satisfied,,n/a,No,"Work Priorities: My primary responsibilities take precedence, and I don’t have the time or energy to get involved in the courses.",,,,,No,,,,,"Work Priorities: My primary responsibilities take precedence, and I don’t have the time or energy to get involved in the courses.","Tomar mas ownership al momento de hacer los reminders, deberia de enviarse un reminder directo a la persona que tiene pendiente el curso. Adicional L&D deberia de ser quien mande el listado junto con los links de los cursos de csso que deban ser completadas por nuevos agentes ya que es su area. ",Very Satisfied,Very Satisfied,Very Satisfied,Very Satisfied,Very Satisfied,Very Satisfied,Very Satisfied,Very Satisfied,Neutral,Satisfied,Satisfied,Satisfied,n/a
156,8/25/2026 11:26,8/25/2026 11:34,anónimo,,Team Alejandra Helena,,,,,,,,,,,,,,,,,,,,,,,,No,,,,,Yes,Neutral,Neutral,Neutral,Neutral,.,Strongly Dissatisfied,Satisfied,Very Satisfied,Satisfied,Satisfied,Satisfied,Satisfied,Satisfied,Satisfied,.,Dissatisfied,Dissatisfied,Dissatisfied,Dissatisfied,Dissatisfied,.,Satisfied,Satisfied,Satisfied,Satisfied,Satisfied,Very Satisfied,Very Satisfied,Very Satisfied,Very Satisfied,Very Satisfied,Very Satisfied,Satisfied,Satisfied,Satisfied,Satisfied,Satisfied,Satisfied,Satisfied,Satisfied,Satisfied,Satisfied,Very Satisfied,Very Satisfied,Very Satisfied,Very Satisfied,Very Satisfied,Very Satisfied,Very Satisfied,No,,,,,,Very Satisfied,Very Satisfied,Very Satisfied,Very Satisfied,Very Satisfied,.,No,,,,,Lack of interest: The engagement activities did not appeal to my personal interes or preferences.,No,,,,,"Transportation difficulties:  I had trouble finding reliable transportation during the event.""",No,,,,Yes,Satisfied,Satisfied,Satisfied,Satisfied,Satisfied,,.,No,Lack of Interest: I don’t find the course engaging or relevant to my role.,,,,,No,,,,,"Work Priorities: My primary responsibilities take precedence, and I don’t have the time or energy to get involved in the courses.",.,Very Satisfied,Very Satisfied,Very Satisfied,Very Satisfied,Very Satisfied,Very Satisfied,Very Satisfied,Very Satisfied,Very Satisfied,Very Satisfied,Very Satisfied,Very Satisfied,.
157,8/25/2026 11:24,8/25/2026 11:35,anónimo,,Team Alejandra Helena,,,,,,,,,,,,,,,,,,,,,,,,No,,,,,No,,,,,NA,Neutral,Neutral,Satisfied,Satisfied,Satisfied,Satisfied,Satisfied,Satisfied,Neutral,NA,Neutral,Satisfied,Satisfied,Neutral,Neutral,NA,Dissatisfied,Dissatisfied,Satisfied,Satisfied,Satisfied,Satisfied,Very Dissatisfied,Neutral,Satisfied,Satisfied,Dissatisfied,Satisfied,Neutral,Neutral,Satisfied,Satisfied,Satisfied,Satisfied,Satisfied,Satisfied,Satisfied,Neutral,Satisfied,Satisfied,Neutral,Neutral,Satisfied,Satisfied,No,,,,,,Satisfied,Satisfied,Satisfied,Satisfied,Satisfied,NA ,No,,,,,Lack of interest: The engagement activities did not appeal to my personal interes or preferences.,No,,,,,Lack of interest: The engagement activities did not appeal to my personal interes or preferences.,No,,,,No,,,,,,No Immediate Need: I don't have a current need for the products or services offered through the discounts and perks.;Lack of Knowledge: I was unaware of the discounts available with these stakeholders.;Forgetfulness: I simply forgot about the available discounts and perks.,NA,No,"Lack of Communication: I was not aware of this benefit, so I was unable to participate.",,,,,Yes,Satisfied,Very Satisfied,Very Satisfied,Neutral,,NA,Satisfied,Satisfied,Satisfied,Satisfied,Satisfied,Satisfied,Satisfied,Satisfied,Neutral,Neutral,Neutral,Neutral,NA
158,8/25/2026 11:29,8/25/2026 11:36,anónimo,,Team Alejandra Helena,,,,,,,,,,,,,,,,,,,,,,,,No,,,,,No,,,,,The job listings could be sent by email to the employees instead of only being on the website.,Very Satisfied,Very Satisfied,Very Satisfied,Very Satisfied,Very Satisfied,Very Satisfied,Very Satisfied,Very Satisfied,Very Satisfied,Everything is good!,Very Satisfied,Very Satisfied,Satisfied,Very Satisfied,Very Satisfied,-,Very Satisfied,Very Satisfied,Very Satisfied,Very Satisfied,Very Satisfied,Very Satisfied,Very Satisfied,Very Satisfied,Very Satisfied,Very Satisfied,Very Satisfied,Very Satisfied,Very Satisfied,Very Satisfied,Very Satisfied,Very Satisfied,Very Satisfied,Very Satisfied,Very Satisfied,Very Satisfied,Very Satisfied,Very Satisfied,Very Satisfied,Very Satisfied,Very Satisfied,Very Satisfied,Very Satisfied,Very Satisfied,No,,,,,,Very Satisfied,Very Satisfied,Very Satisfied,Very Satisfied,Very Satisfied,-,No,,,,,Lack of interest: The engagement activities did not appeal to my personal interes or preferences.;Workload and priorities: I had heavy workloads or pressing deadlines that prevented me from participating.;Schedule conflicts: The timing of the activities did not align with my work schedule or personal commitments.,No,,,,,Lack of interest: The engagement activities did not appeal to my personal interes or preferences.;Workload and priorities: I had heavy workloads or pressing deadlines that prevented me from participating.;Schedule conflicts: The timing of the activities did not alingn with my work schedule or personal commitments.,No,,,,Yes,Very Satisfied,Very Satisfied,Very Satisfied,Very Satisfied,Very Satisfied,,-,No,No Recognition or Incentives: I believe there’s no tangible reward for completing the course.,,,,,No,,,,,"Work Priorities: My primary responsibilities take precedence, and I don’t have the time or energy to get involved in the courses.",There's no motivation to join courses because there's no tangible reward from the company. ,Haven't used this service,Haven't used this service,Haven't used this service,Haven't used this service,Very Satisfied,Very Satisfied,Very Satisfied,Very Satisfied,Very Satisfied,Very Satisfied,Very Satisfied,Very Satisfied,-
159,8/25/2026 11:25,8/25/2026 11:41,anónimo,,Team Alejandra Helena,,,,,,,,,,,,,,,,,,,,,,,,No,,,,,No,,,,,Continue,Dissatisfied,Strongly Dissatisfied,Dissatisfied,Neutral,Satisfied,Dissatisfied,Neutral,Neutral,Satisfied,"Start making maintenance to the laptops, it's been years since last time they do it",Very Satisfied,Satisfied,Satisfied,Dissatisfied,Neutral,Retake the dynamic of assigning by areas and teams,Neutral,Dissatisfied,Satisfied,Neutral,Very Satisfied,Very Satisfied,Dissatisfied,Satisfied,Satisfied,Satisfied,Satisfied,Satisfied,Satisfied,Satisfied,Satisfied,Satisfied,Satisfied,Satisfied,Satisfied,Very Satisfied,Neutral,Dissatisfied,Neutral,Satisfied,Haven't used this service,Satisfied,Very Satisfied,Very Satisfied,No,,,,,,Dissatisfied,Neutral,Dissatisfied,Haven't used this service,Very Satisfied,If someone has the need of help for the process of taxes pay or declare.,No,,,,,Workload and priorities: I had heavy workloads or pressing deadlines that prevented me from participating.,No,,,,,"Transportation difficulties:  I had trouble finding reliable transportation during the event.""",No,,,,No,,,,,,No Immediate Need: I don't have a current need for the products or services offered through the discounts and perks.,Lokking the rotation of the teams that are on site to make easier to them to be part of the activities,Yes,,Neutral,Satisfied,Satisfied,Very Satisfied,No,,,,,Lack of Interest: I don’t find the course engaging or relevant to my role.,Keep doing and look for more courses of interest ,Haven't used this service,Haven't used this service,Haven't used this service,Haven't used this service,Satisfied,Very Satisfied,Very Satisfied,Very Satisfied,Very Satisfied,Very Satisfied,Very Satisfied,Very Satisfied,Keep doing the good job
160,8/25/2026 11:32,8/25/2026 11:45,anónimo,,Team Alejandra Helena,,,,,,,,,,,,,,,,,,,,,,,,No,,,,,No,,,,,nada,Dissatisfied,Neutral,Neutral,Neutral,Strongly Dissatisfied,Neutral,Neutral,Neutral,Strongly Dissatisfied,nada,Neutral,Very Dissatisfied,Very Dissatisfied,Very Dissatisfied,Dissatisfied,construyan de nuevo el parqueo ,Neutral,Very Dissatisfied,Neutral,Very Dissatisfied,Very Satisfied,Very Satisfied,Satisfied,Satisfied,Satisfied,Satisfied,Satisfied,Very Dissatisfied,Very Dissatisfied,Very Dissatisfied,Very Dissatisfied,Very Dissatisfied,Very Dissatisfied,Very Dissatisfied,Very Dissatisfied,Very Satisfied,Very Dissatisfied,Very Dissatisfied,Very Dissatisfied,Very Dissatisfied,Very Dissatisfied,Very Dissatisfied,Very Dissatisfied,Very Dissatisfied,No,,,,,,Neutral,Very Dissatisfied,Neutral,Very Dissatisfied,Satisfied,nada,No,,,,,Lack of interest: The engagement activities did not appeal to my personal interes or preferences.,No,,,,,Lack of interest: The engagement activities did not appeal to my personal interes or preferences.,No,,,,No,,,,,,Lack of Interest: The discounts and perks do not align with my personal interests or preferences.,"Dejen de darles un lunch a los EOM y EOY, eso se lo pueden comprar un dia de pago, mejor una giftcard de $100 para el super ",Yes,,Strongly Dissatisfied,Strongly Dissatisfied,Strongly Dissatisfied,Strongly Dissatisfied,No,,,,,Lack of Interest: I don’t find the course engaging or relevant to my role.,Con los cursos de INCAF que pueden ser claros en el contenido que se desarrolara y tambien si es necesario tener una base de conocimiento,Dissatisfied,Dissatisfied,Dissatisfied,Dissatisfied,Satisfied,Satisfied,Satisfied,Satisfied,Satisfied,Satisfied,Satisfied,Satisfied,nada
161,8/25/2026 11:37,8/25/2026 11:51,anónimo,,Team Alejandra Helena,,,,,,,,,,,,,,,,,,,,,,,,No,,,,,No,,,,,Keep up the current activities and the great communication. They really help encourage and motivate everyone,Neutral,Neutral,Neutral,Neutral,Satisfied,Neutral,Satisfied,Satisfied,Neutral,Always be attentive to our requests and explain why issues happen,Satisfied,Neutral,Dissatisfied,Neutral,Neutral,None ,Neutral,Neutral,Neutral,Neutral,Satisfied,Satisfied,Satisfied,Satisfied,Satisfied,Satisfied,Satisfied,Satisfied,Satisfied,Satisfied,Satisfied,Satisfied,Satisfied,Satisfied,Satisfied,Satisfied,Neutral,Neutral,Neutral,Neutral,Haven't used this service,Neutral,Neutral,Haven't used this service,No,,,,,,Satisfied,Neutral,Satisfied,Neutral,Very Satisfied,Keeping us informed is the most important thing,Yes,Neutral,Satisfied,Neutral,Neutral,,No,,,,,"Schedule conflicts: The timing of the activities did not alingn with my work schedule or personal commitments.;Workload and priorities: I had heavy workloads or pressing deadlines that prevented me from participating.;Transportation difficulties:  I had trouble finding reliable transportation during the event.""",Yes,Satisfied,Neutral,Neutral,Yes,Satisfied,Satisfied,Dissatisfied,Neutral,Satisfied,,"Everything is good, and there are good places where we can use our discount with our families as well.",No,"Work Priorities: My primary responsibilities take precedence, and I don’t have the time or energy to get involved in the courses.;Lack of Interest: I don’t find the course engaging or relevant to my role.;No Recognition or Incentives: I believe there’s no tangible reward for completing the course.",,,,,No,,,,,"Work Priorities: My primary responsibilities take precedence, and I don’t have the time or energy to get involved in the courses.;Lack of Interest: I don’t find the course engaging or relevant to my role.;Lack of Communication: I was not aware of the internal courses available.","Everything is good. The courses are good, but they are not related to my interests",Satisfied,Satisfied,Satisfied,Satisfied,Satisfied,Satisfied,Satisfied,Satisfied,Satisfied,Satisfied,Satisfied,Satisfied,Everything is good.
162,8/25/2026 11:44,8/25/2026 11:55,anónimo,,Team Creative,,,,,,,,,,,,,,,,,,,,,,,,No,,,,,Yes,Satisfied,Satisfied,Neutral,Neutral,n/a,Satisfied,Very Satisfied,Very Satisfied,Satisfied,Very Satisfied,Very Satisfied,Satisfied,Satisfied,Very Satisfied,Yearly equipment review/updates/optimization,Haven't used this service,Haven't used this service,Haven't used this service,Haven't used this service,Haven't used this service,no,Satisfied,Neutral,Satisfied,Neutral,Very Satisfied,Very Satisfied,Very Satisfied,Very Satisfied,Very Satisfied,Very Satisfied,Very Satisfied,Very Satisfied,Very Satisfied,Very Satisfied,Very Satisfied,Very Satisfied,Very Satisfied,Very Satisfied,Very Satisfied,Very Satisfied,Very Satisfied,Haven't used this service,Haven't used this service,Haven't used this service,Haven't used this service,Haven't used this service,Haven't used this service,Haven't used this service,No,,,,,,Very Satisfied,Satisfied,Satisfied,Satisfied,Very Satisfied,n/a,No,,,,,Lack of interest: The engagement activities did not appeal to my personal interes or preferences.;Transportation difficulties:  I had trouble finding reliable transportation during the event.;Schedule conflicts: The timing of the activities did not align with my work schedule or personal commitments.,Yes,Satisfied,Satisfied,Satisfied,Satisfied,,No,,,,No,,,,,,Brands Not Attractive Enough: The brands offering discounts or perks don't appeal to my preferences or needs.;Lack of Interest: The discounts and perks do not align with my personal interests or preferences.,cinema discounts,No,"Work Priorities: My primary responsibilities take precedence, and I don’t have the time or energy to get involved in the courses.;No Recognition or Incentives: I believe there’s no tangible reward for completing the course.",,,,,No,,,,,"Lack of Interest: I don’t find the course engaging or relevant to my role.;Work Priorities: My primary responsibilities take precedence, and I don’t have the time or energy to get involved in the courses.",external paid courses,Very Satisfied,Very Satisfied,Very Satisfied,Very Satisfied,Very Satisfied,Very Satisfied,Very Satisfied,Very Satisfied,Very Satisfied,Very Satisfied,Very Satisfied,Very Satisfied,n/a
163,8/25/2026 11:50,8/25/2026 12:06,anónimo,,Team Creative,,,,,,,,,,,,,,,,,,,,,,,,No,,,,,No,,,,,sometimes open positions that are published on linked in or instagram are not shared within the team so that they can also know and maybe refer someone,Satisfied,Very Satisfied,Very Satisfied,Haven't used this service,Satisfied,Very Satisfied,Very Satisfied,Haven't used this service,Very Satisfied,I loved the fact that we can ask for a laptop physical clean up when we go to the site that should be kept,Very Satisfied,Very Satisfied,Satisfied,Satisfied,Dissatisfied,wel could build a parking lot app i have few ideas but i would like to know whom i can share them with,Very Satisfied,Satisfied,Satisfied,Satisfied,Very Satisfied,Very Satisfied,Very Satisfied,Very Satisfied,Satisfied,Satisfied,Very Satisfied,Very Satisfied,Very Satisfied,Very Satisfied,Very Satisfied,Very Satisfied,Very Satisfied,Very Satisfied,Very Satisfied,Very Satisfied,Very Satisfied,Very Satisfied,Very Satisfied,Very Satisfied,Haven't used this service,Very Satisfied,Very Satisfied,Very Satisfied,No,,,,,,Very Satisfied,Very Satisfied,Very Satisfied,Haven't used this service,Very Satisfied,N/A,No,,,,,Schedule conflicts: The timing of the activities did not align with my work schedule or personal commitments.;Transportation difficulties:  I had trouble finding reliable transportation during the event.;Workload and priorities: I had heavy workloads or pressing deadlines that prevented me from participating.,No,,,,,Schedule conflicts: The timing of the activities did not alingn with my work schedule or personal commitments.;Workload and priorities: I had heavy workloads or pressing deadlines that prevented me from participating.,No,,,,No,,,,,,Brands Not Attractive Enough: The brands offering discounts or perks don't appeal to my preferences or needs.;No Immediate Need: I don't have a current need for the products or services offered through the discounts and perks.;Lack of Interest: The discounts and perks do not align with my personal interests or preferences.,"Plan activities based on the office days for different teams, because creative team barely has wellness or extra activities on scheduled on the day we have to go to the office",No,"Work Priorities: My primary responsibilities take precedence, and I don’t have the time or energy to get involved in the courses.",,,,,No,,,,,"Work Priorities: My primary responsibilities take precedence, and I don’t have the time or energy to get involved in the courses.;Lack of Interest: I don’t find the course engaging or relevant to my role.","I consider that not all learning opportunities are aligned with all teams like creative in my case, i am learning from courses i've enrolled on my own",Very Satisfied,Very Satisfied,Very Satisfied,Very Satisfied,Satisfied,Satisfied,Dissatisfied,Satisfied,Satisfied,Satisfied,Dissatisfied,Satisfied,"I do not consider that using a comp day should be requested with so much time in advanced, sometimes we need to use them for some personal errands that cannot wait 15 days, i consider that the pre-notice time should be reduced on these"
164,8/25/2026 12:00,8/25/2026 12:25,anónimo,,Team Steffany,,,,,,,,,,,,,,,,,,,,,,,,No,,,,,No,,,,,n/a,Neutral,Satisfied,Satisfied,Satisfied,Satisfied,Satisfied,Satisfied,Satisfied,Very Satisfied,n/a,Very Satisfied,Very Satisfied,Neutral,Neutral,Neutral,"Proporcionar más espacios disponibles para los empleados de UAM y también asegurarse de que las personas que son propietarias de otros espacios no dañen los vehículos ni dejen mensajes en ellos simplemente porque encontraron un automóvil estacionado en su espacio. La mayoría de las veces estacionamos en espacios de otras personas porque el estacionamiento de UAM está lleno.  (Yo ya sufrí daños en mi automóvil y alguien dejó un mensaje en mi ventana porque estacioné en su espacio. Literalmente, esa fue la primera vez que lo hice, **por accidente**, y no tardé más de 10 minutos en regresar y moverlo, pero alguien ya había causado el daño).  Así que, por favor, hagan algo al respecto.",Satisfied,Dissatisfied,Neutral,Neutral,Satisfied,Neutral,Very Dissatisfied,Neutral,Satisfied,Satisfied,Neutral,Neutral,Neutral,Satisfied,Very Satisfied,Very Satisfied,Dissatisfied,Satisfied,Neutral,Very Satisfied,Satisfied,Very Satisfied,Very Satisfied,Satisfied,Haven't used this service,Very Satisfied,Haven't used this service,Haven't used this service,No,,,,,,Satisfied,Satisfied,Satisfied,Satisfied,Neutral,"Tienen que estar mas pendientes de cuando un empleado presenta un cambio en su pago, como los bonos. Para poder asegurarse que los bonos se reciban en la cantidad correcta y en la fecha previamente indicada.",No,,,,,Schedule conflicts: The timing of the activities did not align with my work schedule or personal commitments.;Transportation difficulties:  I had trouble finding reliable transportation during the event.;Workload and priorities: I had heavy workloads or pressing deadlines that prevented me from participating.,Yes,Satisfied,Satisfied,Satisfied,Satisfied,,Yes,Very Satisfied,Very Satisfied,Very Satisfied,No,,,,,,Lack of Knowledge: I was unaware of the discounts available with these stakeholders.;Forgetfulness: I simply forgot about the available discounts and perks.,"Podrian incluir una parte en la UAM app que presente una lista actualizada de los descuentos disponible para empleados. De esa forma es mas facil saber que se encuentra disponible, de una manera mas sencilla y accesesible ",No,"Lack of Communication: I was not aware of this benefit, so I was unable to participate.",,,,,No,,,,,Lack of Communication: I was not aware of the internal courses available.,"De nuevo, seria bueno incluir un apartado independiente en la UAM app que muestre todo los certificados/programas disponibles que hay al momento. Para que pueda ser mas facil el poder estar al dia con las oportunidades disponibles para crecimiento profesional ",Haven't used this service,Haven't used this service,Haven't used this service,Haven't used this service,Haven't used this service,Haven't used this service,Haven't used this service,Haven't used this service,Haven't used this service,Haven't used this service,Haven't used this service,Haven't used this service,n/a
165,8/25/2026 13:52,8/25/2026 14:12,anónimo,,Team Creative,,,,,,,,,,,,,,,,,,,,,,,,No,,,,,No,,,,,"on creative i think that not a Problem, maybe the problema not from creative team, it more about searching proyects for creative from above",Very Satisfied,Satisfied,Very Satisfied,Haven't used this service,Very Satisfied,Very Satisfied,Very Satisfied,Very Satisfied,Very Satisfied,continue,Very Satisfied,Very Satisfied,Very Satisfied,Very Satisfied,Neutral,"we would have a more accesible way to comunicate, not everyone have acces to the chat",Very Satisfied,Very Dissatisfied,Neutral,Satisfied,Very Satisfied,Very Satisfied,Very Satisfied,Very Satisfied,Very Satisfied,Very Satisfied,Very Satisfied,Very Satisfied,Very Satisfied,Very Satisfied,Very Satisfied,Very Satisfied,Very Satisfied,Very Satisfied,Very Satisfied,Very Satisfied,Very Satisfied,Haven't used this service,Haven't used this service,Haven't used this service,Haven't used this service,Haven't used this service,Haven't used this service,Haven't used this service,No,,,,,,Very Satisfied,Very Satisfied,Very Satisfied,Very Satisfied,Very Satisfied,continue,Yes,Satisfied,Satisfied,Satisfied,Satisfied,,No,,,,,"Schedule conflicts: The timing of the activities did not alingn with my work schedule or personal commitments.;Transportation difficulties:  I had trouble finding reliable transportation during the event.""",No,,,,No,,,,,,Lack of Interest: The discounts and perks do not align with my personal interests or preferences.;Lack of Knowledge: I was unaware of the discounts available with these stakeholders.,continue,No,Lack of Interest: I don’t find the course engaging or relevant to my role.,,,,,No,,,,,Lack of Interest: I don’t find the course engaging or relevant to my role.,continue,Haven't used this service,Haven't used this service,Haven't used this service,Haven't used this service,Very Satisfied,Very Satisfied,Very Satisfied,Very Satisfied,Very Satisfied,Very Satisfied,Very Satisfied,Very Satisfied,continue
141,8/25/2026 8:33,8/25/2026 8:42,anónimo,,Team Kirian,,,,,,,,,,,,,,,,,,,,,,,,No,,,,,No,,,,,-,Dissatisfied,Dissatisfied,Dissatisfied,Neutral,Neutral,Neutral,Neutral,Neutral,Satisfied,having good replacements,Neutral,Neutral,Neutral,Neutral,Neutral,-,Neutral,Neutral,Neutral,Neutral,Neutral,Very Satisfied,Very Satisfied,Very Satisfied,Very Satisfied,Very Satisfied,Very Satisfied,Satisfied,Satisfied,Satisfied,Satisfied,Satisfied,Satisfied,Satisfied,Satisfied,Satisfied,Satisfied,Very Satisfied,Very Satisfied,Very Satisfied,Very Satisfied,Very Satisfied,Very Satisfied,Very Satisfied,No,,,,,,Satisfied,Satisfied,Satisfied,Satisfied,Satisfied,-,No,,,,,Schedule conflicts: The timing of the activities did not align with my work schedule or personal commitments.,No,,,,,Schedule conflicts: The timing of the activities did not alingn with my work schedule or personal commitments.,No,,,,Yes,Satisfied,Satisfied,Satisfied,Satisfied,Satisfied,,-,No,"Work Priorities: My primary responsibilities take precedence, and I don’t have the time or energy to get involved in the courses.",,,,,No,,,,,"Work Priorities: My primary responsibilities take precedence, and I don’t have the time or energy to get involved in the courses.",-,Satisfied,Satisfied,Satisfied,Satisfied,Satisfied,Satisfied,Satisfied,Satisfied,Satisfied,Satisfied,Satisfied,Satisfied,-
142,8/25/2026 8:40,8/25/2026 8:50,anónimo,,Team Steffany,,,,,,,,,,,,,,,,,,,,,,,,No,,,,,Yes,Neutral,Neutral,Strongly Dissatisfied,Dissatisfied,takes tooo long,Very Satisfied,Satisfied,Satisfied,Very Satisfied,Very Satisfied,Very Satisfied,Very Satisfied,Very Satisfied,Very Satisfied,good,Very Satisfied,Dissatisfied,Dissatisfied,Dissatisfied,Dissatisfied,no,Neutral,Neutral,Neutral,Neutral,Very Satisfied,Very Satisfied,Very Satisfied,Very Satisfied,Very Satisfied,Very Satisfied,Very Satisfied,Satisfied,Satisfied,Satisfied,Satisfied,Satisfied,Satisfied,Satisfied,Very Satisfied,Very Satisfied,Satisfied,Very Satisfied,Very Satisfied,Very Satisfied,Very Satisfied,Very Satisfied,Very Satisfied,Very Satisfied,No,,,,,,Very Dissatisfied,Very Dissatisfied,Very Dissatisfied,Very Dissatisfied,Satisfied,.,No,,,,,Schedule conflicts: The timing of the activities did not align with my work schedule or personal commitments.;Transportation difficulties:  I had trouble finding reliable transportation during the event.;Workload and priorities: I had heavy workloads or pressing deadlines that prevented me from participating.,No,,,,,"Transportation difficulties:  I had trouble finding reliable transportation during the event."";Workload and priorities: I had heavy workloads or pressing deadlines that prevented me from participating.",No,,,,Yes,Satisfied,Satisfied,Satisfied,Satisfied,Satisfied,,good,No,"No Recognition or Incentives: I believe there’s no tangible reward for completing the course.;Lack of Communication: I was not aware of this benefit, so I was unable to participate.",,,,,No,,,,,Difficult Enrollment Process: I find signing up for the course is complicated;Lack of Communication: I was not aware of the internal courses available.,"a website, a pdf or some place were to find the courses available, i want to roll in but dont know which courses are available",Haven't used this service,Haven't used this service,Haven't used this service,Haven't used this service,Haven't used this service,Haven't used this service,Haven't used this service,Haven't used this service,Haven't used this service,Haven't used this service,Haven't used this service,Haven't used this service,.
143,8/25/2026 8:31,8/25/2026 8:51,anónimo,,Team ALDO - Axel,,,,,,,,,,,,,,,,,,,,,,,,No,,,,,Yes,Very Satisfied,Very Satisfied,Very Satisfied,Very Satisfied,"I recommended it to a friend and the communication was clear. I myself participated in the process for a new position, but I never received any feedback to understand why I didn't get it.",Very Satisfied,Satisfied,Very Satisfied,Very Satisfied,Very Satisfied,Very Satisfied,Very Satisfied,Very Satisfied,Satisfied,"So far, I have generally had a good experience.",Haven't used this service,Haven't used this service,Haven't used this service,Haven't used this service,Haven't used this service,Haven't used this service,Very Satisfied,Satisfied,Very Satisfied,Very Satisfied,Very Satisfied,Very Satisfied,Satisfied,Satisfied,Satisfied,Very Satisfied,Very Satisfied,Very Satisfied,Satisfied,Very Satisfied,Very Satisfied,Satisfied,Very Satisfied,Satisfied,Very Satisfied,Very Satisfied,Satisfied,Very Satisfied,Very Satisfied,Haven't used this service,Very Satisfied,Haven't used this service,Very Satisfied,Haven't used this service,Yes,Satisfied,Satisfied,Neutral,Satisfied,"I don't really use it very often, but it's small.",Very Satisfied,Very Satisfied,Very Satisfied,Very Satisfied,Very Satisfied,"I like the breakdowns and receiving the receipt, so I can understand what I'm getting paid for.",Yes,Very Satisfied,Very Satisfied,Very Satisfied,Very Satisfied,,No,,,,,"Schedule conflicts: The timing of the activities did not alingn with my work schedule or personal commitments.;Transportation difficulties:  I had trouble finding reliable transportation during the event.""",Yes,Satisfied,Satisfied,Satisfied,No,,,,,,Brands Not Attractive Enough: The brands offering discounts or perks don't appeal to my preferences or needs.;No Immediate Need: I don't have a current need for the products or services offered through the discounts and perks.,I think regarding recognition for achieving goals—such as gift cards or small incentives—it encourages you to keep putting in the effort.,No,"Work Priorities: My primary responsibilities take precedence, and I don’t have the time or energy to get involved in the courses.",,,,,No,,,,,"Work Priorities: My primary responsibilities take precedence, and I don’t have the time or energy to get involved in the courses.",I like that there are courses for learning new skills that help you better integrate into the work environment.,Very Satisfied,Very Satisfied,Very Satisfied,Very Satisfied,Very Satisfied,Very Satisfied,Very Satisfied,Very Satisfied,Very Satisfied,Very Satisfied,Very Satisfied,Very Satisfied,I appreciate that they have been flexible when I’ve needed time off.
144,8/25/2026 8:26,8/25/2026 8:57,anónimo,,Team Steffany,,,,,,,,,,,,,,,,,,,,,,,,No,,,,,No,,,,,I think is fine so far,Neutral,Satisfied,Very Satisfied,Satisfied,Neutral,Neutral,Neutral,Neutral,Neutral,"could be more efficient, I'm satisfied but the policy of submitting a ticket anticipated",Very Satisfied,Very Satisfied,Very Satisfied,Very Satisfied,Dissatisfied,I completed the form of parking thing but I have no access to the chat so I would like to since if I have to move or something I can be informed right away without waiting for someone else to look for me...,Satisfied,Neutral,Satisfied,Neutral,Satisfied,Satisfied,Satisfied,Satisfied,Satisfied,Satisfied,Satisfied,Satisfied,Satisfied,Satisfied,Satisfied,Satisfied,Satisfied,Satisfied,Dissatisfied,Satisfied,Satisfied,Very Satisfied,Very Satisfied,Very Satisfied,Very Satisfied,Very Satisfied,Very Satisfied,Very Satisfied,No,,,,,,Satisfied,Satisfied,Satisfied,Satisfied,Satisfied,all good,Yes,Satisfied,Satisfied,Satisfied,Satisfied,,Yes,Satisfied,Satisfied,Satisfied,Satisfied,,Yes,Satisfied,Satisfied,Satisfied,Yes,Satisfied,Satisfied,Satisfied,Satisfied,Satisfied,,all good ,No,"Work Priorities: My primary responsibilities take precedence, and I don’t have the time or energy to get involved in the courses.;Lack of Communication: I was not aware of this benefit, so I was unable to participate.;No Recognition or Incentives: I believe there’s no tangible reward for completing the course.",,,,,No,,,,,"Work Priorities: My primary responsibilities take precedence, and I don’t have the time or energy to get involved in the courses.;Difficult Enrollment Process: I find signing up for the course is complicated;Lack of Communication: I was not aware of the internal courses available.",no comments,Satisfied,Satisfied,Satisfied,Satisfied,Satisfied,Satisfied,Satisfied,Satisfied,Satisfied,Satisfied,Satisfied,Satisfied,all good so far
145,8/25/2026 8:55,8/25/2026 9:01,anónimo,,Team Kirian,,,,,,,,,,,,,,,,,,,,,,,,No,,,,,No,,,,,"I think everything they do should continue, the referral bonus also should continue ",Satisfied,Satisfied,Satisfied,Satisfied,Very Satisfied,Very Satisfied,Very Satisfied,Very Satisfied,Satisfied,NA,Satisfied,Satisfied,Neutral,Neutral,Neutral,more parking spaces ,Satisfied,Dissatisfied,Satisfied,Satisfied,Satisfied,Satisfied,Satisfied,Satisfied,Satisfied,Satisfied,Satisfied,Satisfied,Neutral,Satisfied,Satisfied,Satisfied,Satisfied,Satisfied,Satisfied,Satisfied,Satisfied,Neutral,Satisfied,Satisfied,Satisfied,Satisfied,Satisfied,Satisfied,No,,,,,,Very Satisfied,Very Satisfied,Very Satisfied,Very Satisfied,Very Satisfied,NA,No,,,,,Schedule conflicts: The timing of the activities did not align with my work schedule or personal commitments.,Yes,Satisfied,Satisfied,Satisfied,Satisfied,,No,,,,No,,,,,,Brands Not Attractive Enough: The brands offering discounts or perks don't appeal to my preferences or needs.;No Immediate Need: I don't have a current need for the products or services offered through the discounts and perks.,NA,No,"Work Priorities: My primary responsibilities take precedence, and I don’t have the time or energy to get involved in the courses.",,,,,Yes,Satisfied,Satisfied,Satisfied,Satisfied,,NA,Very Satisfied,Very Satisfied,Very Satisfied,Haven't used this service,Very Satisfied,Very Satisfied,Very Satisfied,Very Satisfied,Haven't used this service,Haven't used this service,Haven't used this service,Haven't used this service,NA
146,8/25/2026 8:50,8/25/2026 9:03,anónimo,,Team Alejandra Choriego,,,,,,,,,,,,,,,,,,,,,,,,No,,,,,No,,,,,start,Neutral,Very Satisfied,Very Satisfied,Very Satisfied,Satisfied,Neutral,Neutral,Satisfied,Satisfied,start providing new equipments,Haven't used this service,Haven't used this service,Haven't used this service,Haven't used this service,Haven't used this service,na,Very Satisfied,Very Satisfied,Very Satisfied,Very Satisfied,Very Satisfied,Very Satisfied,Very Satisfied,Very Satisfied,Very Satisfied,Very Satisfied,Very Satisfied,Very Satisfied,Very Satisfied,Very Satisfied,Very Satisfied,Very Satisfied,Very Satisfied,Very Satisfied,Very Satisfied,Very Satisfied,Very Satisfied,Haven't used this service,Haven't used this service,Haven't used this service,Haven't used this service,Haven't used this service,Haven't used this service,Haven't used this service,No,,,,,,Very Satisfied,Very Satisfied,Very Satisfied,Haven't used this service,Haven't used this service,na,No,,,,,Schedule conflicts: The timing of the activities did not align with my work schedule or personal commitments.,No,,,,,Lack of Awareness: I was unaware of the engagement activities taking place during this time period.,No,,,,Yes,Satisfied,Satisfied,Satisfied,Satisfied,Satisfied,,start more iniat,No,"Lack of Communication: I was not aware of this benefit, so I was unable to participate.",,,,,No,,,,,Lack of Communication: I was not aware of the internal courses available.,na,Haven't used this service,Haven't used this service,Haven't used this service,Haven't used this service,Haven't used this service,Haven't used this service,Haven't used this service,Haven't used this service,Haven't used this service,Haven't used this service,Haven't used this service,Haven't used this service,na
147,8/25/2026 9:07,8/25/2026 9:16,anónimo,,Team Steffany,,,,,,,,,,,,,,,,,,,,,,,,No,,,,,No,,,,,-,Very Satisfied,Very Satisfied,Very Satisfied,Haven't used this service,Very Satisfied,Very Satisfied,Very Satisfied,Haven't used this service,Satisfied,monthly equipment checkouts..as the equipment looses quality over time and sometimes the apps used are heavier than the RAM or Processor can handle and equipment over heats,Very Satisfied,Very Satisfied,Satisfied,Very Satisfied,Haven't used this service,-,Neutral,Very Satisfied,Very Satisfied,Very Dissatisfied,Very Satisfied,Very Satisfied,Very Satisfied,Very Satisfied,Very Satisfied,Very Satisfied,Very Satisfied,Satisfied,Satisfied,Very Satisfied,Very Satisfied,Satisfied,Very Satisfied,Very Satisfied,Very Satisfied,Very Satisfied,Neutral,Very Satisfied,Very Satisfied,Very Satisfied,Very Satisfied,Very Satisfied,Very Satisfied,Very Satisfied,No,,,,,,Haven't used this service,Haven't used this service,Haven't used this service,Haven't used this service,Very Satisfied,-,No,,,,,Schedule conflicts: The timing of the activities did not align with my work schedule or personal commitments.;Workload and priorities: I had heavy workloads or pressing deadlines that prevented me from participating.;Lack of Awareness: I was unaware of the engagement activities taking place during this time period.,No,,,,,Workload and priorities: I had heavy workloads or pressing deadlines that prevented me from participating.;Schedule conflicts: The timing of the activities did not alingn with my work schedule or personal commitments.,No,,,,No,,,,,,Lack of Knowledge: I was unaware of the discounts available with these stakeholders.;Brands Not Attractive Enough: The brands offering discounts or perks don't appeal to my preferences or needs.,-to add more perks for foodrestaurants or car services if possible,No,Lack of Interest: I don’t find the course engaging or relevant to my role.,,,,,No,,,,,"Work Priorities: My primary responsibilities take precedence, and I don’t have the time or energy to get involved in the courses.",-,Haven't used this service,Haven't used this service,Haven't used this service,Haven't used this service,Haven't used this service,Haven't used this service,Haven't used this service,Haven't used this service,Haven't used this service,Haven't used this service,Haven't used this service,Haven't used this service,-
148,8/25/2026 9:04,8/25/2026 9:18,anónimo,,Team Steffany,,,,,,,,,,,,,,,,,,,,,,,,No,,,,,No,,,,,continue,Satisfied,Very Satisfied,Satisfied,Neutral,Neutral,Satisfied,Satisfied,Neutral,Satisfied,continue,Haven't used this service,Haven't used this service,Haven't used this service,Haven't used this service,Haven't used this service,No,Neutral,Neutral,Neutral,Neutral,Neutral,Satisfied,Satisfied,Satisfied,Satisfied,Satisfied,Satisfied,Neutral,Neutral,Neutral,Neutral,Neutral,Dissatisfied,Neutral,Satisfied,Very Satisfied,Satisfied,Satisfied,Neutral,Neutral,Neutral,Satisfied,Neutral,Satisfied,No,,,,,,Satisfied,Satisfied,Satisfied,Satisfied,Neutral,continue,No,,,,,Lack of interest: The engagement activities did not appeal to my personal interes or preferences.;Workload and priorities: I had heavy workloads or pressing deadlines that prevented me from participating.;Transportation difficulties:  I had trouble finding reliable transportation during the event.,No,,,,,Lack of interest: The engagement activities did not appeal to my personal interes or preferences.;Workload and priorities: I had heavy workloads or pressing deadlines that prevented me from participating.;Schedule conflicts: The timing of the activities did not alingn with my work schedule or personal commitments.,Yes,Neutral,Dissatisfied,Neutral,No,,,,,,No Immediate Need: I don't have a current need for the products or services offered through the discounts and perks.;Brands Not Attractive Enough: The brands offering discounts or perks don't appeal to my preferences or needs.;Lack of Interest: The discounts and perks do not align with my personal interests or preferences.,continue,No,"No Recognition or Incentives: I believe there’s no tangible reward for completing the course.;Lack of Interest: I don’t find the course engaging or relevant to my role.;Work Priorities: My primary responsibilities take precedence, and I don’t have the time or energy to get involved in the courses.",,,,,No,,,,,"Work Priorities: My primary responsibilities take precedence, and I don’t have the time or energy to get involved in the courses.;Lack of Interest: I don’t find the course engaging or relevant to my role.;Difficult Enrollment Process: I find signing up for the course is complicated",continue,Haven't used this service,Haven't used this service,Haven't used this service,Haven't used this service,Haven't used this service,Haven't used this service,Haven't used this service,Haven't used this service,Haven't used this service,Haven't used this service,Haven't used this service,Haven't used this service,continue
149,8/25/2026 8:58,8/25/2026 9:32,anónimo,,Team Steffany,,,,,,,,,,,,,,,,,,,,,,,,No,,,,,No,,,,,"I think they do a great job. They should continue being responsive, approachable, and supportive throughout the recruitment/referral process, and provide updates or status of applications. ",Very Satisfied,Satisfied,Satisfied,Very Satisfied,Satisfied,Satisfied,Very Satisfied,Very Satisfied,Very Satisfied,"They should continue being responsive and helpful when support is needed, while also improving communication and providing timely updates throughout the ticket resolution process.",Haven't used this service,Haven't used this service,Haven't used this service,Haven't used this service,Haven't used this service,N/A,Very Satisfied,Very Satisfied,Very Satisfied,Very Satisfied,Very Satisfied,Very Satisfied,Very Satisfied,Very Satisfied,Very Satisfied,Very Satisfied,Very Satisfied,Very Satisfied,Very Satisfied,Neutral,Very Satisfied,Very Satisfied,Very Satisfied,Very Satisfied,Very Satisfied,Very Satisfied,Neutral,Satisfied,Very Satisfied,Very Satisfied,Haven't used this service,Very Satisfied,Very Satisfied,Very Satisfied,No,,,,,,Very Satisfied,Very Satisfied,Very Satisfied,Very Satisfied,Very Satisfied,"Continue being helpful and responsive, while maintaining accuracy and transparency when handling financial matters.",No,,,,,Schedule conflicts: The timing of the activities did not align with my work schedule or personal commitments.;Transportation difficulties:  I had trouble finding reliable transportation during the event.,Yes,Very Satisfied,Very Satisfied,Very Satisfied,Very Satisfied,,Yes,Very Satisfied,Very Satisfied,Very Satisfied,No,,,,,,No Immediate Need: I don't have a current need for the products or services offered through the discounts and perks.;Forgetfulness: I simply forgot about the available discounts and perks.,"Continue being approachable, supportive, and focused on creating a positive and inclusive experience for employees.",No,"Work Priorities: My primary responsibilities take precedence, and I don’t have the time or energy to get involved in the courses.",,,,,No,,,,,"Work Priorities: My primary responsibilities take precedence, and I don’t have the time or energy to get involved in the courses.",N/A,Very Satisfied,Very Satisfied,Very Satisfied,Very Satisfied,Very Satisfied,Very Satisfied,Very Satisfied,Very Satisfied,Very Satisfied,Very Satisfied,Very Satisfied,Very Satisfied,N/A
150,8/25/2026 10:07,8/25/2026 10:16,anónimo,,Team Steffany,,,,,,,,,,,,,,,,,,,,,,,,No,,,,,No,,,,,Continue doing activities so we can all participate ,Neutral,Neutral,Satisfied,Neutral,Neutral,Dissatisfied,Satisfied,Neutral,Neutral,They should give us full feedback of our tickets ,Satisfied,Satisfied,Neutral,Neutral,Dissatisfied,NA,Dissatisfied,Dissatisfied,Satisfied,Dissatisfied,Satisfied,Dissatisfied,Satisfied,Satisfied,Satisfied,Dissatisfied,Very Dissatisfied,Satisfied,Dissatisfied,Dissatisfied,Satisfied,Satisfied,Satisfied,Satisfied,Dissatisfied,Satisfied,Neutral,Neutral,Satisfied,Satisfied,Satisfied,Satisfied,Satisfied,Satisfied,No,,,,,,Neutral,Dissatisfied,Neutral,Neutral,Neutral,NA,No,,,,,Schedule conflicts: The timing of the activities did not align with my work schedule or personal commitments.;Transportation difficulties:  I had trouble finding reliable transportation during the event.;Workload and priorities: I had heavy workloads or pressing deadlines that prevented me from participating.,Yes,Satisfied,Satisfied,Satisfied,Satisfied,,Yes,Satisfied,Satisfied,Satisfied,No,,,,,,Brands Not Attractive Enough: The brands offering discounts or perks don't appeal to my preferences or needs.;No Immediate Need: I don't have a current need for the products or services offered through the discounts and perks.;Lack of Knowledge: I was unaware of the discounts available with these stakeholders.,They should send an email with a list of all the brands so we all know which discounts are available. I also suggest offering discounts at coffee shops.,No,"Work Priorities: My primary responsibilities take precedence, and I don’t have the time or energy to get involved in the courses.;No Recognition or Incentives: I believe there’s no tangible reward for completing the course.;Lack of Communication: I was not aware of this benefit, so I was unable to participate.",,,,,No,,,,,"Difficult Enrollment Process: I find signing up for the course is complicated;Work Priorities: My primary responsibilities take precedence, and I don’t have the time or energy to get involved in the courses.;Lack of Communication: I was not aware of the internal courses available.",NA,Dissatisfied,Neutral,Dissatisfied,Dissatisfied,Satisfied,Neutral,Neutral,Neutral,Neutral,Neutral,Neutral,Neutral,NA
151,8/25/2026 9:52,8/25/2026 10:26,anónimo,,Team ALDO - Axel,,,,,,,,,,,,,,,,,,,,,,,,Yes,Neutral,Satisfied,Satisfied,Satisfied,No,,,,,review people who interviewed well but weren't selected for previous position and give them an opportunity for other similar jobs available,Dissatisfied,Satisfied,Satisfied,Satisfied,Satisfied,Very Satisfied,Satisfied,Very Satisfied,Satisfied,give maintenance to laptops frequently,Haven't used this service,Haven't used this service,Haven't used this service,Haven't used this service,Haven't used this service,parking availability tracker,Very Satisfied,Dissatisfied,Very Satisfied,Very Satisfied,Very Satisfied,Satisfied,Satisfied,Neutral,Satisfied,Dissatisfied,Satisfied,Satisfied,Dissatisfied,Satisfied,Satisfied,Dissatisfied,Satisfied,Satisfied,Satisfied,Very Satisfied,Satisfied,Dissatisfied,Satisfied,Satisfied,Satisfied,Satisfied,Satisfied,Satisfied,Yes,Very Satisfied,Very Satisfied,Very Satisfied,Very Satisfied,"provide better chairs, have more comfortable common areas to take breaks",Satisfied,Satisfied,Satisfied,Satisfied,Very Satisfied,financial education sessions,No,,,,,Schedule conflicts: The timing of the activities did not align with my work schedule or personal commitments.;Lack of interest: The engagement activities did not appeal to my personal interes or preferences.;Workload and priorities: I had heavy workloads or pressing deadlines that prevented me from participating.,Yes,Satisfied,Very Satisfied,Satisfied,Satisfied,,No,,,,No,,,,,,Forgetfulness: I simply forgot about the available discounts and perks.;Lack of Knowledge: I was unaware of the discounts available with these stakeholders.,Employe appreciation activities frequently,No,"Lack of Communication: I was not aware of this benefit, so I was unable to participate.;Work Priorities: My primary responsibilities take precedence, and I don’t have the time or energy to get involved in the courses.;No Recognition or Incentives: I believe there’s no tangible reward for completing the course.",,,,,No,,,,,"Lack of Communication: I was not aware of the internal courses available.;Difficult Enrollment Process: I find signing up for the course is complicated;Work Priorities: My primary responsibilities take precedence, and I don’t have the time or energy to get involved in the courses.",you can start making sessions during lunch where someone teaches a useful skill.,Haven't used this service,Haven't used this service,Haven't used this service,Haven't used this service,Very Satisfied,Satisfied,Satisfied,Satisfied,Satisfied,Satisfied,Satisfied,Satisfied,"ask employees regularly about their jobs , how they feel ,wht frutrates them "
152,8/25/2026 10:55,8/25/2026 11:01,anónimo,,Team Harold,,,,,,,,,,,,,,,,,,,,,,,,No,,,,,No,,,,,N/A,Very Satisfied,Very Satisfied,Very Satisfied,Very Satisfied,Very Satisfied,Very Satisfied,Very Satisfied,Very Satisfied,Very Satisfied,N/A,Very Satisfied,Very Satisfied,Very Satisfied,Very Satisfied,Very Satisfied,No,Very Satisfied,Very Satisfied,Very Satisfied,Very Satisfied,Very Satisfied,Very Satisfied,Very Satisfied,Very Satisfied,Very Satisfied,Very Satisfied,Very Satisfied,Very Satisfied,Very Satisfied,Very Satisfied,Very Satisfied,Very Satisfied,Very Satisfied,Very Satisfied,Very Satisfied,Very Satisfied,Very Satisfied,Very Satisfied,Very Satisfied,Very Satisfied,Very Satisfied,Very Satisfied,Very Satisfied,Very Satisfied,No,,,,,,Very Satisfied,Very Satisfied,Very Satisfied,Very Satisfied,Very Satisfied,Continue ,No,,,,,Lack of interest: The engagement activities did not appeal to my personal interes or preferences.,No,,,,,Lack of interest: The engagement activities did not appeal to my personal interes or preferences.,No,,,,Yes,Very Satisfied,Very Satisfied,Very Satisfied,Very Satisfied,Very Satisfied,,N/A,No,"Lack of Communication: I was not aware of this benefit, so I was unable to participate.",,,,,No,,,,,Lack of Communication: I was not aware of the internal courses available.,N/ A,Very Satisfied,Very Satisfied,Very Satisfied,Very Satisfied,Very Satisfied,Very Satisfied,Very Satisfied,Very Satisfied,Very Satisfied,Very Satisfied,Very Satisfied,Very Satisfied,N/A
153,8/25/2026 11:24,8/25/2026 11:29,anónimo,,Team Alejandra Helena,,,,,,,,,,,,,,,,,,,,,,,,No,,,,,No,,,,,n/a,Neutral,Satisfied,Satisfied,Satisfied,Neutral,Satisfied,Satisfied,Satisfied,Dissatisfied,n/a,Neutral,Neutral,Neutral,Neutral,Neutral,n/a,Neutral,Dissatisfied,Dissatisfied,Dissatisfied,Neutral,Neutral,Neutral,Neutral,Neutral,Neutral,Neutral,Satisfied,Satisfied,Satisfied,Satisfied,Satisfied,Satisfied,Satisfied,Satisfied,Satisfied,Satisfied,Neutral,Neutral,Neutral,Neutral,Neutral,Neutral,Neutral,No,,,,,,Neutral,Neutral,Neutral,Neutral,Neutral,n/a,No,,,,,Workload and priorities: I had heavy workloads or pressing deadlines that prevented me from participating.;Lack of interest: The engagement activities did not appeal to my personal interes or preferences.,No,,,,,Lack of interest: The engagement activities did not appeal to my personal interes or preferences.,Yes,Satisfied,Satisfied,Satisfied,No,,,,,,Forgetfulness: I simply forgot about the available discounts and perks.,n/a,No,Lack of Interest: I don’t find the course engaging or relevant to my role.,,,,,No,,,,,Lack of Interest: I don’t find the course engaging or relevant to my role.,n/a,Neutral,Neutral,Neutral,Neutral,Neutral,Neutral,Neutral,Neutral,Neutral,Neutral,Neutral,Neutral,n/a
154,8/25/2026 11:24,8/25/2026 11:31,anónimo,,Team Alejandra Helena,,,,,,,,,,,,,,,,,,,,,,,,No,,,,,No,,,,,I don't have any ideas at this moment.,Satisfied,Very Satisfied,Very Satisfied,Very Satisfied,Very Satisfied,Very Satisfied,Very Satisfied,Very Satisfied,Neutral,-,Very Satisfied,Very Satisfied,Neutral,Very Satisfied,Satisfied,-,Satisfied,Satisfied,Very Satisfied,Very Dissatisfied,Very Satisfied,Very Satisfied,Very Satisfied,Very Satisfied,Very Satisfied,Very Satisfied,Very Satisfied,Very Satisfied,Very Satisfied,Very Satisfied,Very Satisfied,Very Satisfied,Very Satisfied,Very Satisfied,Very Satisfied,Very Satisfied,Very Satisfied,Very Satisfied,Very Satisfied,Very Satisfied,Haven't used this service,Haven't used this service,Haven't used this service,Haven't used this service,No,,,,,,Satisfied,Satisfied,Neutral,Haven't used this service,Very Satisfied,-,No,,,,,Schedule conflicts: The timing of the activities did not align with my work schedule or personal commitments.;Workload and priorities: I had heavy workloads or pressing deadlines that prevented me from participating.;Transportation difficulties:  I had trouble finding reliable transportation during the event.,No,,,,,Lack of interest: The engagement activities did not appeal to my personal interes or preferences.,Yes,Very Satisfied,Very Satisfied,Very Satisfied,No,,,,,,Lack of Knowledge: I was unaware of the discounts available with these stakeholders.;No Immediate Need: I don't have a current need for the products or services offered through the discounts and perks.;Forgetfulness: I simply forgot about the available discounts and perks.,-,No,"Lack of Communication: I was not aware of this benefit, so I was unable to participate.",,,,,No,,,,,"Difficult Enrollment Process: I find signing up for the course is complicated;Work Priorities: My primary responsibilities take precedence, and I don’t have the time or energy to get involved in the courses.",-,Haven't used this service,Haven't used this service,Haven't used this service,Haven't used this service,Haven't used this service,Haven't used this service,Haven't used this service,Haven't used this service,Haven't used this service,Haven't used this service,Haven't used this service,Haven't used this service,-
155,8/25/2026 11:28,8/25/2026 11:31,anónimo,,Management - Ops,No,,,,,,,,,,,,,,,,,,,,,,,,,,,,,,,,,,Neutral,Very Satisfied,Very Satisfied,Very Satisfied,Very Satisfied,Very Satisfied,Very Satisfied,Very Satisfied,Dissatisfied,El internet en la empresa es sumamente lento y dificulta poder realizar las llamadas y el trabajo en general del equipo y tambien del TL. ,Very Satisfied,Very Satisfied,Very Satisfied,Satisfied,Neutral,not at the moment ,Satisfied,Dissatisfied,Satisfied,Dissatisfied,Very Satisfied,Very Satisfied,Very Satisfied,Very Satisfied,Very Satisfied,Neutral,Neutral,Very Satisfied,Very Satisfied,Satisfied,Very Satisfied,Satisfied,Satisfied,Satisfied,Dissatisfied,Satisfied,Satisfied,Dissatisfied,Haven't used this service,Haven't used this service,Very Satisfied,Neutral,Neutral,Neutral,No,,,,,,Very Satisfied,Very Satisfied,Very Satisfied,Very Satisfied,Satisfied,na,Yes,Neutral,Neutral,Satisfied,Satisfied,,Yes,Very Satisfied,Very Satisfied,Very Satisfied,Very Satisfied,,No,,,,Yes,Satisfied,Satisfied,Satisfied,Satisfied,Satisfied,,n/a,No,"Work Priorities: My primary responsibilities take precedence, and I don’t have the time or energy to get involved in the courses.",,,,,No,,,,,"Work Priorities: My primary responsibilities take precedence, and I don’t have the time or energy to get involved in the courses.","Tomar mas ownership al momento de hacer los reminders, deberia de enviarse un reminder directo a la persona que tiene pendiente el curso. Adicional L&D deberia de ser quien mande el listado junto con los links de los cursos de csso que deban ser completadas por nuevos agentes ya que es su area. ",Very Satisfied,Very Satisfied,Very Satisfied,Very Satisfied,Very Satisfied,Very Satisfied,Very Satisfied,Very Satisfied,Neutral,Satisfied,Satisfied,Satisfied,n/a
156,8/25/2026 11:26,8/25/2026 11:34,anónimo,,Team Alejandra Helena,,,,,,,,,,,,,,,,,,,,,,,,No,,,,,Yes,Neutral,Neutral,Neutral,Neutral,.,Strongly Dissatisfied,Satisfied,Very Satisfied,Satisfied,Satisfied,Satisfied,Satisfied,Satisfied,Satisfied,.,Dissatisfied,Dissatisfied,Dissatisfied,Dissatisfied,Dissatisfied,.,Satisfied,Satisfied,Satisfied,Satisfied,Satisfied,Very Satisfied,Very Satisfied,Very Satisfied,Very Satisfied,Very Satisfied,Very Satisfied,Satisfied,Satisfied,Satisfied,Satisfied,Satisfied,Satisfied,Satisfied,Satisfied,Satisfied,Satisfied,Very Satisfied,Very Satisfied,Very Satisfied,Very Satisfied,Very Satisfied,Very Satisfied,Very Satisfied,No,,,,,,Very Satisfied,Very Satisfied,Very Satisfied,Very Satisfied,Very Satisfied,.,No,,,,,Lack of interest: The engagement activities did not appeal to my personal interes or preferences.,No,,,,,"Transportation difficulties:  I had trouble finding reliable transportation during the event.""",No,,,,Yes,Satisfied,Satisfied,Satisfied,Satisfied,Satisfied,,.,No,Lack of Interest: I don’t find the course engaging or relevant to my role.,,,,,No,,,,,"Work Priorities: My primary responsibilities take precedence, and I don’t have the time or energy to get involved in the courses.",.,Very Satisfied,Very Satisfied,Very Satisfied,Very Satisfied,Very Satisfied,Very Satisfied,Very Satisfied,Very Satisfied,Very Satisfied,Very Satisfied,Very Satisfied,Very Satisfied,.
157,8/25/2026 11:24,8/25/2026 11:35,anónimo,,Team Alejandra Helena,,,,,,,,,,,,,,,,,,,,,,,,No,,,,,No,,,,,NA,Neutral,Neutral,Satisfied,Satisfied,Satisfied,Satisfied,Satisfied,Satisfied,Neutral,NA,Neutral,Satisfied,Satisfied,Neutral,Neutral,NA,Dissatisfied,Dissatisfied,Satisfied,Satisfied,Satisfied,Satisfied,Very Dissatisfied,Neutral,Satisfied,Satisfied,Dissatisfied,Satisfied,Neutral,Neutral,Satisfied,Satisfied,Satisfied,Satisfied,Satisfied,Satisfied,Satisfied,Neutral,Satisfied,Satisfied,Neutral,Neutral,Satisfied,Satisfied,No,,,,,,Satisfied,Satisfied,Satisfied,Satisfied,Satisfied,NA ,No,,,,,Lack of interest: The engagement activities did not appeal to my personal interes or preferences.,No,,,,,Lack of interest: The engagement activities did not appeal to my personal interes or preferences.,No,,,,No,,,,,,No Immediate Need: I don't have a current need for the products or services offered through the discounts and perks.;Lack of Knowledge: I was unaware of the discounts available with these stakeholders.;Forgetfulness: I simply forgot about the available discounts and perks.,NA,No,"Lack of Communication: I was not aware of this benefit, so I was unable to participate.",,,,,Yes,Satisfied,Very Satisfied,Very Satisfied,Neutral,,NA,Satisfied,Satisfied,Satisfied,Satisfied,Satisfied,Satisfied,Satisfied,Satisfied,Neutral,Neutral,Neutral,Neutral,NA
158,8/25/2026 11:29,8/25/2026 11:36,anónimo,,Team Alejandra Helena,,,,,,,,,,,,,,,,,,,,,,,,No,,,,,No,,,,,The job listings could be sent by email to the employees instead of only being on the website.,Very Satisfied,Very Satisfied,Very Satisfied,Very Satisfied,Very Satisfied,Very Satisfied,Very Satisfied,Very Satisfied,Very Satisfied,Everything is good!,Very Satisfied,Very Satisfied,Satisfied,Very Satisfied,Very Satisfied,-,Very Satisfied,Very Satisfied,Very Satisfied,Very Satisfied,Very Satisfied,Very Satisfied,Very Satisfied,Very Satisfied,Very Satisfied,Very Satisfied,Very Satisfied,Very Satisfied,Very Satisfied,Very Satisfied,Very Satisfied,Very Satisfied,Very Satisfied,Very Satisfied,Very Satisfied,Very Satisfied,Very Satisfied,Very Satisfied,Very Satisfied,Very Satisfied,Very Satisfied,Very Satisfied,Very Satisfied,Very Satisfied,No,,,,,,Very Satisfied,Very Satisfied,Very Satisfied,Very Satisfied,Very Satisfied,-,No,,,,,Lack of interest: The engagement activities did not appeal to my personal interes or preferences.;Workload and priorities: I had heavy workloads or pressing deadlines that prevented me from participating.;Schedule conflicts: The timing of the activities did not align with my work schedule or personal commitments.,No,,,,,Lack of interest: The engagement activities did not appeal to my personal interes or preferences.;Workload and priorities: I had heavy workloads or pressing deadlines that prevented me from participating.;Schedule conflicts: The timing of the activities did not alingn with my work schedule or personal commitments.,No,,,,Yes,Very Satisfied,Very Satisfied,Very Satisfied,Very Satisfied,Very Satisfied,,-,No,No Recognition or Incentives: I believe there’s no tangible reward for completing the course.,,,,,No,,,,,"Work Priorities: My primary responsibilities take precedence, and I don’t have the time or energy to get involved in the courses.",There's no motivation to join courses because there's no tangible reward from the company. ,Haven't used this service,Haven't used this service,Haven't used this service,Haven't used this service,Very Satisfied,Very Satisfied,Very Satisfied,Very Satisfied,Very Satisfied,Very Satisfied,Very Satisfied,Very Satisfied,-
159,8/25/2026 11:25,8/25/2026 11:41,anónimo,,Team Alejandra Helena,,,,,,,,,,,,,,,,,,,,,,,,No,,,,,No,,,,,Continue,Dissatisfied,Strongly Dissatisfied,Dissatisfied,Neutral,Satisfied,Dissatisfied,Neutral,Neutral,Satisfied,"Start making maintenance to the laptops, it's been years since last time they do it",Very Satisfied,Satisfied,Satisfied,Dissatisfied,Neutral,Retake the dynamic of assigning by areas and teams,Neutral,Dissatisfied,Satisfied,Neutral,Very Satisfied,Very Satisfied,Dissatisfied,Satisfied,Satisfied,Satisfied,Satisfied,Satisfied,Satisfied,Satisfied,Satisfied,Satisfied,Satisfied,Satisfied,Satisfied,Very Satisfied,Neutral,Dissatisfied,Neutral,Satisfied,Haven't used this service,Satisfied,Very Satisfied,Very Satisfied,No,,,,,,Dissatisfied,Neutral,Dissatisfied,Haven't used this service,Very Satisfied,If someone has the need of help for the process of taxes pay or declare.,No,,,,,Workload and priorities: I had heavy workloads or pressing deadlines that prevented me from participating.,No,,,,,"Transportation difficulties:  I had trouble finding reliable transportation during the event.""",No,,,,No,,,,,,No Immediate Need: I don't have a current need for the products or services offered through the discounts and perks.,Lokking the rotation of the teams that are on site to make easier to them to be part of the activities,Yes,,Neutral,Satisfied,Satisfied,Very Satisfied,No,,,,,Lack of Interest: I don’t find the course engaging or relevant to my role.,Keep doing and look for more courses of interest ,Haven't used this service,Haven't used this service,Haven't used this service,Haven't used this service,Satisfied,Very Satisfied,Very Satisfied,Very Satisfied,Very Satisfied,Very Satisfied,Very Satisfied,Very Satisfied,Keep doing the good job
160,8/25/2026 11:32,8/25/2026 11:45,anónimo,,Team Alejandra Helena,,,,,,,,,,,,,,,,,,,,,,,,No,,,,,No,,,,,nada,Dissatisfied,Neutral,Neutral,Neutral,Strongly Dissatisfied,Neutral,Neutral,Neutral,Strongly Dissatisfied,nada,Neutral,Very Dissatisfied,Very Dissatisfied,Very Dissatisfied,Dissatisfied,construyan de nuevo el parqueo ,Neutral,Very Dissatisfied,Neutral,Very Dissatisfied,Very Satisfied,Very Satisfied,Satisfied,Satisfied,Satisfied,Satisfied,Satisfied,Very Dissatisfied,Very Dissatisfied,Very Dissatisfied,Very Dissatisfied,Very Dissatisfied,Very Dissatisfied,Very Dissatisfied,Very Dissatisfied,Very Satisfied,Very Dissatisfied,Very Dissatisfied,Very Dissatisfied,Very Dissatisfied,Very Dissatisfied,Very Dissatisfied,Very Dissatisfied,Very Dissatisfied,No,,,,,,Neutral,Very Dissatisfied,Neutral,Very Dissatisfied,Satisfied,nada,No,,,,,Lack of interest: The engagement activities did not appeal to my personal interes or preferences.,No,,,,,Lack of interest: The engagement activities did not appeal to my personal interes or preferences.,No,,,,No,,,,,,Lack of Interest: The discounts and perks do not align with my personal interests or preferences.,"Dejen de darles un lunch a los EOM y EOY, eso se lo pueden comprar un dia de pago, mejor una giftcard de $100 para el super ",Yes,,Strongly Dissatisfied,Strongly Dissatisfied,Strongly Dissatisfied,Strongly Dissatisfied,No,,,,,Lack of Interest: I don’t find the course engaging or relevant to my role.,Con los cursos de INCAF que pueden ser claros en el contenido que se desarrolara y tambien si es necesario tener una base de conocimiento,Dissatisfied,Dissatisfied,Dissatisfied,Dissatisfied,Satisfied,Satisfied,Satisfied,Satisfied,Satisfied,Satisfied,Satisfied,Satisfied,nada
161,8/25/2026 11:37,8/25/2026 11:51,anónimo,,Team Alejandra Helena,,,,,,,,,,,,,,,,,,,,,,,,No,,,,,No,,,,,Keep up the current activities and the great communication. They really help encourage and motivate everyone,Neutral,Neutral,Neutral,Neutral,Satisfied,Neutral,Satisfied,Satisfied,Neutral,Always be attentive to our requests and explain why issues happen,Satisfied,Neutral,Dissatisfied,Neutral,Neutral,None ,Neutral,Neutral,Neutral,Neutral,Satisfied,Satisfied,Satisfied,Satisfied,Satisfied,Satisfied,Satisfied,Satisfied,Satisfied,Satisfied,Satisfied,Satisfied,Satisfied,Satisfied,Satisfied,Satisfied,Neutral,Neutral,Neutral,Neutral,Haven't used this service,Neutral,Neutral,Haven't used this service,No,,,,,,Satisfied,Neutral,Satisfied,Neutral,Very Satisfied,Keeping us informed is the most important thing,Yes,Neutral,Satisfied,Neutral,Neutral,,No,,,,,"Schedule conflicts: The timing of the activities did not alingn with my work schedule or personal commitments.;Workload and priorities: I had heavy workloads or pressing deadlines that prevented me from participating.;Transportation difficulties:  I had trouble finding reliable transportation during the event.""",Yes,Satisfied,Neutral,Neutral,Yes,Satisfied,Satisfied,Dissatisfied,Neutral,Satisfied,,"Everything is good, and there are good places where we can use our discount with our families as well.",No,"Work Priorities: My primary responsibilities take precedence, and I don’t have the time or energy to get involved in the courses.;Lack of Interest: I don’t find the course engaging or relevant to my role.;No Recognition or Incentives: I believe there’s no tangible reward for completing the course.",,,,,No,,,,,"Work Priorities: My primary responsibilities take precedence, and I don’t have the time or energy to get involved in the courses.;Lack of Interest: I don’t find the course engaging or relevant to my role.;Lack of Communication: I was not aware of the internal courses available.","Everything is good. The courses are good, but they are not related to my interests",Satisfied,Satisfied,Satisfied,Satisfied,Satisfied,Satisfied,Satisfied,Satisfied,Satisfied,Satisfied,Satisfied,Satisfied,Everything is good.
162,8/25/2026 11:44,8/25/2026 11:55,anónimo,,Team Creative,,,,,,,,,,,,,,,,,,,,,,,,No,,,,,Yes,Satisfied,Satisfied,Neutral,Neutral,n/a,Satisfied,Very Satisfied,Very Satisfied,Satisfied,Very Satisfied,Very Satisfied,Satisfied,Satisfied,Very Satisfied,Yearly equipment review/updates/optimization,Haven't used this service,Haven't used this service,Haven't used this service,Haven't used this service,Haven't used this service,no,Satisfied,Neutral,Satisfied,Neutral,Very Satisfied,Very Satisfied,Very Satisfied,Very Satisfied,Very Satisfied,Very Satisfied,Very Satisfied,Very Satisfied,Very Satisfied,Very Satisfied,Very Satisfied,Very Satisfied,Very Satisfied,Very Satisfied,Very Satisfied,Very Satisfied,Very Satisfied,Haven't used this service,Haven't used this service,Haven't used this service,Haven't used this service,Haven't used this service,Haven't used this service,Haven't used this service,No,,,,,,Very Satisfied,Satisfied,Satisfied,Satisfied,Very Satisfied,n/a,No,,,,,Lack of interest: The engagement activities did not appeal to my personal interes or preferences.;Transportation difficulties:  I had trouble finding reliable transportation during the event.;Schedule conflicts: The timing of the activities did not align with my work schedule or personal commitments.,Yes,Satisfied,Satisfied,Satisfied,Satisfied,,No,,,,No,,,,,,Brands Not Attractive Enough: The brands offering discounts or perks don't appeal to my preferences or needs.;Lack of Interest: The discounts and perks do not align with my personal interests or preferences.,cinema discounts,No,"Work Priorities: My primary responsibilities take precedence, and I don’t have the time or energy to get involved in the courses.;No Recognition or Incentives: I believe there’s no tangible reward for completing the course.",,,,,No,,,,,"Lack of Interest: I don’t find the course engaging or relevant to my role.;Work Priorities: My primary responsibilities take precedence, and I don’t have the time or energy to get involved in the courses.",external paid courses,Very Satisfied,Very Satisfied,Very Satisfied,Very Satisfied,Very Satisfied,Very Satisfied,Very Satisfied,Very Satisfied,Very Satisfied,Very Satisfied,Very Satisfied,Very Satisfied,n/a
163,8/25/2026 11:50,8/25/2026 12:06,anónimo,,Team Creative,,,,,,,,,,,,,,,,,,,,,,,,No,,,,,No,,,,,sometimes open positions that are published on linked in or instagram are not shared within the team so that they can also know and maybe refer someone,Satisfied,Very Satisfied,Very Satisfied,Haven't used this service,Satisfied,Very Satisfied,Very Satisfied,Haven't used this service,Very Satisfied,I loved the fact that we can ask for a laptop physical clean up when we go to the site that should be kept,Very Satisfied,Very Satisfied,Satisfied,Satisfied,Dissatisfied,wel could build a parking lot app i have few ideas but i would like to know whom i can share them with,Very Satisfied,Satisfied,Satisfied,Satisfied,Very Satisfied,Very Satisfied,Very Satisfied,Very Satisfied,Satisfied,Satisfied,Very Satisfied,Very Satisfied,Very Satisfied,Very Satisfied,Very Satisfied,Very Satisfied,Very Satisfied,Very Satisfied,Very Satisfied,Very Satisfied,Very Satisfied,Very Satisfied,Very Satisfied,Very Satisfied,Haven't used this service,Very Satisfied,Very Satisfied,Very Satisfied,No,,,,,,Very Satisfied,Very Satisfied,Very Satisfied,Haven't used this service,Very Satisfied,N/A,No,,,,,Schedule conflicts: The timing of the activities did not align with my work schedule or personal commitments.;Transportation difficulties:  I had trouble finding reliable transportation during the event.;Workload and priorities: I had heavy workloads or pressing deadlines that prevented me from participating.,No,,,,,Schedule conflicts: The timing of the activities did not alingn with my work schedule or personal commitments.;Workload and priorities: I had heavy workloads or pressing deadlines that prevented me from participating.,No,,,,No,,,,,,Brands Not Attractive Enough: The brands offering discounts or perks don't appeal to my preferences or needs.;No Immediate Need: I don't have a current need for the products or services offered through the discounts and perks.;Lack of Interest: The discounts and perks do not align with my personal interests or preferences.,"Plan activities based on the office days for different teams, because creative team barely has wellness or extra activities on scheduled on the day we have to go to the office",No,"Work Priorities: My primary responsibilities take precedence, and I don’t have the time or energy to get involved in the courses.",,,,,No,,,,,"Work Priorities: My primary responsibilities take precedence, and I don’t have the time or energy to get involved in the courses.;Lack of Interest: I don’t find the course engaging or relevant to my role.","I consider that not all learning opportunities are aligned with all teams like creative in my case, i am learning from courses i've enrolled on my own",Very Satisfied,Very Satisfied,Very Satisfied,Very Satisfied,Satisfied,Satisfied,Dissatisfied,Satisfied,Satisfied,Satisfied,Dissatisfied,Satisfied,"I do not consider that using a comp day should be requested with so much time in advanced, sometimes we need to use them for some personal errands that cannot wait 15 days, i consider that the pre-notice time should be reduced on these"
164,8/25/2026 12:00,8/25/2026 12:25,anónimo,,Team Steffany,,,,,,,,,,,,,,,,,,,,,,,,No,,,,,No,,,,,n/a,Neutral,Satisfied,Satisfied,Satisfied,Satisfied,Satisfied,Satisfied,Satisfied,Very Satisfied,n/a,Very Satisfied,Very Satisfied,Neutral,Neutral,Neutral,"Proporcionar más espacios disponibles para los empleados de UAM y también asegurarse de que las personas que son propietarias de otros espacios no dañen los vehículos ni dejen mensajes en ellos simplemente porque encontraron un automóvil estacionado en su espacio. La mayoría de las veces estacionamos en espacios de otras personas porque el estacionamiento de UAM está lleno.  (Yo ya sufrí daños en mi automóvil y alguien dejó un mensaje en mi ventana porque estacioné en su espacio. Literalmente, esa fue la primera vez que lo hice, **por accidente**, y no tardé más de 10 minutos en regresar y moverlo, pero alguien ya había causado el daño).  Así que, por favor, hagan algo al respecto.",Satisfied,Dissatisfied,Neutral,Neutral,Satisfied,Neutral,Very Dissatisfied,Neutral,Satisfied,Satisfied,Neutral,Neutral,Neutral,Satisfied,Very Satisfied,Very Satisfied,Dissatisfied,Satisfied,Neutral,Very Satisfied,Satisfied,Very Satisfied,Very Satisfied,Satisfied,Haven't used this service,Very Satisfied,Haven't used this service,Haven't used this service,No,,,,,,Satisfied,Satisfied,Satisfied,Satisfied,Neutral,"Tienen que estar mas pendientes de cuando un empleado presenta un cambio en su pago, como los bonos. Para poder asegurarse que los bonos se reciban en la cantidad correcta y en la fecha previamente indicada.",No,,,,,Schedule conflicts: The timing of the activities did not align with my work schedule or personal commitments.;Transportation difficulties:  I had trouble finding reliable transportation during the event.;Workload and priorities: I had heavy workloads or pressing deadlines that prevented me from participating.,Yes,Satisfied,Satisfied,Satisfied,Satisfied,,Yes,Very Satisfied,Very Satisfied,Very Satisfied,No,,,,,,Lack of Knowledge: I was unaware of the discounts available with these stakeholders.;Forgetfulness: I simply forgot about the available discounts and perks.,"Podrian incluir una parte en la UAM app que presente una lista actualizada de los descuentos disponible para empleados. De esa forma es mas facil saber que se encuentra disponible, de una manera mas sencilla y accesesible ",No,"Lack of Communication: I was not aware of this benefit, so I was unable to participate.",,,,,No,,,,,Lack of Communication: I was not aware of the internal courses available.,"De nuevo, seria bueno incluir un apartado independiente en la UAM app que muestre todo los certificados/programas disponibles que hay al momento. Para que pueda ser mas facil el poder estar al dia con las oportunidades disponibles para crecimiento profesional ",Haven't used this service,Haven't used this service,Haven't used this service,Haven't used this service,Haven't used this service,Haven't used this service,Haven't used this service,Haven't used this service,Haven't used this service,Haven't used this service,Haven't used this service,Haven't used this service,n/a
165,8/25/2026 13:52,8/25/2026 14:12,anónimo,,Team Creative,,,,,,,,,,,,,,,,,,,,,,,,No,,,,,No,,,,,"on creative i think that not a Problem, maybe the problema not from creative team, it more about searching proyects for creative from above",Very Satisfied,Satisfied,Very Satisfied,Haven't used this service,Very Satisfied,Very Satisfied,Very Satisfied,Very Satisfied,Very Satisfied,continue,Very Satisfied,Very Satisfied,Very Satisfied,Very Satisfied,Neutral,"we would have a more accesible way to comunicate, not everyone have acces to the chat",Very Satisfied,Very Dissatisfied,Neutral,Satisfied,Very Satisfied,Very Satisfied,Very Satisfied,Very Satisfied,Very Satisfied,Very Satisfied,Very Satisfied,Very Satisfied,Very Satisfied,Very Satisfied,Very Satisfied,Very Satisfied,Very Satisfied,Very Satisfied,Very Satisfied,Very Satisfied,Very Satisfied,Haven't used this service,Haven't used this service,Haven't used this service,Haven't used this service,Haven't used this service,Haven't used this service,Haven't used this service,No,,,,,,Very Satisfied,Very Satisfied,Very Satisfied,Very Satisfied,Very Satisfied,continue,Yes,Satisfied,Satisfied,Satisfied,Satisfied,,No,,,,,"Schedule conflicts: The timing of the activities did not alingn with my work schedule or personal commitments.;Transportation difficulties:  I had trouble finding reliable transportation during the event.""",No,,,,No,,,,,,Lack of Interest: The discounts and perks do not align with my personal interests or preferences.;Lack of Knowledge: I was unaware of the discounts available with these stakeholders.,continue,No,Lack of Interest: I don’t find the course engaging or relevant to my role.,,,,,No,,,,,Lack of Interest: I don’t find the course engaging or relevant to my role.,continue,Haven't used this service,Haven't used this service,Haven't used this service,Haven't used this service,Very Satisfied,Very Satisfied,Very Satisfied,Very Satisfied,Very Satisfied,Very Satisfied,Very Satisfied,Very Satisfied,continue
166,8/25/2026 12:33,8/25/2026 14:17,anónimo,,Team Creative,,,,,,,,,,,,,,,,,,,,,,,,No,,,,,No,,,,,Continue the referral program ,Very Satisfied,Haven't used this service,Haven't used this service,Haven't used this service,Very Satisfied,Haven't used this service,Haven't used this service,Haven't used this service,Satisfied,"Continue the ""test time"" to evaluate new programs and apps (design wise) ",Very Satisfied,Very Satisfied,Neutral,Satisfied,Satisfied,At the moment no,Satisfied,Satisfied,Satisfied,Satisfied,Very Satisfied,Very Satisfied,Satisfied,Satisfied,Satisfied,Satisfied,Satisfied,Very Satisfied,Neutral,Satisfied,Satisfied,Satisfied,Satisfied,Satisfied,Satisfied,Very Satisfied,Satisfied,Very Satisfied,Very Satisfied,Very Satisfied,Very Satisfied,Very Satisfied,Very Satisfied,Very Satisfied,No,,,,,,Very Satisfied,Satisfied,Satisfied,Satisfied,Very Satisfied,N/A,No,,,,,Schedule conflicts: The timing of the activities did not align with my work schedule or personal commitments.;Workload and priorities: I had heavy workloads or pressing deadlines that prevented me from participating.;Transportation difficulties:  I had trouble finding reliable transportation during the event.,No,,,,,"Schedule conflicts: The timing of the activities did not alingn with my work schedule or personal commitments.;Transportation difficulties:  I had trouble finding reliable transportation during the event."";Workload and priorities: I had heavy workloads or pressing deadlines that prevented me from participating.",Yes,Satisfied,Satisfied,Satisfied,No,,,,,,No Immediate Need: I don't have a current need for the products or services offered through the discounts and perks.;Forgetfulness: I simply forgot about the available discounts and perks.;Lack of Interest: The discounts and perks do not align with my personal interests or preferences.,N/A,No,"Work Priorities: My primary responsibilities take precedence, and I don’t have the time or energy to get involved in the courses.",,,,,No,,,,,Lack of Communication: I was not aware of the internal courses available.;Difficult Enrollment Process: I find signing up for the course is complicated,N/A,Very Satisfied,Very Satisfied,Very Satisfied,Very Satisfied,Very Satisfied,Very Satisfied,Very Satisfied,Very Satisfied,Very Satisfied,Very Satisfied,Very Satisfied,Very Satisfied,N/A 
167,8/25/2026 15:05,8/25/2026 15:28,anónimo,,Team Creative,,,,,,,,,,,,,,,,,,,,,,,,No,,,,,No,,,,,-,Satisfied,Very Satisfied,Very Satisfied,Very Satisfied,Neutral,Satisfied,Satisfied,Haven't used this service,Dissatisfied,---,Very Satisfied,Very Satisfied,Very Dissatisfied,Satisfied,Haven't used this service,-,Neutral,Neutral,Neutral,Neutral,Very Satisfied,Very Satisfied,Satisfied,Satisfied,Satisfied,Very Satisfied,Satisfied,Satisfied,Very Satisfied,Satisfied,Neutral,Neutral,Satisfied,Neutral,Neutral,Very Satisfied,Neutral,Very Satisfied,Very Satisfied,Very Satisfied,Haven't used this service,Very Satisfied,Very Satisfied,Very Satisfied,No,,,,,,Neutral,Neutral,Neutral,Neutral,Neutral,-,No,,,,,Lack of interest: The engagement activities did not appeal to my personal interes or preferences.,No,,,,,Lack of interest: The engagement activities did not appeal to my personal interes or preferences.,Yes,Very Satisfied,Very Satisfied,Very Satisfied,No,,,,,,Brands Not Attractive Enough: The brands offering discounts or perks don't appeal to my preferences or needs.,-,No,"Lack of Communication: I was not aware of this benefit, so I was unable to participate.",,,,,No,,,,,Lack of Communication: I was not aware of the internal courses available.,-,Neutral,Neutral,Neutral,Neutral,Satisfied,Satisfied,Satisfied,Satisfied,Satisfied,Satisfied,Satisfied,Satisfied,-
168,8/26/2026 8:25,8/26/2026 8:45,anónimo,,Team ALDO - Axel,,,,,,,,,,,,,,,,,,,,,,,,No,,,,,No,,,,,Fair job for the new positions ,Neutral,Very Satisfied,Very Satisfied,Very Satisfied,Very Satisfied,Haven't used this service,Very Satisfied,Very Satisfied,Very Satisfied,"They are very good and always assist on time, the can keep doing a good job.",Very Satisfied,Satisfied,Satisfied,Dissatisfied,Dissatisfied,"The parking lots should be organized based on schedules, sometimes is very difficult to locate he person that is in front and it delays the exit.  ",Satisfied,Dissatisfied,Satisfied,Satisfied,Satisfied,Very Satisfied,Very Satisfied,Very Satisfied,Very Satisfied,Very Satisfied,Very Satisfied,Very Satisfied,Very Satisfied,Very Satisfied,Very Satisfied,Very Satisfied,Very Satisfied,Satisfied,Very Satisfied,Very Satisfied,Very Satisfied,Very Satisfied,Very Satisfied,Very Satisfied,Haven't used this service,Very Satisfied,Haven't used this service,Haven't used this service,Yes,Satisfied,Satisfied,Dissatisfied,Satisfied,1. Organize the parking based on schedules. 2. The filter of the water should be cleaned regularly,Satisfied,Neutral,Satisfied,Haven't used this service,Very Satisfied,I was not receiving my details of the payment and discounts until a few months ago that I escalated with my supervisor. They need to have an order and be transparent i provide all the information,No,,,,,Schedule conflicts: The timing of the activities did not align with my work schedule or personal commitments.;Workload and priorities: I had heavy workloads or pressing deadlines that prevented me from participating.,No,,,,,Lack of interest: The engagement activities did not appeal to my personal interes or preferences.,No,,,,Yes,Satisfied,Satisfied,Satisfied,Satisfied,Satisfied,,the activities after work are a good initiative. ,No,"Lack of Communication: I was not aware of this benefit, so I was unable to participate.",,,,,No,,,,,Lack of Communication: I was not aware of the internal courses available., I was not aware of the internal courses available so maybe more promotion will be good,Haven't used this service,Very Satisfied,Very Satisfied,Very Satisfied,Very Satisfied,Very Satisfied,Very Satisfied,Very Satisfied,Satisfied,Satisfied,Satisfied,Satisfied,"I haven't used HR in the time I have been here, I have no complaints. "
169,8/26/2026 9:07,8/26/2026 9:19,anónimo,,Team ALDO - Axel,,,,,,,,,,,,,,,,,,,,,,,,No,,,,,No,,,,,No ideas,Strongly Dissatisfied,Strongly Dissatisfied,Strongly Dissatisfied,Strongly Dissatisfied,Strongly Dissatisfied,Strongly Dissatisfied,Strongly Dissatisfied,Strongly Dissatisfied,Dissatisfied,No ideas,Very Dissatisfied,Very Dissatisfied,Very Dissatisfied,Very Dissatisfied,Very Dissatisfied,NO,Very Dissatisfied,Very Dissatisfied,Very Dissatisfied,Very Dissatisfied,Very Dissatisfied,Very Dissatisfied,Very Dissatisfied,Very Dissatisfied,Very Dissatisfied,Very Dissatisfied,Very Dissatisfied,Very Dissatisfied,Very Dissatisfied,Very Dissatisfied,Very Dissatisfied,Very Dissatisfied,Very Dissatisfied,Very Dissatisfied,Very Dissatisfied,Very Dissatisfied,Very Dissatisfied,Very Dissatisfied,Very Dissatisfied,Very Dissatisfied,Very Dissatisfied,Very Dissatisfied,Very Dissatisfied,Very Dissatisfied,No,,,,,,Very Dissatisfied,Very Dissatisfied,Very Dissatisfied,Very Dissatisfied,Very Dissatisfied,"No ideas, everything is good so far!",No,,,,,Transportation difficulties:  I had trouble finding reliable transportation during the event.;Schedule conflicts: The timing of the activities did not align with my work schedule or personal commitments.;Lack of interest: The engagement activities did not appeal to my personal interes or preferences.,Yes,Strongly Dissatisfied,Strongly Dissatisfied,Strongly Dissatisfied,Strongly Dissatisfied,,No,,,,No,,,,,,No Immediate Need: I don't have a current need for the products or services offered through the discounts and perks.;Lack of Interest: The discounts and perks do not align with my personal interests or preferences.;Lack of Knowledge: I was unaware of the discounts available with these stakeholders.,NO,No,"Lack of Communication: I was not aware of this benefit, so I was unable to participate.;No Recognition or Incentives: I believe there’s no tangible reward for completing the course.;Lack of Interest: I don’t find the course engaging or relevant to my role.",,,,,No,,,,,"Lack of Interest: I don’t find the course engaging or relevant to my role.;Lack of Communication: I was not aware of the internal courses available.;Work Priorities: My primary responsibilities take precedence, and I don’t have the time or energy to get involved in the courses.",NO,Strongly Dissatisfied,Strongly Dissatisfied,Strongly Dissatisfied,Strongly Dissatisfied,Strongly Dissatisfied,Strongly Dissatisfied,Strongly Dissatisfied,Strongly Dissatisfied,Strongly Dissatisfied,Strongly Dissatisfied,Strongly Dissatisfied,Strongly Dissatisfied,No ideas
170,8/26/2026 8:57,8/26/2026 9:27,anónimo,,Team Creative,,,,,,,,,,,,,,,,,,,,,,,,No,,,,,No,,,,,-,Satisfied,Very Satisfied,Very Satisfied,Very Satisfied,Satisfied,Haven't used this service,Haven't used this service,Haven't used this service,Very Satisfied,-,Very Satisfied,Neutral,Dissatisfied,Dissatisfied,Haven't used this service,"Antes estaba en el grupo, ahora no me pueden meter y dependo de mi teamlead para mandar a decir si pueden mover el carro.",Very Satisfied,Neutral,Dissatisfied,Very Satisfied,Very Satisfied,Very Satisfied,Neutral,Neutral,Neutral,Neutral,Neutral,Very Satisfied,Very Satisfied,Very Satisfied,Neutral,Neutral,Neutral,Very Satisfied,Neutral,Very Satisfied,Neutral,Haven't used this service,Haven't used this service,Haven't used this service,Haven't used this service,Haven't used this service,Haven't used this service,Haven't used this service,No,,,,,,Very Satisfied,Very Satisfied,Very Satisfied,Very Satisfied,Very Satisfied,-,No,,,,,Schedule conflicts: The timing of the activities did not align with my work schedule or personal commitments.;Lack of interest: The engagement activities did not appeal to my personal interes or preferences.,No,,,,,Lack of interest: The engagement activities did not appeal to my personal interes or preferences.;Schedule conflicts: The timing of the activities did not alingn with my work schedule or personal commitments.,Yes,Neutral,Neutral,Neutral,No,,,,,,Forgetfulness: I simply forgot about the available discounts and perks.;No Immediate Need: I don't have a current need for the products or services offered through the discounts and perks.,-,No,Lack of Interest: I don’t find the course engaging or relevant to my role.,,,,,No,,,,,Lack of Interest: I don’t find the course engaging or relevant to my role.,-,Very Satisfied,Very Satisfied,Very Satisfied,Haven't used this service,Very Satisfied,Very Satisfied,Very Satisfied,Haven't used this service,Haven't used this service,Haven't used this service,Haven't used this service,Haven't used this service,-
171,8/26/2026 9:22,8/26/2026 9:43,anónimo,,Team ALDO - Axel,,,,,,,,,,,,,,,,,,,,,,,,No,,,,,No,,,,,N/A,Satisfied,Satisfied,Satisfied,Satisfied,Satisfied,Satisfied,Satisfied,Satisfied,Satisfied,N/A,Satisfied,Satisfied,Satisfied,Satisfied,Haven't used this service,N/A,Satisfied,Satisfied,Satisfied,Satisfied,Satisfied,Neutral,Satisfied,Neutral,Satisfied,Satisfied,Dissatisfied,Very Satisfied,Very Satisfied,Satisfied,Neutral,Neutral,Satisfied,Satisfied,Very Dissatisfied,Very Satisfied,Satisfied,Very Satisfied,Satisfied,Satisfied,Satisfied,Very Satisfied,Very Satisfied,Satisfied,Yes,Satisfied,Satisfied,Satisfied,Neutral,N/A,Satisfied,Satisfied,Satisfied,Dissatisfied,Very Satisfied,N/A,No,,,,,Workload and priorities: I had heavy workloads or pressing deadlines that prevented me from participating.;Lack of interest: The engagement activities did not appeal to my personal interes or preferences.;Schedule conflicts: The timing of the activities did not align with my work schedule or personal commitments.,No,,,,,Lack of Awareness: I was unaware of the engagement activities taking place during this time period.;Lack of interest: The engagement activities did not appeal to my personal interes or preferences.;Schedule conflicts: The timing of the activities did not alingn with my work schedule or personal commitments.,No,,,,No,,,,,,Lack of Knowledge: I was unaware of the discounts available with these stakeholders.;Brands Not Attractive Enough: The brands offering discounts or perks don't appeal to my preferences or needs.,N/A,No,"Work Priorities: My primary responsibilities take precedence, and I don’t have the time or energy to get involved in the courses.;Lack of Interest: I don’t find the course engaging or relevant to my role.;Lack of Communication: I was not aware of this benefit, so I was unable to participate.",,,,,No,,,,,"Work Priorities: My primary responsibilities take precedence, and I don’t have the time or energy to get involved in the courses.;Lack of Communication: I was not aware of the internal courses available.",n/a,Neutral,Neutral,Neutral,Neutral,Neutral,Neutral,Neutral,Neutral,Neutral,Neutral,Neutral,Neutral,na
172,8/26/2026 11:19,8/26/2026 11:22,anónimo,,Team Jorge,,,,,,,,,,,,,,,,,,,,,,,,Yes,Very Satisfied,Very Satisfied,Very Satisfied,Very Satisfied,Yes,Very Satisfied,Very Satisfied,Very Satisfied,Very Satisfied,Everything is good. ,Haven't used this service,Haven't used this service,Haven't used this service,Haven't used this service,Haven't used this service,Haven't used this service,Haven't used this service,Haven't used this service,Haven't used this service,Nothing they helped a lot ,Haven't used this service,Haven't used this service,Haven't used this service,Haven't used this service,Haven't used this service,have more space ,Very Satisfied,Very Satisfied,Very Satisfied,Very Satisfied,Very Satisfied,Very Satisfied,Very Satisfied,Very Satisfied,Very Satisfied,Very Satisfied,Very Satisfied,Very Satisfied,Very Satisfied,Very Satisfied,Very Satisfied,Very Satisfied,Very Satisfied,Very Satisfied,Very Satisfied,Very Satisfied,Very Satisfied,Haven't used this service,Haven't used this service,Haven't used this service,Haven't used this service,Haven't used this service,Haven't used this service,Haven't used this service,No,,,,,,Haven't used this service,Haven't used this service,Haven't used this service,Haven't used this service,Haven't used this service,:),Yes,Very Satisfied,Very Satisfied,Very Satisfied,Very Satisfied,,No,,,,,"Transportation difficulties:  I had trouble finding reliable transportation during the event.""",No,,,,No,,,,,,Brands Not Attractive Enough: The brands offering discounts or perks don't appeal to my preferences or needs.,:),Yes,,Very Satisfied,Very Satisfied,Very Satisfied,Very Satisfied,No,,,,,"Work Priorities: My primary responsibilities take precedence, and I don’t have the time or energy to get involved in the courses.",:),Haven't used this service,Haven't used this service,Haven't used this service,Haven't used this service,Haven't used this service,Haven't used this service,Haven't used this service,Haven't used this service,Haven't used this service,Haven't used this service,Haven't used this service,Haven't used this service,nothing
173,8/26/2026 11:19,8/26/2026 11:29,anónimo,,Team Jorge,,,,,,,,,,,,,,,,,,,,,,,,No,,,,,No,,,,,Shadowing sessions for possible/upcoming positions,Dissatisfied,Very Satisfied,Very Satisfied,Very Satisfied,Neutral,Very Satisfied,Very Satisfied,Very Satisfied,Very Satisfied,Updating common platforms like outlook to have the newest versions or round checkups on equipment to view if ay of them need updating,Very Satisfied,Satisfied,Satisfied,Very Satisfied,Neutral,No,Very Satisfied,Neutral,Very Satisfied,Neutral,Very Satisfied,Very Satisfied,Very Satisfied,Very Satisfied,Very Satisfied,Neutral,Very Satisfied,Very Satisfied,Very Satisfied,Very Satisfied,Very Satisfied,Very Satisfied,Very Satisfied,Very Satisfied,Very Satisfied,Very Satisfied,Very Satisfied,Haven't used this service,Haven't used this service,Haven't used this service,Haven't used this service,Haven't used this service,Haven't used this service,Haven't used this service,No,,,,,,Haven't used this service,Very Satisfied,Haven't used this service,Haven't used this service,Very Satisfied,Envio de planilla antes del deposito del salario,No,,,,,Workload and priorities: I had heavy workloads or pressing deadlines that prevented me from participating.;Transportation difficulties:  I had trouble finding reliable transportation during the event.;Schedule conflicts: The timing of the activities did not align with my work schedule or personal commitments.,No,,,,,"Schedule conflicts: The timing of the activities did not alingn with my work schedule or personal commitments.;Transportation difficulties:  I had trouble finding reliable transportation during the event."";Workload and priorities: I had heavy workloads or pressing deadlines that prevented me from participating.",No,,,,Yes,Very Satisfied,Very Satisfied,Very Satisfied,Very Satisfied,Very Satisfied,,To have an optional digital ID to show at the different restaurants/places when asking for a discount to avoid missing or forgetting physical badge,No,"Work Priorities: My primary responsibilities take precedence, and I don’t have the time or energy to get involved in the courses.",,,,,No,,,,,Lack of Communication: I was not aware of the internal courses available.,Team leads could also share any enrollment for new activities information in case they get missed in outlook,Haven't used this service,Haven't used this service,Haven't used this service,Haven't used this service,Haven't used this service,Haven't used this service,Haven't used this service,Haven't used this service,Haven't used this service,Haven't used this service,Haven't used this service,Haven't used this service,N/A
174,8/26/2026 11:23,8/26/2026 11:33,anónimo,,Team Jorge,,,,,,,,,,,,,,,,,,,,,,,,No,,,,,No,,,,,not any ideas atm,Neutral,Very Satisfied,Very Satisfied,Very Satisfied,Neutral,Satisfied,Satisfied,Satisfied,Satisfied,not atm,Very Satisfied,Very Satisfied,Neutral,Very Dissatisfied,Neutral,not atm,Satisfied,Very Dissatisfied,Satisfied,Very Dissatisfied,Satisfied,Neutral,Neutral,Neutral,Neutral,Neutral,Neutral,Satisfied,Satisfied,Satisfied,Neutral,Neutral,Neutral,Satisfied,Very Satisfied,Very Satisfied,Very Satisfied,Very Dissatisfied,Satisfied,Very Satisfied,Very Satisfied,Very Satisfied,Very Satisfied,Very Satisfied,No,,,,,,Neutral,Neutral,Neutral,Neutral,Neutral,Cuando es holiday y son varios dias solo ponen holiday y un monto total. Deberias para mejor visualizacion del dato poner cuantos dias son de holiday a pesar de que ya hay dias trabajados en la quinchena,No,,,,,Schedule conflicts: The timing of the activities did not align with my work schedule or personal commitments.;Lack of interest: The engagement activities did not appeal to my personal interes or preferences.,No,,,,,Lack of Awareness: I was unaware of the engagement activities taking place during this time period.;Schedule conflicts: The timing of the activities did not alingn with my work schedule or personal commitments.;Lack of interest: The engagement activities did not appeal to my personal interes or preferences.,No,,,,No,,,,,,Lack of Knowledge: I was unaware of the discounts available with these stakeholders.;Lack of Interest: The discounts and perks do not align with my personal interests or preferences.;Forgetfulness: I simply forgot about the available discounts and perks.,not atm,No,"Lack of Interest: I don’t find the course engaging or relevant to my role.;No Recognition or Incentives: I believe there’s no tangible reward for completing the course.;Lack of Communication: I was not aware of this benefit, so I was unable to participate.",,,,,No,,,,,Lack of Interest: I don’t find the course engaging or relevant to my role.;Lack of Communication: I was not aware of the internal courses available.,not atm,Neutral,Neutral,Neutral,Neutral,Neutral,Neutral,Neutral,Neutral,Neutral,Neutral,Neutral,Neutral,not atm
175,8/26/2026 11:23,8/26/2026 11:37,anónimo,,Team Jorge,,,,,,,,,,,,,,,,,,,,,,,,No,,,,,No,,,,,Referral bonus,Strongly Dissatisfied,Haven't used this service,Haven't used this service,Haven't used this service,Haven't used this service,Haven't used this service,Haven't used this service,Haven't used this service,Haven't used this service,Continue answering fast,Very Satisfied,Very Satisfied,Neutral,Very Satisfied,Dissatisfied,No,Satisfied,Satisfied,Satisfied,Satisfied,Satisfied,Satisfied,Satisfied,Satisfied,Satisfied,Satisfied,Satisfied,Satisfied,Satisfied,Satisfied,Satisfied,Satisfied,Satisfied,Satisfied,Satisfied,Satisfied,Satisfied,Very Dissatisfied,Very Satisfied,Very Satisfied,Very Satisfied,Very Satisfied,Very Satisfied,Very Satisfied,No,,,,,,Very Satisfied,Very Satisfied,Very Satisfied,Very Satisfied,Very Satisfied,continue sending the payroll to the uam email,Yes,Satisfied,Satisfied,Satisfied,Satisfied,,No,,,,,Schedule conflicts: The timing of the activities did not alingn with my work schedule or personal commitments.,No,,,,No,,,,,,No Immediate Need: I don't have a current need for the products or services offered through the discounts and perks.,s,No,"Work Priorities: My primary responsibilities take precedence, and I don’t have the time or energy to get involved in the courses.;Lack of Interest: I don’t find the course engaging or relevant to my role.",,,,,No,,,,,"Work Priorities: My primary responsibilities take precedence, and I don’t have the time or energy to get involved in the courses.",s,Haven't used this service,Haven't used this service,Haven't used this service,Haven't used this service,Haven't used this service,Haven't used this service,Haven't used this service,Haven't used this service,Haven't used this service,Haven't used this service,Haven't used this service,Haven't used this service,s
176,8/26/2026 11:26,8/26/2026 12:21,anónimo,,Team Jorge,,,,,,,,,,,,,,,,,,,,,,,,No,,,,,No,,,,,look for people in new positions inside the company,Satisfied,Very Satisfied,Neutral,Very Satisfied,Satisfied,Very Satisfied,Satisfied,Satisfied,Very Satisfied,do a computer revision every couple of months for each to make sure everything is running smoothly,Haven't used this service,Haven't used this service,Haven't used this service,Haven't used this service,Haven't used this service,no,Neutral,Dissatisfied,Satisfied,Very Satisfied,Very Satisfied,Very Satisfied,Satisfied,Satisfied,Satisfied,Very Satisfied,Very Satisfied,Satisfied,Satisfied,Neutral,Satisfied,Very Satisfied,Satisfied,Very Satisfied,Neutral,Very Satisfied,Very Satisfied,Neutral,Satisfied,Very Satisfied,Haven't used this service,Very Satisfied,Very Satisfied,Very Satisfied,No,,,,,,Very Satisfied,Very Satisfied,Satisfied,Very Satisfied,Very Satisfied,everything is good ,No,,,,,Schedule conflicts: The timing of the activities did not align with my work schedule or personal commitments.;Transportation difficulties:  I had trouble finding reliable transportation during the event.;Workload and priorities: I had heavy workloads or pressing deadlines that prevented me from participating.,Yes,Very Satisfied,Satisfied,Very Satisfied,Satisfied,,No,,,,No,,,,,,Brands Not Attractive Enough: The brands offering discounts or perks don't appeal to my preferences or needs.;No Immediate Need: I don't have a current need for the products or services offered through the discounts and perks.;Forgetfulness: I simply forgot about the available discounts and perks.,everything is good ,No,"Work Priorities: My primary responsibilities take precedence, and I don’t have the time or energy to get involved in the courses.;No Recognition or Incentives: I believe there’s no tangible reward for completing the course.;Lack of Communication: I was not aware of this benefit, so I was unable to participate.",,,,,No,,,,,"Work Priorities: My primary responsibilities take precedence, and I don’t have the time or energy to get involved in the courses.;Lack of Interest: I don’t find the course engaging or relevant to my role.",make the courses more attractive? ,Haven't used this service,Haven't used this service,Haven't used this service,Haven't used this service,Very Satisfied,Very Satisfied,Neutral,Satisfied,Satisfied,Very Satisfied,Very Satisfied,Very Satisfied,sometimes we have emergency things that show up and not making available an option to put a comp day in less than two weeks can be frustrating 
177,8/26/2026 12:04,8/26/2026 12:25,anónimo,,Team Creative,,,,,,,,,,,,,,,,,,,,,,,,No,,,,,No,,,,,-,Satisfied,Satisfied,Satisfied,Satisfied,Neutral,Satisfied,Satisfied,Satisfied,Satisfied,-,Very Satisfied,Neutral,Neutral,Dissatisfied,Dissatisfied,The system in place for managing cars that need to be moved is not effective,Neutral,Neutral,Neutral,Dissatisfied,Satisfied,Very Satisfied,Very Satisfied,Very Satisfied,Very Satisfied,Very Satisfied,Very Satisfied,Neutral,Neutral,Neutral,Satisfied,Satisfied,Neutral,Satisfied,Very Dissatisfied,Satisfied,Neutral,Satisfied,Satisfied,Satisfied,Haven't used this service,Dissatisfied,Satisfied,Haven't used this service,No,,,,,,Satisfied,Satisfied,Satisfied,Satisfied,Satisfied,-,No,,,,,Schedule conflicts: The timing of the activities did not align with my work schedule or personal commitments.;Lack of interest: The engagement activities did not appeal to my personal interes or preferences.,No,,,,,Schedule conflicts: The timing of the activities did not alingn with my work schedule or personal commitments.;Workload and priorities: I had heavy workloads or pressing deadlines that prevented me from participating.;Lack of interest: The engagement activities did not appeal to my personal interes or preferences.,Yes,Satisfied,Satisfied,Satisfied,No,,,,,,Forgetfulness: I simply forgot about the available discounts and perks.;Lack of Knowledge: I was unaware of the discounts available with these stakeholders.,-,No,Lack of Interest: I don’t find the course engaging or relevant to my role.,,,,,No,,,,,Lack of Interest: I don’t find the course engaging or relevant to my role.,-,Dissatisfied,Dissatisfied,Neutral,Haven't used this service,Satisfied,Satisfied,Satisfied,Satisfied,Satisfied,Satisfied,Satisfied,Satisfied,-
178,8/26/2026 13:02,8/26/2026 13:11,anónimo,,Team Jorge,,,,,,,,,,,,,,,,,,,,,,,,No,,,,,Yes,Satisfied,Satisfied,Satisfied,Satisfied,Keep clear communication with new referrals and improve response time.,Very Satisfied,Haven't used this service,Very Satisfied,Haven't used this service,Very Satisfied,Haven't used this service,Very Satisfied,Haven't used this service,Very Satisfied,"No comment. Haven't reach IT for technical issues, yet.",Very Satisfied,Neutral,Neutral,Very Satisfied,Very Satisfied,"A clear sign for which parking spots are ""Reserved"" and which one are used for team members who have hybrid work",Very Satisfied,Very Satisfied,Very Satisfied,Very Satisfied,Very Satisfied,Very Satisfied,Very Satisfied,Very Satisfied,Very Satisfied,Neutral,Very Satisfied,Very Satisfied,Neutral,Very Satisfied,Very Satisfied,Very Satisfied,Satisfied,Neutral,Neutral,Very Satisfied,Very Satisfied,Haven't used this service,Haven't used this service,Haven't used this service,Haven't used this service,Haven't used this service,Haven't used this service,Haven't used this service,No,,,,,,Satisfied,Very Satisfied,Satisfied,Very Satisfied,Very Satisfied,Great work with this communication,No,,,,,Schedule conflicts: The timing of the activities did not align with my work schedule or personal commitments.;Lack of interest: The engagement activities did not appeal to my personal interes or preferences.;Workload and priorities: I had heavy workloads or pressing deadlines that prevented me from participating.,Yes,Very Satisfied,Satisfied,Very Satisfied,Very Satisfied,,No,,,,No,,,,,,Lack of Knowledge: I was unaware of the discounts available with these stakeholders.;Brands Not Attractive Enough: The brands offering discounts or perks don't appeal to my preferences or needs.;No Immediate Need: I don't have a current need for the products or services offered through the discounts and perks.,More team activities,No,"Lack of Communication: I was not aware of this benefit, so I was unable to participate.;Lack of Interest: I don’t find the course engaging or relevant to my role.;Work Priorities: My primary responsibilities take precedence, and I don’t have the time or energy to get involved in the courses.",,,,,No,,,,,"Lack of Interest: I don’t find the course engaging or relevant to my role.;Work Priorities: My primary responsibilities take precedence, and I don’t have the time or energy to get involved in the courses.;Lack of Communication: I was not aware of the internal courses available.",Create more Learning activities with clear communication.,Neutral,Neutral,Neutral,Very Satisfied,Very Satisfied,Very Satisfied,Very Satisfied,Very Satisfied,Very Satisfied,Very Satisfied,Very Satisfied,Very Satisfied,Quicker response for certificates
179,8/26/2026 13:58,8/26/2026 14:21,anónimo,,Management - Finance,No,,,,,,,,,,,,,,,,,,,,,,,,,,,,,,,,,,Very Satisfied,Satisfied,Satisfied,Satisfied,Very Satisfied,Very Satisfied,Very Satisfied,Very Satisfied,Satisfied,Seguir con la buena atención al cliente,Very Satisfied,Very Satisfied,Very Satisfied,Very Satisfied,Satisfied,ninguna,Satisfied,Satisfied,Very Satisfied,Very Satisfied,Very Satisfied,Very Satisfied,Very Satisfied,Very Satisfied,Very Satisfied,Very Satisfied,Very Satisfied,Very Satisfied,Very Satisfied,Very Satisfied,Very Satisfied,Very Satisfied,Very Satisfied,Very Satisfied,Very Satisfied,Very Satisfied,Very Satisfied,Haven't used this service,Haven't used this service,Haven't used this service,Very Satisfied,Haven't used this service,Haven't used this service,Haven't used this service,No,,,,,,Very Satisfied,Very Satisfied,Very Satisfied,Very Satisfied,Very Satisfied,continuar con el servicio de cliente actual,No,,,,,Lack of interest: The engagement activities did not appeal to my personal interes or preferences.;Workload and priorities: I had heavy workloads or pressing deadlines that prevented me from participating.;Schedule conflicts: The timing of the activities did not align with my work schedule or personal commitments.,No,,,,,Schedule conflicts: The timing of the activities did not alingn with my work schedule or personal commitments.;Workload and priorities: I had heavy workloads or pressing deadlines that prevented me from participating.;Lack of interest: The engagement activities did not appeal to my personal interes or preferences.,Yes,Very Satisfied,Very Satisfied,Very Satisfied,No,,,,,,Lack of Interest: The discounts and perks do not align with my personal interests or preferences.;No Immediate Need: I don't have a current need for the products or services offered through the discounts and perks.;Forgetfulness: I simply forgot about the available discounts and perks.,solo agregar beneficio con llaollao por lo demás siempre lo gestionan muy bien,No,"Work Priorities: My primary responsibilities take precedence, and I don’t have the time or energy to get involved in the courses.;Lack of Interest: I don’t find the course engaging or relevant to my role.;Lack of Communication: I was not aware of this benefit, so I was unable to participate.",,,,,Yes,Satisfied,Satisfied,Satisfied,Satisfied,,dar visibilidad sobre los cursos de INCAF,Very Satisfied,Very Satisfied,Very Satisfied,Very Satisfied,Very Satisfied,Very Satisfied,Very Satisfied,Very Satisfied,Neutral,Neutral,Neutral,Neutral,ninguna idea que aportar
180,8/26/2026 14:06,8/26/2026 14:46,anónimo,,Management - Commercial,Yes,Very Satisfied,Very Satisfied,Very Satisfied,Very Satisfied,Haven't used this service,Haven't used this service,Haven't used this service,Haven't used this service,Satisfied,Satisfied,Satisfied,Satisfied,Satisfied,Satisfied,Satisfied,Satisfied,Satisfied,,,,,,No,,,,,No,,,,,Start sourcing talent on different platforms to extend the search. ,Haven't used this service,Haven't used this service,Haven't used this service,Haven't used this service,Haven't used this service,Haven't used this service,Haven't used this service,Haven't used this service,Haven't used this service,Continue doing a great job at responsiveness and effectiveness,Very Satisfied,Very Satisfied,Satisfied,Satisfied,Neutral,Reinforce rules with team,Satisfied,Satisfied,Satisfied,Neutral,Satisfied,Satisfied,Satisfied,Satisfied,Satisfied,Satisfied,Very Satisfied,Satisfied,Satisfied,Neutral,Satisfied,Satisfied,Satisfied,Satisfied,Very Satisfied,Very Satisfied,Satisfied,Haven't used this service,Haven't used this service,Haven't used this service,Haven't used this service,Haven't used this service,Haven't used this service,Haven't used this service,No,,,,,,Satisfied,Haven't used this service,Haven't used this service,Haven't used this service,Very Satisfied,Continue transparency,No,,,,,Schedule conflicts: The timing of the activities did not align with my work schedule or personal commitments.,No,,,,,Schedule conflicts: The timing of the activities did not alingn with my work schedule or personal commitments.,No,,,,No,,,,,,No Immediate Need: I don't have a current need for the products or services offered through the discounts and perks.,Continue with new partnerships in wellness and health,No,"Work Priorities: My primary responsibilities take precedence, and I don’t have the time or energy to get involved in the courses.",,,,,No,,,,,"Work Priorities: My primary responsibilities take precedence, and I don’t have the time or energy to get involved in the courses.",Continue looking for spaces where we can learn,Haven't used this service,Haven't used this service,Haven't used this service,Haven't used this service,Very Satisfied,Very Satisfied,Very Satisfied,Satisfied,Haven't used this service,Haven't used this service,Haven't used this service,Haven't used this service,Continue with effective communication
181,8/26/2026 14:08,8/26/2026 15:00,anónimo,,Management - Ops,Yes,Satisfied,Satisfied,Satisfied,Very Satisfied,Very Satisfied,Haven't used this service,Very Satisfied,Very Satisfied,Very Satisfied,Very Satisfied,Very Satisfied,Very Satisfied,Very Satisfied,Very Satisfied,Very Satisfied,Very Satisfied,Very Satisfied,,,,,,No,,,,,No,,,,,NA,Satisfied,Haven't used this service,Very Satisfied,Very Satisfied,Very Satisfied,Very Satisfied,Very Satisfied,Very Satisfied,Very Satisfied,NA,Very Satisfied,Satisfied,Neutral,Neutral,Satisfied,NA,Satisfied,Satisfied,Satisfied,Satisfied,Satisfied,Very Satisfied,Very Satisfied,Very Satisfied,Very Satisfied,Very Satisfied,Very Satisfied,Very Satisfied,Very Satisfied,Very Satisfied,Very Satisfied,Very Satisfied,Very Satisfied,Very Satisfied,Very Satisfied,Very Satisfied,Very Satisfied,Very Satisfied,Very Satisfied,Very Satisfied,Very Satisfied,Very Satisfied,Very Satisfied,Very Satisfied,No,,,,,,Very Satisfied,Very Satisfied,Very Satisfied,Very Satisfied,Very Satisfied,na,No,,,,,Lack of Awareness: I was unaware of the engagement activities taking place during this time period.;Schedule conflicts: The timing of the activities did not align with my work schedule or personal commitments.;Workload and priorities: I had heavy workloads or pressing deadlines that prevented me from participating.,No,,,,,Lack of Awareness: I was unaware of the engagement activities taking place during this time period.;Schedule conflicts: The timing of the activities did not alingn with my work schedule or personal commitments.;Workload and priorities: I had heavy workloads or pressing deadlines that prevented me from participating.,No,,,,No,,,,,,Lack of Knowledge: I was unaware of the discounts available with these stakeholders.;Lack of Interest: The discounts and perks do not align with my personal interests or preferences.;No Immediate Need: I don't have a current need for the products or services offered through the discounts and perks.,na,No,"No Recognition or Incentives: I believe there’s no tangible reward for completing the course.;Lack of Communication: I was not aware of this benefit, so I was unable to participate.;Work Priorities: My primary responsibilities take precedence, and I don’t have the time or energy to get involved in the courses.",,,,,Yes,Satisfied,Neutral,Neutral,Neutral,,na,Haven't used this service,Haven't used this service,Haven't used this service,Haven't used this service,Very Satisfied,Very Satisfied,Very Satisfied,Very Satisfied,Haven't used this service,Haven't used this service,Haven't used this service,Haven't used this service,na
182,8/26/2026 14:36,8/26/2026 15:04,anónimo,,Management - Finance,No,,,,,,,,,,,,,,,,,,,,,,,,,,,,,,,,,,Very Satisfied,Very Satisfied,Very Satisfied,Very Satisfied,Very Satisfied,Very Satisfied,Very Satisfied,Very Satisfied,Very Satisfied,The team should continue the excellent overall customer service,Very Satisfied,Very Satisfied,Very Satisfied,Satisfied,Satisfied,N/A,Neutral,Neutral,Satisfied,Satisfied,Satisfied,Very Satisfied,Very Satisfied,Very Satisfied,Very Satisfied,Very Satisfied,Very Satisfied,Very Satisfied,Very Satisfied,Very Satisfied,Very Satisfied,Very Satisfied,Very Satisfied,Very Satisfied,Very Satisfied,Very Satisfied,Very Satisfied,Satisfied,Very Satisfied,Very Satisfied,Very Satisfied,Very Satisfied,Very Satisfied,Very Satisfied,No,,,,,,Very Satisfied,Very Satisfied,Very Satisfied,Very Satisfied,Very Satisfied,N/A,No,,,,,Workload and priorities: I had heavy workloads or pressing deadlines that prevented me from participating.;Schedule conflicts: The timing of the activities did not align with my work schedule or personal commitments.,Yes,Satisfied,Satisfied,Satisfied,Satisfied,,No,,,,No,,,,,,No Immediate Need: I don't have a current need for the products or services offered through the discounts and perks.;Forgetfulness: I simply forgot about the available discounts and perks.,N/A,No,"Work Priorities: My primary responsibilities take precedence, and I don’t have the time or energy to get involved in the courses.",,,,,No,,,,,"Work Priorities: My primary responsibilities take precedence, and I don’t have the time or energy to get involved in the courses.",N/A,Haven't used this service,Haven't used this service,Haven't used this service,Haven't used this service,Very Satisfied,Very Satisfied,Very Satisfied,Very Satisfied,Haven't used this service,Haven't used this service,Haven't used this service,Haven't used this service,N/A
183,8/26/2026 15:01,8/26/2026 15:07,anónimo,,Team Benjamin,,,,,,,,,,,,,,,,,,,,,,,,Yes,Satisfied,Satisfied,Satisfied,Satisfied,No,,,,,Nothing comes to my mind,Strongly Dissatisfied,Strongly Dissatisfied,Neutral,Very Satisfied,Neutral,Satisfied,Very Satisfied,Very Satisfied,Very Satisfied,Better equipment,Very Satisfied,Very Satisfied,Very Satisfied,Very Satisfied,Very Satisfied,No,Very Satisfied,Very Satisfied,Very Satisfied,Very Satisfied,Very Satisfied,Very Satisfied,Very Satisfied,Very Satisfied,Very Satisfied,Very Satisfied,Very Satisfied,Very Satisfied,Very Satisfied,Very Satisfied,Very Satisfied,Very Satisfied,Very Satisfied,Very Satisfied,Very Satisfied,Very Satisfied,Very Satisfied,Very Satisfied,Very Satisfied,Very Satisfied,Very Satisfied,Very Satisfied,Very Satisfied,Very Satisfied,No,,,,,,Very Satisfied,Very Satisfied,Very Satisfied,Very Satisfied,Very Satisfied,Nothing,No,,,,,Schedule conflicts: The timing of the activities did not align with my work schedule or personal commitments.;Lack of interest: The engagement activities did not appeal to my personal interes or preferences.;Workload and priorities: I had heavy workloads or pressing deadlines that prevented me from participating.,Yes,Very Satisfied,Satisfied,Very Satisfied,Very Satisfied,,No,,,,No,,,,,,No Immediate Need: I don't have a current need for the products or services offered through the discounts and perks.;Forgetfulness: I simply forgot about the available discounts and perks.;Lack of Interest: The discounts and perks do not align with my personal interests or preferences.,Nothing,Yes,,Very Satisfied,Very Satisfied,Very Satisfied,Very Satisfied,Yes,Very Satisfied,Very Satisfied,Very Satisfied,Very Satisfied,,Nothing,Very Satisfied,Very Satisfied,Very Satisfied,Very Satisfied,Very Satisfied,Very Satisfied,Very Satisfied,Very Satisfied,Very Satisfied,Very Satisfied,Very Satisfied,Very Satisfied,Nothing
184,8/26/2026 14:58,8/26/2026 15:09,anónimo,,Team Benjamin,,,,,,,,,,,,,,,,,,,,,,,,No,,,,,No,,,,,continue ,Neutral,Dissatisfied,Neutral,Satisfied,Very Satisfied,Neutral,Neutral,Satisfied,Satisfied,continue ,Dissatisfied,Very Satisfied,Dissatisfied,Dissatisfied,Satisfied,change location or provide more spots for the team,Very Satisfied,Neutral,Very Satisfied,Dissatisfied,Very Satisfied,Very Satisfied,Dissatisfied,Satisfied,Satisfied,Satisfied,Very Satisfied,Satisfied,Satisfied,Satisfied,Satisfied,Very Satisfied,Satisfied,Very Satisfied,Very Satisfied,Very Satisfied,Very Satisfied,Satisfied,Satisfied,Very Satisfied,Haven't used this service,Very Satisfied,Satisfied,Neutral,No,,,,,,Very Satisfied,Satisfied,Satisfied,Satisfied,Very Satisfied,continue ,No,,,,,Schedule conflicts: The timing of the activities did not align with my work schedule or personal commitments.;Workload and priorities: I had heavy workloads or pressing deadlines that prevented me from participating.;Lack of interest: The engagement activities did not appeal to my personal interes or preferences.,No,,,,,Lack of interest: The engagement activities did not appeal to my personal interes or preferences.;Workload and priorities: I had heavy workloads or pressing deadlines that prevented me from participating.;Schedule conflicts: The timing of the activities did not alingn with my work schedule or personal commitments.,Yes,Satisfied,Satisfied,Satisfied,No,,,,,,Lack of Knowledge: I was unaware of the discounts available with these stakeholders.;Forgetfulness: I simply forgot about the available discounts and perks.,/,No,"Work Priorities: My primary responsibilities take precedence, and I don’t have the time or energy to get involved in the courses.;No Recognition or Incentives: I believe there’s no tangible reward for completing the course.;Lack of Interest: I don’t find the course engaging or relevant to my role.",,,,,Yes,Satisfied,Satisfied,Satisfied,Satisfied,,.,Satisfied,Satisfied,Satisfied,Satisfied,Satisfied,Satisfied,Dissatisfied,Dissatisfied,Haven't used this service,Haven't used this service,Haven't used this service,Haven't used this service,Speed up processes
185,8/26/2026 15:18,8/26/2026 15:25,anónimo,,Team Benjamin,,,,,,,,,,,,,,,,,,,,,,,,No,,,,,No,,,,,NA,Satisfied,Neutral,Haven't used this service,Haven't used this service,Satisfied,Neutral,Neutral,Neutral,Neutral,NA,Haven't used this service,Haven't used this service,Haven't used this service,Haven't used this service,Haven't used this service,NA,Neutral,Neutral,Satisfied,Satisfied,Very Satisfied,Very Satisfied,Neutral,Neutral,Satisfied,Satisfied,Satisfied,Satisfied,Satisfied,Satisfied,Satisfied,Satisfied,Satisfied,Satisfied,Satisfied,Very Satisfied,Satisfied,Neutral,Neutral,Satisfied,Neutral,Neutral,Neutral,Neutral,No,,,,,,Neutral,Satisfied,Neutral,Neutral,Satisfied,NA,No,,,,,Schedule conflicts: The timing of the activities did not align with my work schedule or personal commitments.;Transportation difficulties:  I had trouble finding reliable transportation during the event.;Workload and priorities: I had heavy workloads or pressing deadlines that prevented me from participating.,Yes,Neutral,Satisfied,Satisfied,Satisfied,,No,,,,Yes,Satisfied,Satisfied,Satisfied,Satisfied,Satisfied,,NA,No,"Work Priorities: My primary responsibilities take precedence, and I don’t have the time or energy to get involved in the courses.;Lack of Communication: I was not aware of this benefit, so I was unable to participate.;No Recognition or Incentives: I believe there’s no tangible reward for completing the course.",,,,,No,,,,,"Lack of Communication: I was not aware of the internal courses available.;Work Priorities: My primary responsibilities take precedence, and I don’t have the time or energy to get involved in the courses.",NA,Haven't used this service,Haven't used this service,Haven't used this service,Haven't used this service,Haven't used this service,Haven't used this service,Haven't used this service,Haven't used this service,Haven't used this service,Haven't used this service,Haven't used this service,Haven't used this service,NA
186,8/26/2026 15:13,8/26/2026 15:37,anónimo,,Management - Ops,No,,,,,,,,,,,,,,,,,,,,,,,,,,,,,,,,,,Satisfied,Satisfied,Neutral,Very Satisfied,Neutral,Satisfied,Neutral,Satisfied,Satisfied,"Continue doing your best effort possible and providing your services with creativity and good attitude | Start being more explicative with the solutions or processes you need to perform to solve an issue, so people can understand better",Satisfied,Satisfied,Satisfied,Satisfied,Neutral,Electric chargers in general for a couple of parking spaces in the Colabora building?,Neutral,Dissatisfied,Satisfied,Satisfied,Satisfied,Satisfied,Neutral,Satisfied,Neutral,Satisfied,Satisfied,Satisfied,Satisfied,Satisfied,Satisfied,Satisfied,Neutral,Satisfied,Neutral,Satisfied,Satisfied,Dissatisfied,Dissatisfied,Dissatisfied,Neutral,Satisfied,Dissatisfied,Dissatisfied,No,,,,,,Satisfied,Satisfied,Neutral,Very Satisfied,Satisfied,Start having more detailed explanations about the renta letters from the beginning | Continue providing a great deal of help when needed,Yes,Satisfied,Satisfied,Satisfied,Satisfied,,Yes,Satisfied,Satisfied,Satisfied,Satisfied,,Yes,Satisfied,Satisfied,Satisfied,No,,,,,,No Immediate Need: I don't have a current need for the products or services offered through the discounts and perks.;Forgetfulness: I simply forgot about the available discounts and perks.,Continue doing your best effort with the available resources to provide a great experience to the operation overall | Start delegating if possible since sometimes the load is too heavy and things are overlooked or forgotten,No,"Work Priorities: My primary responsibilities take precedence, and I don’t have the time or energy to get involved in the courses.",,,,,Yes,Satisfied,Neutral,Satisfied,Neutral,,Start looking for different alternatives on courses for the operation since the existing tools fall short in the amount of people can hold at a certain time and the variety and interest of the courses available,Satisfied,Neutral,Satisfied,Satisfied,Satisfied,Satisfied,Satisfied,Satisfied,Satisfied,Satisfied,Satisfied,Satisfied,Continue to provide the services you help us with a nice attitude and always looking for ways to solve the issues at hand | Start building or improving processes in order to avoid pitfalls in which the communication can stop and things to go wrong
187,8/26/2026 14:57,8/26/2026 15:38,anónimo,,Team Benjamin,,,,,,,,,,,,,,,,,,,,,,,,No,,,,,No,,,,,N/A,Satisfied,Dissatisfied,Dissatisfied,Neutral,Satisfied,Neutral,Neutral,Neutral,Satisfied,Ask for more question and really care for other people issues,Very Satisfied,Very Satisfied,Dissatisfied,Dissatisfied,Very Dissatisfied,Have a list of people that is parked and to what teams belong on the main entrance so we know who we need to ask for,Satisfied,Satisfied,Satisfied,Satisfied,Satisfied,Satisfied,Satisfied,Satisfied,Satisfied,Satisfied,Satisfied,Very Satisfied,Very Satisfied,Very Satisfied,Very Satisfied,Very Satisfied,Very Satisfied,Very Satisfied,Very Satisfied,Very Satisfied,Very Satisfied,Satisfied,Satisfied,Satisfied,Satisfied,Satisfied,Satisfied,Satisfied,No,,,,,,Satisfied,Satisfied,Satisfied,Satisfied,Satisfied,N/A,No,,,,,Schedule conflicts: The timing of the activities did not align with my work schedule or personal commitments.;Workload and priorities: I had heavy workloads or pressing deadlines that prevented me from participating.;Lack of interest: The engagement activities did not appeal to my personal interes or preferences.,Yes,Satisfied,Satisfied,Satisfied,Satisfied,,Yes,Very Satisfied,Very Satisfied,Very Satisfied,No,,,,,,Brands Not Attractive Enough: The brands offering discounts or perks don't appeal to my preferences or needs.;No Immediate Need: I don't have a current need for the products or services offered through the discounts and perks.,N/A,No,Lack of Interest: I don’t find the course engaging or relevant to my role.,,,,,No,,,,,"Lack of Interest: I don’t find the course engaging or relevant to my role.;Work Priorities: My primary responsibilities take precedence, and I don’t have the time or energy to get involved in the courses.",N/A,Satisfied,Satisfied,Satisfied,Satisfied,Satisfied,Satisfied,Satisfied,Satisfied,Satisfied,Satisfied,Satisfied,Satisfied,N/A
188,8/26/2026 16:01,8/26/2026 16:08,anónimo,,Team Jocelyn,,,,,,,,,,,,,,,,,,,,,,,,No,,,,,No,,,,,continue to consider promising prospects despite little experience,Neutral,Dissatisfied,Dissatisfied,Dissatisfied,Neutral,Neutral,Neutral,Neutral,Neutral,improve their response time ,Satisfied,Satisfied,Satisfied,Satisfied,Dissatisfied,no,Neutral,Satisfied,Satisfied,Satisfied,Satisfied,Satisfied,Satisfied,Satisfied,Satisfied,Satisfied,Satisfied,Neutral,Neutral,Neutral,Neutral,Neutral,Neutral,Neutral,Neutral,Neutral,Neutral,Neutral,Neutral,Neutral,Neutral,Neutral,Neutral,Neutral,No,,,,,,Neutral,Neutral,Neutral,Neutral,Neutral,n/a,No,,,,,Lack of interest: The engagement activities did not appeal to my personal interes or preferences.,No,,,,,Lack of interest: The engagement activities did not appeal to my personal interes or preferences.,Yes,Satisfied,Dissatisfied,Neutral,No,,,,,,Lack of Interest: The discounts and perks do not align with my personal interests or preferences.,n/a,No,"Work Priorities: My primary responsibilities take precedence, and I don’t have the time or energy to get involved in the courses.",,,,,No,,,,,"Work Priorities: My primary responsibilities take precedence, and I don’t have the time or energy to get involved in the courses.",n/a,Neutral,Neutral,Neutral,Neutral,Neutral,Neutral,Neutral,Neutral,Neutral,Neutral,Neutral,Neutral,n/a
189,8/26/2026 16:22,8/26/2026 16:26,anónimo,,Team Vilma,,,,,,,,,,,,,,,,,,,,,,,,No,,,,,No,,,,,.,Dissatisfied,Neutral,Neutral,Neutral,Dissatisfied,Neutral,Neutral,Neutral,Neutral,.,Haven't used this service,Haven't used this service,Haven't used this service,Haven't used this service,Haven't used this service,.,Very Satisfied,Very Satisfied,Very Satisfied,Very Satisfied,Very Satisfied,Very Satisfied,Very Satisfied,Very Satisfied,Very Satisfied,Very Satisfied,Very Satisfied,Very Satisfied,Very Satisfied,Very Satisfied,Very Satisfied,Very Satisfied,Very Satisfied,Very Satisfied,Very Satisfied,Very Satisfied,Very Satisfied,Haven't used this service,Haven't used this service,Haven't used this service,Haven't used this service,Haven't used this service,Haven't used this service,Haven't used this service,No,,,,,,Haven't used this service,Haven't used this service,Haven't used this service,Haven't used this service,Haven't used this service,.,No,,,,,Schedule conflicts: The timing of the activities did not align with my work schedule or personal commitments.,No,,,,,Schedule conflicts: The timing of the activities did not alingn with my work schedule or personal commitments.,No,,,,No,,,,,,Lack of Knowledge: I was unaware of the discounts available with these stakeholders.,.,No,"Work Priorities: My primary responsibilities take precedence, and I don’t have the time or energy to get involved in the courses.",,,,,No,,,,,"Work Priorities: My primary responsibilities take precedence, and I don’t have the time or energy to get involved in the courses.",.,Strongly Dissatisfied,Strongly Dissatisfied,Strongly Dissatisfied,Neutral,Haven't used this service,Haven't used this service,Haven't used this service,Haven't used this service,Haven't used this service,Haven't used this service,Haven't used this service,Haven't used this service,.
190,8/26/2026 16:45,8/26/2026 16:52,anónimo,,Team Jocelyn,,,,,,,,,,,,,,,,,,,,,,,,No,,,,,No,,,,,na,Neutral,Satisfied,Satisfied,Haven't used this service,Neutral,Neutral,Neutral,Haven't used this service,Dissatisfied,na,Neutral,Dissatisfied,Very Dissatisfied,Very Dissatisfied,Neutral,na,Satisfied,Dissatisfied,Neutral,Very Dissatisfied,Neutral,Neutral,Neutral,Neutral,Neutral,Neutral,Neutral,Satisfied,Satisfied,Very Dissatisfied,Neutral,Neutral,Neutral,Neutral,Satisfied,Satisfied,Neutral,Neutral,Neutral,Neutral,Neutral,Neutral,Neutral,Neutral,No,,,,,,Haven't used this service,Haven't used this service,Haven't used this service,Haven't used this service,Satisfied,na,No,,,,,Schedule conflicts: The timing of the activities did not align with my work schedule or personal commitments.;Transportation difficulties:  I had trouble finding reliable transportation during the event.;Lack of interest: The engagement activities did not appeal to my personal interes or preferences.,No,,,,,Schedule conflicts: The timing of the activities did not alingn with my work schedule or personal commitments.;Lack of interest: The engagement activities did not appeal to my personal interes or preferences.;Workload and priorities: I had heavy workloads or pressing deadlines that prevented me from participating.,No,,,,No,,,,,,Lack of Knowledge: I was unaware of the discounts available with these stakeholders.;Brands Not Attractive Enough: The brands offering discounts or perks don't appeal to my preferences or needs.;No Immediate Need: I don't have a current need for the products or services offered through the discounts and perks.,starbucks,No,"No Recognition or Incentives: I believe there’s no tangible reward for completing the course.;Lack of Interest: I don’t find the course engaging or relevant to my role.;Work Priorities: My primary responsibilities take precedence, and I don’t have the time or energy to get involved in the courses.",,,,,No,,,,,Lack of Interest: I don’t find the course engaging or relevant to my role.;Difficult Enrollment Process: I find signing up for the course is complicated;Lack of Communication: I was not aware of the internal courses available.,na,Neutral,Neutral,Neutral,Neutral,Neutral,Neutral,Neutral,Neutral,Neutral,Neutral,Neutral,Neutral,na
191,8/27/2026 7:30,8/27/2026 7:51,anónimo,,Team ALDO - Melvin,,,,,,,,,,,,,,,,,,,,,,,,No,,,,,No,,,,,na,Satisfied,Very Satisfied,Satisfied,Satisfied,Neutral,Very Satisfied,Very Satisfied,Very Satisfied,Satisfied,na,Haven't used this service,Haven't used this service,Haven't used this service,Haven't used this service,Haven't used this service,na,Satisfied,Dissatisfied,Dissatisfied,Neutral,Satisfied,Very Satisfied,Very Satisfied,Very Satisfied,Very Satisfied,Very Satisfied,Very Satisfied,Very Satisfied,Very Satisfied,Very Satisfied,Very Satisfied,Very Satisfied,Very Satisfied,Very Satisfied,Very Satisfied,Very Satisfied,Very Satisfied,Neutral,Very Satisfied,Very Satisfied,Very Satisfied,Very Satisfied,Very Satisfied,Very Satisfied,Yes,Satisfied,Satisfied,Satisfied,Satisfied,na,Very Satisfied,Very Satisfied,Very Satisfied,Very Satisfied,Very Satisfied,na,Yes,Satisfied,Satisfied,Satisfied,Satisfied,,Yes,Satisfied,Satisfied,Satisfied,Satisfied,,Yes,Satisfied,Satisfied,Satisfied,No,,,,,,Brands Not Attractive Enough: The brands offering discounts or perks don't appeal to my preferences or needs.;No Immediate Need: I don't have a current need for the products or services offered through the discounts and perks.;Forgetfulness: I simply forgot about the available discounts and perks.,na,No,"Work Priorities: My primary responsibilities take precedence, and I don’t have the time or energy to get involved in the courses.;Lack of Interest: I don’t find the course engaging or relevant to my role.",,,,,No,,,,,"Work Priorities: My primary responsibilities take precedence, and I don’t have the time or energy to get involved in the courses.",na,Very Satisfied,Very Satisfied,Very Satisfied,Very Satisfied,Very Satisfied,Very Satisfied,Very Satisfied,Very Satisfied,Satisfied,Satisfied,Satisfied,Satisfied,na 
192,8/27/2026 7:38,8/27/2026 8:00,anónimo,,Team ALDO - Melvin,,,,,,,,,,,,,,,,,,,,,,,,No,,,,,No,,,,,Keep doing a great job :),Very Satisfied,Very Satisfied,Very Satisfied,Very Satisfied,Very Satisfied,Very Satisfied,Very Satisfied,Very Satisfied,Very Satisfied,keep doing a great job :),Haven't used this service,Haven't used this service,Haven't used this service,Haven't used this service,Haven't used this service,no,Satisfied,Satisfied,Satisfied,Satisfied,Satisfied,Very Satisfied,Very Satisfied,Very Satisfied,Very Satisfied,Very Satisfied,Very Satisfied,Very Satisfied,Very Satisfied,Very Satisfied,Very Satisfied,Very Satisfied,Very Satisfied,Very Satisfied,Very Satisfied,Very Satisfied,Very Satisfied,Haven't used this service,Haven't used this service,Haven't used this service,Haven't used this service,Haven't used this service,Haven't used this service,Haven't used this service,Yes,Very Satisfied,Very Satisfied,Very Satisfied,Very Satisfied,Keep doing a great job :),Haven't used this service,Very Satisfied,Haven't used this service,Very Satisfied,Very Satisfied,Continue doing a great job :),No,,,,,Lack of Awareness: I was unaware of the engagement activities taking place during this time period.,Yes,Very Satisfied,Very Satisfied,Very Satisfied,Very Satisfied,,No,,,,No,,,,,,Brands Not Attractive Enough: The brands offering discounts or perks don't appeal to my preferences or needs.,More yoga workshops ,No,"Work Priorities: My primary responsibilities take precedence, and I don’t have the time or energy to get involved in the courses.;Lack of Communication: I was not aware of this benefit, so I was unable to participate.",,,,,Yes,Neutral,Neutral,Satisfied,Neutral,,.,Haven't used this service,Very Satisfied,Haven't used this service,Haven't used this service,Very Satisfied,Very Satisfied,Very Satisfied,Very Satisfied,Very Satisfied,Very Satisfied,Very Satisfied,Very Satisfied,.
193,8/27/2026 8:26,8/27/2026 8:47,anónimo,,Team ALDO - Melvin,,,,,,,,,,,,,,,,,,,,,,,,No,,,,,No,,,,,More visbility to the new positions available since this is only shared through email but that is not always enough,Very Satisfied,Very Satisfied,Very Satisfied,Very Satisfied,Satisfied,Satisfied,Very Satisfied,Very Satisfied,Neutral,"So far, the service provided is good, response time is very good and the service provided by each member of the team is great ",Satisfied,Dissatisfied,Neutral,Dissatisfied,Neutral,"Ramps get very slippery with the rain, making it a bit unsafe to transit while there's water on the floor. ",Satisfied,Satisfied,Neutral,Satisfied,Satisfied,Neutral,Satisfied,Satisfied,Satisfied,Satisfied,Neutral,Very Satisfied,Very Satisfied,Satisfied,Satisfied,Satisfied,Satisfied,Satisfied,Neutral,Satisfied,Neutral,Very Satisfied,Very Satisfied,Very Satisfied,Satisfied,Very Satisfied,Very Satisfied,Very Satisfied,Yes,Satisfied,Neutral,Neutral,Neutral,N.A,Very Satisfied,Satisfied,Satisfied,Very Satisfied,Very Satisfied,More visibility or reinforcement on ISR laws and calculations instead of assuming everyone should know.,No,,,,,Lack of Awareness: I was unaware of the engagement activities taking place during this time period.;Schedule conflicts: The timing of the activities did not align with my work schedule or personal commitments.;Workload and priorities: I had heavy workloads or pressing deadlines that prevented me from participating.,Yes,Satisfied,Satisfied,Satisfied,Satisfied,,Yes,Neutral,Neutral,Neutral,No,,,,,,Lack of Knowledge: I was unaware of the discounts available with these stakeholders.;Brands Not Attractive Enough: The brands offering discounts or perks don't appeal to my preferences or needs.,NA,No,"Work Priorities: My primary responsibilities take precedence, and I don’t have the time or energy to get involved in the courses.;No Recognition or Incentives: I believe there’s no tangible reward for completing the course.",,,,,No,,,,,"Work Priorities: My primary responsibilities take precedence, and I don’t have the time or energy to get involved in the courses.;Lack of Communication: I was not aware of the internal courses available.",More promotion and encouragement to participate,Very Satisfied,Very Satisfied,Very Satisfied,Very Satisfied,Very Satisfied,Very Satisfied,Very Satisfied,Very Satisfied,Very Satisfied,Very Satisfied,Very Satisfied,Very Satisfied,Great service
194,8/27/2026 9:21,8/27/2026 9:30,anónimo,,Management - HR,No,,,,,,,,,,,,,,,,,,,,,,,,,,,,,,,,,,Satisfied,Satisfied,Satisfied,Satisfied,Neutral,Satisfied,Satisfied,Satisfied,Satisfied,Mejorar los tiempos de respuesta o realizar una mejor reestruturacion en la asignacion de actividades del equipo ya que con las implementaciones de los nuevos clientes se dejan de lado procesos del dia a dia en ocasiones,Dissatisfied,Dissatisfied,Dissatisfied,Dissatisfied,Dissatisfied,"que la administracion del edificio proporcione un mejor acondicionamiento de la calidad del suelo ya que en la temporada de lluvias se vuelve complicado acceder a los distintos niveles, que se coloquen mas espejos en los cruces ya que solo hay en un lado de los niveles de subida on en todos",Dissatisfied,Dissatisfied,Satisfied,Satisfied,Satisfied,Very Satisfied,Very Satisfied,Very Satisfied,Very Satisfied,Very Satisfied,Very Satisfied,Very Satisfied,Very Satisfied,Very Satisfied,Very Satisfied,Very Satisfied,Very Satisfied,Very Satisfied,Very Satisfied,Very Satisfied,Very Satisfied,Very Dissatisfied,Very Dissatisfied,Satisfied,Satisfied,Satisfied,Satisfied,Satisfied,No,,,,,,Very Satisfied,Very Satisfied,Very Satisfied,Very Satisfied,Very Satisfied,sin comentarios,Yes,Very Satisfied,Very Satisfied,Very Satisfied,Very Satisfied,,No,,,,,"Transportation difficulties:  I had trouble finding reliable transportation during the event."";Schedule conflicts: The timing of the activities did not alingn with my work schedule or personal commitments.;Workload and priorities: I had heavy workloads or pressing deadlines that prevented me from participating.",No,,,,No,,,,,,No Immediate Need: I don't have a current need for the products or services offered through the discounts and perks.;Forgetfulness: I simply forgot about the available discounts and perks.;Brands Not Attractive Enough: The brands offering discounts or perks don't appeal to my preferences or needs.,que las actividades no se programen para dia viernes ya que usualmente es uno de los dias que el trafico se complica mas de lo usual,No,"Work Priorities: My primary responsibilities take precedence, and I don’t have the time or energy to get involved in the courses.;Lack of Interest: I don’t find the course engaging or relevant to my role.;No Recognition or Incentives: I believe there’s no tangible reward for completing the course.",,,,,No,,,,,"Work Priorities: My primary responsibilities take precedence, and I don’t have the time or energy to get involved in the courses.;Lack of Interest: I don’t find the course engaging or relevant to my role.;Difficult Enrollment Process: I find signing up for the course is complicated",Que se le asigne un presupuesto al area de desarrollo para que haya mas variedad y acceso a cursos y no se limite solo a lo del INCAF,Haven't used this service,Haven't used this service,Haven't used this service,Haven't used this service,Haven't used this service,Haven't used this service,Haven't used this service,Haven't used this service,Haven't used this service,Haven't used this service,Haven't used this service,Haven't used this service,N/A
